python3 tools/sound_assets.py build
python3 tools/font.py build --output build/graphics/fonts/font.nft
Built driver-referenced samples from WAV and JSON
python3 tools/build_assets.py
python3 tools/sprite_sources.py build --stem CHR
assets: 351 original, 0 changed; fixed ROM spans preserved
CC1     src/entity.c
AS      asm/code/code_0080C0.s
AS      asm/code/code_0000C0.s
asm/code/code_0080C0.s: Assembler messages:
asm/code/code_0080C0.s:17: Warning: section does not have enough alignment to ensure safe PC-relative loads
asm/code/code_0000C0.s: Assembler messages:
asm/code/code_0080C0.s:173: Warning: section does not have enough alignment to ensure safe PC-relative loads
asm/code/code_0080C0.s:202: Warning: section does not have enough alignment to ensure safe PC-relative loads
asm/code/code_0000C0.s:1230: Warning: section does not have enough alignment to ensure safe PC-relative loads
asm/code/code_0000C0.s:1234: Warning: section does not have enough alignment to ensure safe PC-relative loads
asm/code/code_0080C0.s:204: Warning: section does not have enough alignment to ensure safe PC-relative loads
asm/code/code_0080C0.s:214: Warning: section does not have enough alignment to ensure safe PC-relative loads
asm/code/code_0000C0.s:1251: Warning: section does not have enough alignment to ensure safe PC-relative loads
asm/code/code_0000C0.s:1256: Warning: section does not have enough alignment to ensure safe PC-relative loads
asm/code/code_0080C0.s:237: Warning: section does not have enough alignment to ensure safe PC-relative loads
asm/code/code_0080C0.s:247: Warning: section does not have enough alignment to ensure safe PC-relative loads
asm/code/code_0000C0.s:1258: Warning: section does not have enough alignment to ensure safe PC-relative loads
asm/code/code_0000C0.s:1268: Warning: section does not have enough alignment to ensure safe PC-relative loads
asm/code/code_0080C0.s:257: Warning: section does not have enough alignment to ensure safe PC-relative loads
asm/code/code_0080C0.s:314: Warning: section does not have enough alignment to ensure safe PC-relative loads
asm/code/code_0000C0.s:1272: Warning: section does not have enough alignment to ensure safe PC-relative loads
asm/code/code_0000C0.s:1296: Warning: section does not have enough alignment to ensure safe PC-relative loads
asm/code/code_0080C0.s:316: Warning: section does not have enough alignment to ensure safe PC-relative loads
asm/code/code_0080C0.s:319: Warning: section does not have enough alignment to ensure safe PC-relative loads
asm/code/code_0000C0.s:1310: Warning: section does not have enough alignment to ensure safe PC-relative loads
asm/code/code_0000C0.s:1316: Warning: section does not have enough alignment to ensure safe PC-relative loads
asm/code/code_0080C0.s:321: Warning: section does not have enough alignment to ensure safe PC-relative loads
asm/code/code_0080C0.s:347: Warning: section does not have enough alignment to ensure safe PC-relative loads
asm/code/code_0000C0.s:1317: Warning: section does not have enough alignment to ensure safe PC-relative loads
asm/code/code_0000C0.s:1326: Warning: section does not have enough alignment to ensure safe PC-relative loads
asm/code/code_0080C0.s:351: Warning: section does not have enough alignment to ensure safe PC-relative loads
asm/code/code_0080C0.s:353: Warning: section does not have enough alignment to ensure safe PC-relative loads
asm/code/code_0000C0.s:1333: Warning: section does not have enough alignment to ensure safe PC-relative loads
asm/code/code_0000C0.s:1441: Warning: section does not have enough alignment to ensure safe PC-relative loads
asm/code/code_0080C0.s:397: Warning: section does not have enough alignment to ensure safe PC-relative loads
asm/code/code_0080C0.s:408: Warning: section does not have enough alignment to ensure safe PC-relative loads
asm/code/code_0000C0.s:1467: Warning: section does not have enough alignment to ensure safe PC-relative loads
asm/code/code_0000C0.s:1470: Warning: section does not have enough alignment to ensure safe PC-relative loads
asm/code/code_0080C0.s:450: Warning: section does not have enough alignment to ensure safe PC-relative loads
asm/code/code_0080C0.s:451: Warning: section does not have enough alignment to ensure safe PC-relative loads
asm/code/code_0000C0.s:1497: Warning: section does not have enough alignment to ensure safe PC-relative loads
asm/code/code_0000C0.s:1552: Warning: section does not have enough alignment to ensure safe PC-relative loads
asm/code/code_0080C0.s:454: Warning: section does not have enough alignment to ensure safe PC-relative loads
asm/code/code_0080C0.s:637: Warning: section does not have enough alignment to ensure safe PC-relative loads
asm/code/code_0000C0.s:1553: Warning: section does not have enough alignment to ensure safe PC-relative loads
asm/code/code_0000C0.s:1560: Warning: section does not have enough alignment to ensure safe PC-relative loads
asm/code/code_0080C0.s:638: Warning: section does not have enough alignment to ensure safe PC-relative loads
asm/code/code_0080C0.s:641: Warning: section does not have enough alignment to ensure safe PC-relative loads
asm/code/code_0000C0.s:1562: Warning: section does not have enough alignment to ensure safe PC-relative loads
asm/code/code_0000C0.s:1568: Warning: section does not have enough alignment to ensure safe PC-relative loads
asm/code/code_0080C0.s:760: Warning: section does not have enough alignment to ensure safe PC-relative loads
asm/code/code_0000C0.s:1592: Warning: section does not have enough alignment to ensure safe PC-relative loads
asm/code/code_0000C0.s:1595: Warning: section does not have enough alignment to ensure safe PC-relative loads
asm/code/code_0080C0.s:775: Warning: section does not have enough alignment to ensure safe PC-relative loads
asm/code/code_0080C0.s:794: Warning: section does not have enough alignment to ensure safe PC-relative loads
src/entity.c:13: warning: asm/code/code_0000C0.s:1623: Warning: section does not have enough alignment to ensure safe PC-relative loads
asm/code/code_0000C0.s:1624: Warning: section does not have enough alignment to ensure safe PC-relative loads
asm/code/code_0080C0.s:802: Warning: section does not have enough alignment to ensure safe PC-relative loads
asm/code/code_0080C0.s:830: Warning: section does not have enough alignment to ensure safe PC-relative loads
`used' attribute directive ignored
asm/code/code_0000C0.s:1625: Warning: section does not have enough alignment to ensure safe PC-relative loads
asm/code/code_0000C0.s:1630: Warning: section does not have enough alignment to ensure safe PC-relative loads
asm/code/code_0080C0.s:832: Warning: section does not have enough alignment to ensure safe PC-relative loads
asm/code/code_0080C0.s:834: Warning: section does not have enough alignment to ensure safe PC-relative loads
asm/code/code_0000C0.s:1655: Warning: section does not have enough alignment to ensure safe PC-relative loads
asm/code/code_0000C0.s:1667: Warning: section does not have enough alignment to ensure safe PC-relative loads
asm/code/code_0080C0.s:857: Warning: section does not have enough alignment to ensure safe PC-relative loads
asm/code/code_0080C0.s:859: Warning: section does not have enough alignment to ensure safe PC-relative loads
asm/code/code_0000C0.s:1679: Warning: section does not have enough alignment to ensure safe PC-relative loads
asm/code/code_0000C0.s:1691: Warning: section does not have enough alignment to ensure safe PC-relative loads
asm/code/code_0080C0.s:868: Warning: section does not have enough alignment to ensure safe PC-relative loads
asm/code/code_0080C0.s:873: Warning: section does not have enough alignment to ensure safe PC-relative loads
asm/code/code_0000C0.s:1703: Warning: section does not have enough alignment to ensure safe PC-relative loads
src/entity.c:18: warning: asm/code/code_0080C0.s:914: Warning: section does not have enough alignment to ensure safe PC-relative loads
asm/code/code_0080C0.s:920: Warning: section does not have enough alignment to ensure safe PC-relative loads
asm/code/code_0000C0.s:1708: Warning: section does not have enough alignment to ensure safe PC-relative loads
asm/code/code_0000C0.s:1713: Warning: section does not have enough alignment to ensure safe PC-relative loads
`used' attribute directive ignored
asm/code/code_0080C0.s:1018: Warning: section does not have enough alignment to ensure safe PC-relative loads
asm/code/code_0000C0.s:1721: Warning: section does not have enough alignment to ensure safe PC-relative loads
asm/code/code_0000C0.s:1732: Warning: section does not have enough alignment to ensure safe PC-relative loads
src/entity.c:23: warning: asm/code/code_0080C0.s:1141: Warning: section does not have enough alignment to ensure safe PC-relative loads
asm/code/code_0080C0.s:1234: Warning: section does not have enough alignment to ensure safe PC-relative loads
asm/code/code_0000C0.s:1799: Warning: section does not have enough alignment to ensure safe PC-relative loads
asm/code/code_0000C0.s:1893: Warning: section does not have enough alignment to ensure safe PC-relative loads
`used' attribute directive ignoredasm/code/code_0080C0.s:1245: Warning: section does not have enough alignment to ensure safe PC-relative loads
asm/code/code_0000C0.s:1896: Warning: section does not have enough alignment to ensure safe PC-relative loads

asm/code/code_0080C0.s:1308: Warning: section does not have enough alignment to ensure safe PC-relative loads
asm/code/code_0080C0.s:1365: Warning: section does not have enough alignment to ensure safe PC-relative loads
asm/code/code_0000C0.s:1918: Warning: section does not have enough alignment to ensure safe PC-relative loads
asm/code/code_0000C0.s:1921: Warning: section does not have enough alignment to ensure safe PC-relative loads
src/entity.c:28: warning: asm/code/code_0080C0.s:1418: Warning: section does not have enough alignment to ensure safe PC-relative loads
asm/code/code_0000C0.s:1944: Warning: section does not have enough alignment to ensure safe PC-relative loads
asm/code/code_0000C0.s:1947: Warning: section does not have enough alignment to ensure safe PC-relative loads
`used' attribute directive ignored
asm/code/code_0080C0.s:1426: Warning: section does not have enough alignment to ensure safe PC-relative loads
asm/code/code_0080C0.s:1427: Warning: section does not have enough alignment to ensure safe PC-relative loads
asm/code/code_0000C0.s:1978: Warning: section does not have enough alignment to ensure safe PC-relative loads
asm/code/code_0000C0.s:1981: Warning: section does not have enough alignment to ensure safe PC-relative loads
src/entity.c:44: warning: asm/code/code_0080C0.s:1431: Warning: section does not have enough alignment to ensure safe PC-relative loads
asm/code/code_0080C0.s:1570: Warning: section does not have enough alignment to ensure safe PC-relative loads
asm/code/code_0000C0.s:2018: Warning: section does not have enough alignment to ensure safe PC-relative loads
asm/code/code_0000C0.s:2021: Warning: section does not have enough alignment to ensure safe PC-relative loads
`used' attribute directive ignored
asm/code/code_0080C0.s:1605: Warning: section does not have enough alignment to ensure safe PC-relative loads
asm/code/code_0080C0.s:1703: Warning: section does not have enough alignment to ensure safe PC-relative loads
asm/code/code_0000C0.s:2043: Warning: section does not have enough alignment to ensure safe PC-relative loads
asm/code/code_0000C0.s:2046: Warning: section does not have enough alignment to ensure safe PC-relative loads
asm/code/code_0080C0.s:1717: Warning: section does not have enough alignment to ensure safe PC-relative loads
asm/code/code_0080C0.s:1731: Warning: section does not have enough alignment to ensure safe PC-relative loads
src/entity.c:49: warning: asm/code/code_0000C0.s:2072: Warning: section does not have enough alignment to ensure safe PC-relative loads
asm/code/code_0000C0.s:2075: Warning: section does not have enough alignment to ensure safe PC-relative loads
asm/code/code_0080C0.s:1733: Warning: section does not have enough alignment to ensure safe PC-relative loads
`used' attribute directive ignored
asm/code/code_0000C0.s:2113: Warning: section does not have enough alignment to ensure safe PC-relative loads
asm/code/code_0000C0.s:2116: Warning: section does not have enough alignment to ensure safe PC-relative loads
asm/code/code_0080C0.s:1737: Warning: section does not have enough alignment to ensure safe PC-relative loads
asm/code/code_0080C0.s:1751: Warning: section does not have enough alignment to ensure safe PC-relative loads
src/entity.c:55: warning: asm/code/code_0000C0.s:2123: Warning: section does not have enough alignment to ensure safe PC-relative loads
asm/code/code_0000C0.s:2130: Warning: section does not have enough alignment to ensure safe PC-relative loads
asm/code/code_0080C0.s:1760: Warning: section does not have enough alignment to ensure safe PC-relative loads
asm/code/code_0080C0.s:1787: Warning: section does not have enough alignment to ensure safe PC-relative loads
`used' attribute directive ignored
asm/code/code_0000C0.s:2160: Warning: section does not have enough alignment to ensure safe PC-relative loads
asm/code/code_0000C0.s:2163: Warning: section does not have enough alignment to ensure safe PC-relative loads
asm/code/code_0080C0.s:1802: Warning: section does not have enough alignment to ensure safe PC-relative loads
asm/code/code_0000C0.s:2170: Warning: section does not have enough alignment to ensure safe PC-relative loads
asm/code/code_0000C0.s:2171: Warning: section does not have enough alignment to ensure safe PC-relative loads
asm/code/code_0080C0.s:1820: Warning: section does not have enough alignment to ensure safe PC-relative loads
asm/code/code_0080C0.s:1824: Warning: section does not have enough alignment to ensure safe PC-relative loads
asm/code/code_0000C0.s:2176: Warning: section does not have enough alignment to ensure safe PC-relative loads
asm/code/code_0080C0.s:1903: Warning: section does not have enough alignment to ensure safe PC-relative loads
asm/code/code_0080C0.s:1907: Warning: section does not have enough alignment to ensure safe PC-relative loads
asm/code/code_0000C0.s:2204: Warning: section does not have enough alignment to ensure safe PC-relative loads
asm/code/code_0000C0.s:2211: Warning: section does not have enough alignment to ensure safe PC-relative loads
asm/code/code_0080C0.s:1912: Warning: section does not have enough alignment to ensure safe PC-relative loads
asm/code/code_0000C0.s:2229: Warning: section does not have enough alignment to ensure safe PC-relative loads
asm/code/code_0000C0.s:2231: Warning: section does not have enough alignment to ensure safe PC-relative loads
asm/code/code_0080C0.s:1942: Warning: section does not have enough alignment to ensure safe PC-relative loads
asm/code/code_0080C0.s:1963: Warning: section does not have enough alignment to ensure safe PC-relative loads
asm/code/code_0000C0.s:2285: Warning: section does not have enough alignment to ensure safe PC-relative loads
asm/code/code_0080C0.s:1980: Warning: section does not have enough alignment to ensure safe PC-relative loads
asm/code/code_0000C0.s:2286: Warning: section does not have enough alignment to ensure safe PC-relative loads
asm/code/code_0000C0.s:2326: Warning: section does not have enough alignment to ensure safe PC-relative loads
asm/code/code_0080C0.s:2000: Warning: section does not have enough alignment to ensure safe PC-relative loads
asm/code/code_0080C0.s:2010: Warning: section does not have enough alignment to ensure safe PC-relative loads
asm/code/code_0000C0.s:2331: Warning: section does not have enough alignment to ensure safe PC-relative loads
asm/code/code_0080C0.s:2026: Warning: section does not have enough alignment to ensure safe PC-relative loads
asm/code/code_0080C0.s:2030: Warning: section does not have enough alignment to ensure safe PC-relative loads
asm/code/code_0000C0.s:2332: Warning: section does not have enough alignment to ensure safe PC-relative loads
asm/code/code_0000C0.s:2336: Warning: section does not have enough alignment to ensure safe PC-relative loads
asm/code/code_0080C0.s:2093: Warning: section does not have enough alignment to ensure safe PC-relative loads
asm/code/code_0080C0.s:2103: Warning: section does not have enough alignment to ensure safe PC-relative loads
asm/code/code_0000C0.s:2338: Warning: section does not have enough alignment to ensure safe PC-relative loads
asm/code/code_0000C0.s:2346: Warning: section does not have enough alignment to ensure safe PC-relative loads
asm/code/code_0080C0.s:2124: Warning: section does not have enough alignment to ensure safe PC-relative loads
asm/code/code_0080C0.s:2128: Warning: section does not have enough alignment to ensure safe PC-relative loads
asm/code/code_0000C0.s:2356: Warning: section does not have enough alignment to ensure safe PC-relative loads
asm/code/code_0000C0.s:2366: Warning: section does not have enough alignment to ensure safe PC-relative loads
asm/code/code_0080C0.s:2209: Warning: section does not have enough alignment to ensure safe PC-relative loads
asm/code/code_0080C0.s:2211: Warning: section does not have enough alignment to ensure safe PC-relative loads
asm/code/code_0000C0.s:2375: Warning: section does not have enough alignment to ensure safe PC-relative loads
asm/code/code_0000C0.s:2383: Warning: section does not have enough alignment to ensure safe PC-relative loads
asm/code/code_0080C0.s:2226: Warning: section does not have enough alignment to ensure safe PC-relative loads
asm/code/code_0080C0.s:2228: Warning: section does not have enough alignment to ensure safe PC-relative loads
asm/code/code_0000C0.s:2392: Warning: section does not have enough alignment to ensure safe PC-relative loads
asm/code/code_0080C0.s:2243: Warning: section does not have enough alignment to ensure safe PC-relative loads
asm/code/code_0080C0.s:2245: Warning: section does not have enough alignment to ensure safe PC-relative loads
asm/code/code_0000C0.s:2402: Warning: section does not have enough alignment to ensure safe PC-relative loads
asm/code/code_0000C0.s:2405: Warning: section does not have enough alignment to ensure safe PC-relative loads
asm/code/code_0080C0.s:2260: Warning: section does not have enough alignment to ensure safe PC-relative loads
asm/code/code_0080C0.s:2262: Warning: section does not have enough alignment to ensure safe PC-relative loads
asm/code/code_0000C0.s:2411: Warning: section does not have enough alignment to ensure safe PC-relative loads
asm/code/code_0000C0.s:2415: Warning: section does not have enough alignment to ensure safe PC-relative loads
asm/code/code_0080C0.s:2277: Warning: section does not have enough alignment to ensure safe PC-relative loads
asm/code/code_0080C0.s:2279: Warning: section does not have enough alignment to ensure safe PC-relative loads
AS      asm/code/code_0100C0.s
asm/code/code_0000C0.s:2418: Warning: section does not have enough alignment to ensure safe PC-relative loads
asm/code/code_0000C0.s:2424: Warning: section does not have enough alignment to ensure safe PC-relative loads
asm/code/code_0080C0.s:2301: Warning: section does not have enough alignment to ensure safe PC-relative loads
asm/code/code_0080C0.s:2307: Warning: section does not have enough alignment to ensure safe PC-relative loads
asm/code/code_0000C0.s:2430: Warning: section does not have enough alignment to ensure safe PC-relative loads
asm/code/code_0080C0.s:2321: Warning: section does not have enough alignment to ensure safe PC-relative loads
asm/code/code_0080C0.s:2327: Warning: section does not have enough alignment to ensure safe PC-relative loads
asm/code/code_0000C0.s:2439: Warning: section does not have enough alignment to ensure safe PC-relative loads
asm/code/code_0000C0.s:2468: Warning: section does not have enough alignment to ensure safe PC-relative loads
asm/code/code_0080C0.s:2383: Warning: section does not have enough alignment to ensure safe PC-relative loads
asm/code/code_0080C0.s:2389: Warning: section does not have enough alignment to ensure safe PC-relative loads
asm/code/code_0000C0.s:2469: Warning: section does not have enough alignment to ensure safe PC-relative loads
asm/code/code_0000C0.s:2470: Warning: section does not have enough alignment to ensure safe PC-relative loads
asm/code/code_0080C0.s:2401: Warning: section does not have enough alignment to ensure safe PC-relative loads
asm/code/code_0080C0.s:2421: Warning: section does not have enough alignment to ensure safe PC-relative loads
asm/code/code_0000C0.s:2485: Warning: section does not have enough alignment to ensure safe PC-relative loads
asm/code/code_0000C0.s:2487: Warning: section does not have enough alignment to ensure safe PC-relative loads
asm/code/code_0080C0.s:2439: Warning: section does not have enough alignment to ensure safe PC-relative loads
asm/code/code_0080C0.s:2458: Warning: section does not have enough alignment to ensure safe PC-relative loads
asm/code/code_0000C0.s:2493: Warning: section does not have enough alignment to ensure safe PC-relative loads
asm/code/code_0000C0.s:2495: Warning: section does not have enough alignment to ensure safe PC-relative loads
asm/code/code_0080C0.s:2470: Warning: section does not have enough alignment to ensure safe PC-relative loads
asm/code/code_0080C0.s:2488: Warning: section does not have enough alignment to ensure safe PC-relative loads
asm/code/code_0000C0.s:2502: Warning: section does not have enough alignment to ensure safe PC-relative loads
asm/code/code_0080C0.s:2501: Warning: section does not have enough alignment to ensure safe PC-relative loads
asm/code/code_0080C0.s:2513: Warning: section does not have enough alignment to ensure safe PC-relative loads
asm/code/code_0000C0.s:2507: Warning: section does not have enough alignment to ensure safe PC-relative loads
asm/code/code_0000C0.s:2512: Warning: section does not have enough alignment to ensure safe PC-relative loads
asm/code/code_0080C0.s:2590: Warning: section does not have enough alignment to ensure safe PC-relative loads
asm/code/code_0080C0.s:2612: Warning: section does not have enough alignment to ensure safe PC-relative loads
asm/code/code_0000C0.s:2517: Warning: section does not have enough alignment to ensure safe PC-relative loads
asm/code/code_0000C0.s:2519: Warning: section does not have enough alignment to ensure safe PC-relative loads
asm/code/code_0080C0.s:2635: Warning: section does not have enough alignment to ensure safe PC-relative loads
asm/code/code_0080C0.s:2661: Warning: section does not have enough alignment to ensure safe PC-relative loads
asm/code/code_0000C0.s:2534: Warning: section does not have enough alignment to ensure safe PC-relative loads
asm/code/code_0000C0.s:2541: Warning: section does not have enough alignment to ensure safe PC-relative loads
asm/code/code_0080C0.s:2812: Warning: section does not have enough alignment to ensure safe PC-relative loads
asm/code/code_0080C0.s:2835: Warning: section does not have enough alignment to ensure safe PC-relative loads
asm/code/code_0000C0.s:2544: Warning: section does not have enough alignment to ensure safe PC-relative loads
asm/code/code_0000C0.s:2550: Warning: section does not have enough alignment to ensure safe PC-relative loads
asm/code/code_0080C0.s:2864: Warning: section does not have enough alignment to ensure safe PC-relative loads
asm/code/code_0100C0.s: asm/code/code_0000C0.s:2552: Warning: section does not have enough alignment to ensure safe PC-relative loads
asm/code/code_0000C0.s:2553: Warning: section does not have enough alignment to ensure safe PC-relative loads
asm/code/code_0080C0.s:2886: Warning: section does not have enough alignment to ensure safe PC-relative loads
asm/code/code_0080C0.s:2915: Warning: section does not have enough alignment to ensure safe PC-relative loads
Assembler messages:
asm/code/code_0100C0.s:15: Warning: section does not have enough alignment to ensure safe PC-relative loads
asm/code/code_0000C0.s:2557: Warning: section does not have enough alignment to ensure safe PC-relative loads
asm/code/code_0080C0.s:2938: Warning: section does not have enough alignment to ensure safe PC-relative loads
asm/code/code_0080C0.s:2941: Warning: section does not have enough alignment to ensure safe PC-relative loads
asm/code/code_0100C0.s:49: Warning: section does not have enough alignment to ensure safe PC-relative loads
asm/code/code_0100C0.s:137: Warning: section does not have enough alignment to ensure safe PC-relative loads
asm/code/code_0000C0.s:2563: Warning: section does not have enough alignment to ensure safe PC-relative loads
asm/code/code_0000C0.s:2565: Warning: section does not have enough alignment to ensure safe PC-relative loads
asm/code/code_0080C0.s:2964: Warning: section does not have enough alignment to ensure safe PC-relative loads
asm/code/code_0080C0.s:3016: Warning: section does not have enough alignment to ensure safe PC-relative loads
asm/code/code_0100C0.s:152: Warning: section does not have enough alignment to ensure safe PC-relative loads
asm/code/code_0100C0.s:233: Warning: section does not have enough alignment to ensure safe PC-relative loads
asm/code/code_0000C0.s:2566: Warning: section does not have enough alignment to ensure safe PC-relative loads
asm/code/code_0000C0.s:2570: Warning: section does not have enough alignment to ensure safe PC-relative loads
asm/code/code_0080C0.s:3109: Warning: section does not have enough alignment to ensure safe PC-relative loads
asm/code/code_0080C0.s:3130: Warning: section does not have enough alignment to ensure safe PC-relative loads
asm/code/code_0100C0.s:313: Warning: section does not have enough alignment to ensure safe PC-relative loads
asm/code/code_0100C0.s:379: Warning: section does not have enough alignment to ensure safe PC-relative loads
asm/code/code_0000C0.s:2578: Warning: section does not have enough alignment to ensure safe PC-relative loads
asm/code/code_0000C0.s:2580: Warning: section does not have enough alignment to ensure safe PC-relative loads
asm/code/code_0080C0.s:3151: Warning: section does not have enough alignment to ensure safe PC-relative loads
asm/code/code_0080C0.s:3172: Warning: section does not have enough alignment to ensure safe PC-relative loads
asm/code/code_0100C0.s:396: Warning: section does not have enough alignment to ensure safe PC-relative loads
asm/code/code_0100C0.s:470: Warning: section does not have enough alignment to ensure safe PC-relative loads
asm/code/code_0000C0.s:2583: Warning: section does not have enough alignment to ensure safe PC-relative loads
asm/code/code_0000C0.s:2588: Warning: section does not have enough alignment to ensure safe PC-relative loads
asm/code/code_0080C0.s:3207: Warning: section does not have enough alignment to ensure safe PC-relative loads
asm/code/code_0080C0.s:3236: Warning: section does not have enough alignment to ensure safe PC-relative loads
asm/code/code_0100C0.s:526: Warning: section does not have enough alignment to ensure safe PC-relative loads
asm/code/code_0100C0.s:529: Warning: section does not have enough alignment to ensure safe PC-relative loads
asm/code/code_0000C0.s:2591: Warning: section does not have enough alignment to ensure safe PC-relative loads
asm/code/code_0000C0.s:2599: Warning: section does not have enough alignment to ensure safe PC-relative loads
asm/code/code_0080C0.s:3258: Warning: section does not have enough alignment to ensure safe PC-relative loads
asm/code/code_0080C0.s:3271: Warning: section does not have enough alignment to ensure safe PC-relative loads
asm/code/code_0100C0.s:649: Warning: section does not have enough alignment to ensure safe PC-relative loads
asm/code/code_0100C0.s:650: Warning: section does not have enough alignment to ensure safe PC-relative loads
asm/code/code_0000C0.s:2601: Warning: section does not have enough alignment to ensure safe PC-relative loads
asm/code/code_0080C0.s:3291: Warning: section does not have enough alignment to ensure safe PC-relative loads
asm/code/code_0080C0.s:3318: Warning: section does not have enough alignment to ensure safe PC-relative loads
asm/code/code_0100C0.s:669: Warning: section does not have enough alignment to ensure safe PC-relative loads
asm/code/code_0100C0.s:670: Warning: section does not have enough alignment to ensure safe PC-relative loads
asm/code/code_0000C0.s:2603: Warning: section does not have enough alignment to ensure safe PC-relative loads
asm/code/code_0000C0.s:2607: Warning: section does not have enough alignment to ensure safe PC-relative loads
asm/code/code_0080C0.s:3324: Warning: section does not have enough alignment to ensure safe PC-relative loads
asm/code/code_0080C0.s:3342: Warning: section does not have enough alignment to ensure safe PC-relative loads
asm/code/code_0100C0.s:720: Warning: section does not have enough alignment to ensure safe PC-relative loads
asm/code/code_0100C0.s:721: Warning: section does not have enough alignment to ensure safe PC-relative loads
asm/code/code_0000C0.s:2610: Warning: section does not have enough alignment to ensure safe PC-relative loads
asm/code/code_0080C0.s:3348: Warning: section does not have enough alignment to ensure safe PC-relative loads
asm/code/code_0080C0.s:3363: Warning: section does not have enough alignment to ensure safe PC-relative loads
asm/code/code_0100C0.s:743: Warning: section does not have enough alignment to ensure safe PC-relative loads
asm/code/code_0100C0.s:744: Warning: section does not have enough alignment to ensure safe PC-relative loads
asm/code/code_0000C0.s:2612: Warning: section does not have enough alignment to ensure safe PC-relative loads
asm/code/code_0000C0.s:2787: Warning: section does not have enough alignment to ensure safe PC-relative loads
asm/code/code_0080C0.s:3382: Warning: section does not have enough alignment to ensure safe PC-relative loads
asm/code/code_0080C0.s:3400: Warning: section does not have enough alignment to ensure safe PC-relative loads
asm/code/code_0100C0.s:768: Warning: section does not have enough alignment to ensure safe PC-relative loads
asm/code/code_0100C0.s:771: Warning: section does not have enough alignment to ensure safe PC-relative loads
asm/code/code_0000C0.s:2788: Warning: section does not have enough alignment to ensure safe PC-relative loads
asm/code/code_0000C0.s:2805: Warning: section does not have enough alignment to ensure safe PC-relative loads
asm/code/code_0080C0.s:3498: Warning: section does not have enough alignment to ensure safe PC-relative loads
asm/code/code_0100C0.s:901: Warning: section does not have enough alignment to ensure safe PC-relative loads
asm/code/code_0100C0.s:905: Warning: section does not have enough alignment to ensure safe PC-relative loads
asm/code/code_0000C0.s:2806: Warning: section does not have enough alignment to ensure safe PC-relative loads
asm/code/code_0000C0.s:2829: Warning: section does not have enough alignment to ensure safe PC-relative loads
asm/code/code_0080C0.s:3528: Warning: section does not have enough alignment to ensure safe PC-relative loads
asm/code/code_0080C0.s:3530: Warning: section does not have enough alignment to ensure safe PC-relative loads
asm/code/code_0100C0.s:1025: Warning: section does not have enough alignment to ensure safe PC-relative loads
asm/code/code_0100C0.s:1131: Warning: section does not have enough alignment to ensure safe PC-relative loads
asm/code/code_0000C0.s:2832: Warning: section does not have enough alignment to ensure safe PC-relative loads
asm/code/code_0000C0.s:2833: Warning: section does not have enough alignment to ensure safe PC-relative loads
asm/code/code_0080C0.s:3545: Warning: section does not have enough alignment to ensure safe PC-relative loads
asm/code/code_0080C0.s:3547: Warning: section does not have enough alignment to ensure safe PC-relative loads
asm/code/code_0100C0.s:1134: Warning: section does not have enough alignment to ensure safe PC-relative loads
asm/code/code_0100C0.s:1231: Warning: section does not have enough alignment to ensure safe PC-relative loads
asm/code/code_0000C0.s:2839: Warning: section does not have enough alignment to ensure safe PC-relative loads
asm/code/code_0080C0.s:3564: Warning: section does not have enough alignment to ensure safe PC-relative loads
asm/code/code_0080C0.s:3566: Warning: section does not have enough alignment to ensure safe PC-relative loads
asm/code/code_0100C0.s:1234: Warning: section does not have enough alignment to ensure safe PC-relative loads
asm/code/code_0000C0.s:2842: Warning: section does not have enough alignment to ensure safe PC-relative loads
asm/code/code_0000C0.s:2844: Warning: section does not have enough alignment to ensure safe PC-relative loads
asm/code/code_0080C0.s:3581: Warning: section does not have enough alignment to ensure safe PC-relative loads
asm/code/code_0080C0.s:3583: Warning: section does not have enough alignment to ensure safe PC-relative loads
asm/code/code_0100C0.s:1353: Warning: section does not have enough alignment to ensure safe PC-relative loads
asm/code/code_0100C0.s:1356: Warning: section does not have enough alignment to ensure safe PC-relative loads
asm/code/code_0000C0.s:2871: Warning: section does not have enough alignment to ensure safe PC-relative loads
asm/code/code_0000C0.s:2874: Warning: section does not have enough alignment to ensure safe PC-relative loads
asm/code/code_0080C0.s:3600: Warning: section does not have enough alignment to ensure safe PC-relative loads
asm/code/code_0080C0.s:3617: Warning: section does not have enough alignment to ensure safe PC-relative loads
asm/code/code_0100C0.s:1559: Warning: section does not have enough alignment to ensure safe PC-relative loads
asm/code/code_0100C0.s:1562: Warning: section does not have enough alignment to ensure safe PC-relative loads
asm/code/code_0000C0.s:2876: Warning: section does not have enough alignment to ensure safe PC-relative loads
asm/code/code_0080C0.s:3703: Warning: section does not have enough alignment to ensure safe PC-relative loads
asm/code/code_0080C0.s:3872: Warning: section does not have enough alignment to ensure safe PC-relative loads
asm/code/code_0100C0.s:1647: Warning: section does not have enough alignment to ensure safe PC-relative loads
asm/code/code_0100C0.s:1688: Warning: section does not have enough alignment to ensure safe PC-relative loads
asm/code/code_0000C0.s:2878: Warning: section does not have enough alignment to ensure safe PC-relative loads
asm/code/code_0000C0.s:2883: Warning: section does not have enough alignment to ensure safe PC-relative loads
asm/code/code_0080C0.s:3900: Warning: section does not have enough alignment to ensure safe PC-relative loads
asm/code/code_0100C0.s:1722: Warning: section does not have enough alignment to ensure safe PC-relative loads
asm/code/code_0000C0.s:2916: Warning: section does not have enough alignment to ensure safe PC-relative loads
asm/code/code_0000C0.s:2921: Warning: section does not have enough alignment to ensure safe PC-relative loads
asm/code/code_0080C0.s:3909: Warning: section does not have enough alignment to ensure safe PC-relative loads
asm/code/code_0080C0.s:3926: Warning: section does not have enough alignment to ensure safe PC-relative loads
asm/code/code_0100C0.s:1825: Warning: section does not have enough alignment to ensure safe PC-relative loads
asm/code/code_0100C0.s:1840: Warning: section does not have enough alignment to ensure safe PC-relative loads
asm/code/code_0000C0.s:2927: Warning: section does not have enough alignment to ensure safe PC-relative loads
asm/code/code_0000C0.s:2929: Warning: section does not have enough alignment to ensure safe PC-relative loads
asm/code/code_0080C0.s:3935: Warning: section does not have enough alignment to ensure safe PC-relative loads
asm/code/code_0080C0.s:3958: Warning: section does not have enough alignment to ensure safe PC-relative loads
asm/code/code_0100C0.s:2046: Warning: section does not have enough alignment to ensure safe PC-relative loads
asm/code/code_0100C0.s:2078: Warning: section does not have enough alignment to ensure safe PC-relative loads
asm/code/code_0000C0.s:2932: Warning: section does not have enough alignment to ensure safe PC-relative loads
asm/code/code_0000C0.s:2934: Warning: section does not have enough alignment to ensure safe PC-relative loads
asm/code/code_0080C0.s:3967: Warning: section does not have enough alignment to ensure safe PC-relative loads
asm/code/code_0080C0.s:3984: Warning: section does not have enough alignment to ensure safe PC-relative loads
asm/code/code_0100C0.s:2081: Warning: section does not have enough alignment to ensure safe PC-relative loads
asm/code/code_0000C0.s:2961: Warning: section does not have enough alignment to ensure safe PC-relative loads
asm/code/code_0000C0.s:2963: Warning: section does not have enough alignment to ensure safe PC-relative loads
asm/code/code_0080C0.s:3998: Warning: section does not have enough alignment to ensure safe PC-relative loads
asm/code/code_0080C0.s:4015: Warning: section does not have enough alignment to ensure safe PC-relative loads
asm/code/code_0100C0.s:2142: Warning: section does not have enough alignment to ensure safe PC-relative loads
asm/code/code_0100C0.s:2208: Warning: section does not have enough alignment to ensure safe PC-relative loads
asm/code/code_0000C0.s:2981: Warning: section does not have enough alignment to ensure safe PC-relative loads
asm/code/code_0000C0.s:2983: Warning: section does not have enough alignment to ensure safe PC-relative loads
asm/code/code_0080C0.s:4024: Warning: section does not have enough alignment to ensure safe PC-relative loads
asm/code/code_0080C0.s:4041: Warning: section does not have enough alignment to ensure safe PC-relative loads
asm/code/code_0100C0.s:2225: Warning: section does not have enough alignment to ensure safe PC-relative loads
asm/code/code_0100C0.s:2352: Warning: section does not have enough alignment to ensure safe PC-relative loads
asm/code/code_0000C0.s:3054: Warning: section does not have enough alignment to ensure safe PC-relative loads
asm/code/code_0000C0.s:3055: Warning: section does not have enough alignment to ensure safe PC-relative loads
asm/code/code_0080C0.s:4050: Warning: section does not have enough alignment to ensure safe PC-relative loads
asm/code/code_0080C0.s:4067: Warning: section does not have enough alignment to ensure safe PC-relative loads
asm/code/code_0100C0.s:2394: Warning: section does not have enough alignment to ensure safe PC-relative loads
asm/code/code_0000C0.s:3058: Warning: section does not have enough alignment to ensure safe PC-relative loads
asm/code/code_0000C0.s:3063: Warning: section does not have enough alignment to ensure safe PC-relative loads
asm/code/code_0080C0.s:4078: Warning: section does not have enough alignment to ensure safe PC-relative loads
asm/code/code_0100C0.s:2397: Warning: section does not have enough alignment to ensure safe PC-relative loads
asm/code/code_0100C0.s:2533: Warning: section does not have enough alignment to ensure safe PC-relative loads
asm/code/code_0000C0.s:3064: Warning: section does not have enough alignment to ensure safe PC-relative loads
asm/code/code_0080C0.s:4104: Warning: section does not have enough alignment to ensure safe PC-relative loads
asm/code/code_0080C0.s:4115: Warning: section does not have enough alignment to ensure safe PC-relative loads
asm/code/code_0100C0.s:2534: Warning: section does not have enough alignment to ensure safe PC-relative loads
asm/code/code_0100C0.s:2537: Warning: section does not have enough alignment to ensure safe PC-relative loads
asm/code/code_0000C0.s:3073: Warning: section does not have enough alignment to ensure safe PC-relative loads
asm/code/code_0000C0.s:3081: Warning: section does not have enough alignment to ensure safe PC-relative loads
asm/code/code_0080C0.s:4193: Warning: section does not have enough alignment to ensure safe PC-relative loads
asm/code/code_0080C0.s:4195: Warning: section does not have enough alignment to ensure safe PC-relative loads
asm/code/code_0100C0.s:2561: Warning: section does not have enough alignment to ensure safe PC-relative loads
asm/code/code_0100C0.s:2562: Warning: section does not have enough alignment to ensure safe PC-relative loads
asm/code/code_0000C0.s:3274: Warning: section does not have enough alignment to ensure safe PC-relative loads
asm/code/code_0000C0.s:3572: Warning: section does not have enough alignment to ensure safe PC-relative loads
asm/code/code_0080C0.s:4210: Warning: section does not have enough alignment to ensure safe PC-relative loads
asm/code/code_0080C0.s:4212: Warning: section does not have enough alignment to ensure safe PC-relative loads
asm/code/code_0100C0.s:2565: Warning: section does not have enough alignment to ensure safe PC-relative loads
asm/code/code_0100C0.s:2589: Warning: section does not have enough alignment to ensure safe PC-relative loads
asm/code/code_0000C0.s:3640: Warning: section does not have enough alignment to ensure safe PC-relative loads
asm/code/code_0000C0.s:3736: Warning: section does not have enough alignment to ensure safe PC-relative loads
asm/code/code_0080C0.s:4229: Warning: section does not have enough alignment to ensure safe PC-relative loads
asm/code/code_0080C0.s:4231: Warning: section does not have enough alignment to ensure safe PC-relative loads
asm/code/code_0100C0.s:2592: Warning: section does not have enough alignment to ensure safe PC-relative loads
asm/code/code_0000C0.s:4034: Warning: section does not have enough alignment to ensure safe PC-relative loads
asm/code/code_0000C0.s:4035: Warning: section does not have enough alignment to ensure safe PC-relative loads
asm/code/code_0080C0.s:4246: Warning: section does not have enough alignment to ensure safe PC-relative loads
asm/code/code_0080C0.s:4248: Warning: section does not have enough alignment to ensure safe PC-relative loads
asm/code/code_0100C0.s:2733: Warning: section does not have enough alignment to ensure safe PC-relative loads
asm/code/code_0100C0.s:2748: Warning: section does not have enough alignment to ensure safe PC-relative loads
asm/code/code_0000C0.s:4104: Warning: section does not have enough alignment to ensure safe PC-relative loads
asm/code/code_0080C0.s:4266: Warning: section does not have enough alignment to ensure safe PC-relative loads
asm/code/code_0080C0.s:4268: Warning: section does not have enough alignment to ensure safe PC-relative loads
asm/code/code_0100C0.s:2781: Warning: section does not have enough alignment to ensure safe PC-relative loads
asm/code/code_0100C0.s:2872: Warning: section does not have enough alignment to ensure safe PC-relative loads
asm/code/code_0000C0.s:4105: Warning: section does not have enough alignment to ensure safe PC-relative loads
asm/code/code_0000C0.s:4207: Warning: section does not have enough alignment to ensure safe PC-relative loads
asm/code/code_0080C0.s:4283: Warning: section does not have enough alignment to ensure safe PC-relative loads
asm/code/code_0080C0.s:4285: Warning: section does not have enough alignment to ensure safe PC-relative loads
asm/code/code_0100C0.s:2910: Warning: section does not have enough alignment to ensure safe PC-relative loads
asm/code/code_0000C0.s:4208: Warning: section does not have enough alignment to ensure safe PC-relative loads
asm/code/code_0080C0.s:4308: Warning: section does not have enough alignment to ensure safe PC-relative loads
asm/code/code_0080C0.s:4310: Warning: section does not have enough alignment to ensure safe PC-relative loads
asm/code/code_0100C0.s:2967: Warning: section does not have enough alignment to ensure safe PC-relative loads
asm/code/code_0000C0.s:6324: Warning: section does not have enough alignment to ensure safe PC-relative loads
asm/code/code_0080C0.s:4362: Warning: section does not have enough alignment to ensure safe PC-relative loads
asm/code/code_0080C0.s:4387: Warning: section does not have enough alignment to ensure safe PC-relative loads
asm/code/code_0100C0.s:2985: Warning: section does not have enough alignment to ensure safe PC-relative loads
asm/code/code_0100C0.s:3004: Warning: section does not have enough alignment to ensure safe PC-relative loads
asm/code/code_0000C0.s:6399: Warning: section does not have enough alignment to ensure safe PC-relative loads
asm/code/code_0000C0.s:6402: Warning: section does not have enough alignment to ensure safe PC-relative loads
asm/code/code_0080C0.s:4432: Warning: section does not have enough alignment to ensure safe PC-relative loads
asm/code/code_0080C0.s:4451: Warning: section does not have enough alignment to ensure safe PC-relative loads
asm/code/code_0100C0.s:3005: Warning: section does not have enough alignment to ensure safe PC-relative loads
asm/code/code_0100C0.s:3058: Warning: section does not have enough alignment to ensure safe PC-relative loads
asm/code/code_0000C0.s:6416: Warning: section does not have enough alignment to ensure safe PC-relative loads
asm/code/code_0000C0.s:6419: Warning: section does not have enough alignment to ensure safe PC-relative loads
asm/code/code_0080C0.s:4476: Warning: section does not have enough alignment to ensure safe PC-relative loads
asm/code/code_0080C0.s:4502: Warning: section does not have enough alignment to ensure safe PC-relative loads
asm/code/code_0100C0.s:3059: Warning: section does not have enough alignment to ensure safe PC-relative loads
asm/code/code_0100C0.s:3096: Warning: section does not have enough alignment to ensure safe PC-relative loads
asm/code/code_0000C0.s:6424: Warning: section does not have enough alignment to ensure safe PC-relative loads
asm/code/code_0000C0.s:6526: Warning: section does not have enough alignment to ensure safe PC-relative loads
asm/code/code_0080C0.s:4508: Warning: section does not have enough alignment to ensure safe PC-relative loads
asm/code/code_0080C0.s:4523: Warning: section does not have enough alignment to ensure safe PC-relative loads
asm/code/code_0100C0.s:3247: Warning: section does not have enough alignment to ensure safe PC-relative loads
asm/code/code_0100C0.s:3352: Warning: section does not have enough alignment to ensure safe PC-relative loads
asm/code/code_0000C0.s:6562: Warning: section does not have enough alignment to ensure safe PC-relative loads
asm/code/code_0000C0.s:6698: Warning: section does not have enough alignment to ensure safe PC-relative loads
asm/code/code_0080C0.s:4529: Warning: section does not have enough alignment to ensure safe PC-relative loads
asm/code/code_0080C0.s:4547: Warning: section does not have enough alignment to ensure safe PC-relative loads
asm/code/code_0100C0.s:3368: Warning: section does not have enough alignment to ensure safe PC-relative loads
asm/code/code_0100C0.s:3377: Warning: section does not have enough alignment to ensure safe PC-relative loads
asm/code/code_0000C0.s:6880: Warning: section does not have enough alignment to ensure safe PC-relative loads
asm/code/code_0000C0.s:6881: Warning: section does not have enough alignment to ensure safe PC-relative loads
asm/code/code_0080C0.s:4567: Warning: section does not have enough alignment to ensure safe PC-relative loads
asm/code/code_0080C0.s:4593: Warning: section does not have enough alignment to ensure safe PC-relative loads
asm/code/code_0100C0.s:3385: Warning: section does not have enough alignment to ensure safe PC-relative loads
asm/code/code_0100C0.s:3403: Warning: section does not have enough alignment to ensure safe PC-relative loads
asm/code/code_0000C0.s:7204: Warning: section does not have enough alignment to ensure safe PC-relative loads
asm/code/code_0000C0.s:7205: Warning: section does not have enough alignment to ensure safe PC-relative loads
asm/code/code_0080C0.s:4614: Warning: section does not have enough alignment to ensure safe PC-relative loads
asm/code/code_0080C0.s:4633: Warning: section does not have enough alignment to ensure safe PC-relative loads
asm/code/code_0100C0.s:3412: Warning: section does not have enough alignment to ensure safe PC-relative loads
asm/code/code_0100C0.s:3489: Warning: section does not have enough alignment to ensure safe PC-relative loads
asm/code/code_0000C0.s:7256: Warning: section does not have enough alignment to ensure safe PC-relative loads
asm/code/code_0000C0.s:7257: Warning: section does not have enough alignment to ensure safe PC-relative loads
asm/code/code_0080C0.s:4652: Warning: section does not have enough alignment to ensure safe PC-relative loads
asm/code/code_0080C0.s:4678: Warning: section does not have enough alignment to ensure safe PC-relative loads
asm/code/code_0100C0.s:3490: Warning: section does not have enough alignment to ensure safe PC-relative loads
asm/code/code_0100C0.s:3506: Warning: section does not have enough alignment to ensure safe PC-relative loads
asm/code/code_0000C0.s:7395: Warning: section does not have enough alignment to ensure safe PC-relative loads
asm/code/code_0000C0.s:7396: Warning: section does not have enough alignment to ensure safe PC-relative loads
asm/code/code_0080C0.s:4702: Warning: section does not have enough alignment to ensure safe PC-relative loads
asm/code/code_0080C0.s:4706: Warning: section does not have enough alignment to ensure safe PC-relative loads
asm/code/code_0100C0.s:3556: Warning: section does not have enough alignment to ensure safe PC-relative loads
asm/code/code_0100C0.s:3559: Warning: section does not have enough alignment to ensure safe PC-relative loads
asm/code/code_0000C0.s:7434: Warning: section does not have enough alignment to ensure safe PC-relative loads
asm/code/code_0000C0.s:7435: Warning: section does not have enough alignment to ensure safe PC-relative loads
asm/code/code_0080C0.s:4784: Warning: section does not have enough alignment to ensure safe PC-relative loads
asm/code/code_0080C0.s:4793: Warning: section does not have enough alignment to ensure safe PC-relative loads
asm/code/code_0100C0.s:3637: Warning: section does not have enough alignment to ensure safe PC-relative loads
asm/code/code_0100C0.s:3651: Warning: section does not have enough alignment to ensure safe PC-relative loads
asm/code/code_0000C0.s:7590: Warning: section does not have enough alignment to ensure safe PC-relative loads
asm/code/code_0000C0.s:7591: Warning: section does not have enough alignment to ensure safe PC-relative loads
asm/code/code_0080C0.s:4835: Warning: section does not have enough alignment to ensure safe PC-relative loads
asm/code/code_0080C0.s:4976: Warning: section does not have enough alignment to ensure safe PC-relative loads
asm/code/code_0100C0.s:3728: Warning: section does not have enough alignment to ensure safe PC-relative loads
asm/code/code_0100C0.s:3743: Warning: section does not have enough alignment to ensure safe PC-relative loads
asm/code/code_0000C0.s:7723: Warning: section does not have enough alignment to ensure safe PC-relative loads
asm/code/code_0000C0.s:7745: Warning: section does not have enough alignment to ensure safe PC-relative loads
asm/code/code_0080C0.s:4993: Warning: section does not have enough alignment to ensure safe PC-relative loads
asm/code/code_0080C0.s:5011: Warning: section does not have enough alignment to ensure safe PC-relative loads
asm/code/code_0100C0.s:3746: Warning: section does not have enough alignment to ensure safe PC-relative loads
asm/code/code_0100C0.s:3998: Warning: section does not have enough alignment to ensure safe PC-relative loads
asm/code/code_0000C0.s:7793: Warning: section does not have enough alignment to ensure safe PC-relative loads
asm/code/code_0000C0.s:7864: Warning: section does not have enough alignment to ensure safe PC-relative loads
asm/code/code_0080C0.s:5013: Warning: section does not have enough alignment to ensure safe PC-relative loads
asm/code/code_0080C0.s:5017: Warning: section does not have enough alignment to ensure safe PC-relative loads
asm/code/code_0100C0.s:4162: Warning: section does not have enough alignment to ensure safe PC-relative loads
asm/code/code_0000C0.s:7881: Warning: section does not have enough alignment to ensure safe PC-relative loads
asm/code/code_0000C0.s:7944: Warning: section does not have enough alignment to ensure safe PC-relative loads
asm/code/code_0080C0.s:5048: Warning: section does not have enough alignment to ensure safe PC-relative loads
asm/code/code_0100C0.s:4321: Warning: section does not have enough alignment to ensure safe PC-relative loads
asm/code/code_0000C0.s:7962: Warning: section does not have enough alignment to ensure safe PC-relative loads
asm/code/code_0080C0.s:5050: Warning: section does not have enough alignment to ensure safe PC-relative loads
asm/code/code_0080C0.s:5065: Warning: section does not have enough alignment to ensure safe PC-relative loads
asm/code/code_0100C0.s:4509: Warning: section does not have enough alignment to ensure safe PC-relative loads
asm/code/code_0000C0.s:8076: Warning: section does not have enough alignment to ensure safe PC-relative loads
asm/code/code_0080C0.s:5067: Warning: section does not have enough alignment to ensure safe PC-relative loads
asm/code/code_0100C0.s:4775: Warning: section does not have enough alignment to ensure safe PC-relative loads
asm/code/code_0000C0.s:8091: Warning: section does not have enough alignment to ensure safe PC-relative loads
asm/code/code_0080C0.s:5089: Warning: section does not have enough alignment to ensure safe PC-relative loads
asm/code/code_0080C0.s:5091: Warning: section does not have enough alignment to ensure safe PC-relative loads
asm/code/code_0100C0.s:4868: Warning: section does not have enough alignment to ensure safe PC-relative loads
asm/code/code_0100C0.s:4875: Warning: section does not have enough alignment to ensure safe PC-relative loads
asm/code/code_0000C0.s:8238: Warning: section does not have enough alignment to ensure safe PC-relative loads
asm/code/code_0000C0.s:8490: Warning: section does not have enough alignment to ensure safe PC-relative loads
asm/code/code_0080C0.s:5108: Warning: section does not have enough alignment to ensure safe PC-relative loads
asm/code/code_0080C0.s:5115: Warning: section does not have enough alignment to ensure safe PC-relative loads
asm/code/code_0100C0.s:4889: Warning: section does not have enough alignment to ensure safe PC-relative loads
asm/code/code_0100C0.s:4907: Warning: section does not have enough alignment to ensure safe PC-relative loads
asm/code/code_0000C0.s:8495: Warning: section does not have enough alignment to ensure safe PC-relative loads
asm/code/code_0000C0.s:8751: Warning: section does not have enough alignment to ensure safe PC-relative loads
asm/code/code_0080C0.s:5135: Warning: section does not have enough alignment to ensure safe PC-relative loads
asm/code/code_0080C0.s:5137: Warning: section does not have enough alignment to ensure safe PC-relative loads
asm/code/code_0100C0.s:4914: Warning: section does not have enough alignment to ensure safe PC-relative loads
asm/code/code_0100C0.s:4943: Warning: section does not have enough alignment to ensure safe PC-relative loads
asm/code/code_0000C0.s:8872: Warning: section does not have enough alignment to ensure safe PC-relative loads
asm/code/code_0000C0.s:8873: Warning: section does not have enough alignment to ensure safe PC-relative loads
asm/code/code_0080C0.s:5154: Warning: section does not have enough alignment to ensure safe PC-relative loads
asm/code/code_0080C0.s:5184: Warning: section does not have enough alignment to ensure safe PC-relative loads
asm/code/code_0100C0.s:4959: Warning: section does not have enough alignment to ensure safe PC-relative loads
asm/code/code_0100C0.s:4960: Warning: section does not have enough alignment to ensure safe PC-relative loads
asm/code/code_0000C0.s:8928: Warning: section does not have enough alignment to ensure safe PC-relative loads
asm/code/code_0000C0.s:8929: Warning: section does not have enough alignment to ensure safe PC-relative loads
asm/code/code_0080C0.s:5243: Warning: section does not have enough alignment to ensure safe PC-relative loads
asm/code/code_0100C0.s:5048: Warning: section does not have enough alignment to ensure safe PC-relative loads
asm/code/code_0100C0.s:5049: Warning: section does not have enough alignment to ensure safe PC-relative loads
asm/code/code_0000C0.s:8981: Warning: section does not have enough alignment to ensure safe PC-relative loads
asm/code/code_0000C0.s:9002: Warning: section does not have enough alignment to ensure safe PC-relative loads
asm/code/code_0080C0.s:5276: Warning: section does not have enough alignment to ensure safe PC-relative loads
asm/code/code_0080C0.s:5304: Warning: section does not have enough alignment to ensure safe PC-relative loads
asm/code/code_0100C0.s:5061: Warning: section does not have enough alignment to ensure safe PC-relative loads
asm/code/code_0000C0.s:9003: Warning: section does not have enough alignment to ensure safe PC-relative loads
asm/code/code_0000C0.s:9031: Warning: section does not have enough alignment to ensure safe PC-relative loads
asm/code/code_0080C0.s:5339: Warning: section does not have enough alignment to ensure safe PC-relative loads
asm/code/code_0080C0.s:5380: Warning: section does not have enough alignment to ensure safe PC-relative loads
asm/code/code_0100C0.s:5062: Warning: section does not have enough alignment to ensure safe PC-relative loads
asm/code/code_0100C0.s:5074: Warning: section does not have enough alignment to ensure safe PC-relative loads
asm/code/code_0000C0.s:9032: Warning: section does not have enough alignment to ensure safe PC-relative loads
asm/code/code_0080C0.s:5418: Warning: section does not have enough alignment to ensure safe PC-relative loads
asm/code/code_0080C0.s:5462: Warning: section does not have enough alignment to ensure safe PC-relative loads
asm/code/code_0100C0.s:5075: Warning: section does not have enough alignment to ensure safe PC-relative loads
asm/code/code_0100C0.s:5087: Warning: section does not have enough alignment to ensure safe PC-relative loads
asm/code/code_0000C0.s:9102: Warning: section does not have enough alignment to ensure safe PC-relative loads
asm/code/code_0000C0.s:9124: Warning: section does not have enough alignment to ensure safe PC-relative loads
asm/code/code_0080C0.s:5481: Warning: section does not have enough alignment to ensure safe PC-relative loads
asm/code/code_0080C0.s:5500: Warning: section does not have enough alignment to ensure safe PC-relative loads
asm/code/code_0100C0.s:5088: Warning: section does not have enough alignment to ensure safe PC-relative loads
asm/code/code_0000C0.s:9125: Warning: section does not have enough alignment to ensure safe PC-relative loads
asm/code/code_0080C0.s:5519: Warning: section does not have enough alignment to ensure safe PC-relative loads
asm/code/code_0080C0.s:5581: Warning: section does not have enough alignment to ensure safe PC-relative loads
asm/code/code_0100C0.s:5199: Warning: section does not have enough alignment to ensure safe PC-relative loads
asm/code/code_0000C0.s:9203: Warning: section does not have enough alignment to ensure safe PC-relative loads
asm/code/code_0000C0.s:9271: Warning: section does not have enough alignment to ensure safe PC-relative loads
asm/code/code_0080C0.s:5606: Warning: section does not have enough alignment to ensure safe PC-relative loads
asm/code/code_0080C0.s:5650: Warning: section does not have enough alignment to ensure safe PC-relative loads
asm/code/code_0100C0.s:5203: Warning: section does not have enough alignment to ensure safe PC-relative loads
asm/code/code_0100C0.s:5330: Warning: section does not have enough alignment to ensure safe PC-relative loads
asm/code/code_0000C0.s:9279: Warning: section does not have enough alignment to ensure safe PC-relative loads
asm/code/code_0000C0.s:9295: Warning: section does not have enough alignment to ensure safe PC-relative loads
asm/code/code_0080C0.s:5671: Warning: section does not have enough alignment to ensure safe PC-relative loads
asm/code/code_0080C0.s:5738: Warning: section does not have enough alignment to ensure safe PC-relative loads
asm/code/code_0100C0.s:5544: Warning: section does not have enough alignment to ensure safe PC-relative loads
asm/code/code_0100C0.s:5567: Warning: section does not have enough alignment to ensure safe PC-relative loads
asm/code/code_0000C0.s:9296: Warning: section does not have enough alignment to ensure safe PC-relative loads
asm/code/code_0000C0.s:9335: Warning: section does not have enough alignment to ensure safe PC-relative loads
asm/code/code_0080C0.s:5760: Warning: section does not have enough alignment to ensure safe PC-relative loads
asm/code/code_0080C0.s:5776: Warning: section does not have enough alignment to ensure safe PC-relative loads
asm/code/code_0100C0.s:5585: Warning: section does not have enough alignment to ensure safe PC-relative loads
asm/code/code_0100C0.s:5608: Warning: section does not have enough alignment to ensure safe PC-relative loads
asm/code/code_0000C0.s:9338: Warning: section does not have enough alignment to ensure safe PC-relative loads
asm/code/code_0080C0.s:5792: Warning: section does not have enough alignment to ensure safe PC-relative loads
asm/code/code_0080C0.s:5814: Warning: section does not have enough alignment to ensure safe PC-relative loads
asm/code/code_0100C0.s:5662: Warning: section does not have enough alignment to ensure safe PC-relative loads
asm/code/code_0100C0.s:5664: Warning: section does not have enough alignment to ensure safe PC-relative loads
asm/code/code_0000C0.s:9341: Warning: section does not have enough alignment to ensure safe PC-relative loads
asm/code/code_0080C0.s:5843: Warning: section does not have enough alignment to ensure safe PC-relative loads
asm/code/code_0080C0.s:5876: Warning: section does not have enough alignment to ensure safe PC-relative loads
asm/code/code_0100C0.s:5665: Warning: section does not have enough alignment to ensure safe PC-relative loads
asm/code/code_0000C0.s:9343: Warning: section does not have enough alignment to ensure safe PC-relative loads
asm/code/code_0080C0.s:5908: Warning: section does not have enough alignment to ensure safe PC-relative loads
asm/code/code_0080C0.s:5927: Warning: section does not have enough alignment to ensure safe PC-relative loads
asm/code/code_0100C0.s:5799: Warning: section does not have enough alignment to ensure safe PC-relative loads
asm/code/code_0100C0.s:5875: Warning: section does not have enough alignment to ensure safe PC-relative loads
asm/code/code_0000C0.s:9349: Warning: section does not have enough alignment to ensure safe PC-relative loads
asm/code/code_0000C0.s:9351: Warning: section does not have enough alignment to ensure safe PC-relative loads
asm/code/code_0080C0.s:5977: Warning: section does not have enough alignment to ensure safe PC-relative loads
asm/code/code_0080C0.s:6003: Warning: section does not have enough alignment to ensure safe PC-relative loads
asm/code/code_0100C0.s:6060: Warning: section does not have enough alignment to ensure safe PC-relative loads
asm/code/code_0100C0.s:6254: Warning: section does not have enough alignment to ensure safe PC-relative loads
asm/code/code_0000C0.s:9357: Warning: section does not have enough alignment to ensure safe PC-relative loads
asm/code/code_0000C0.s:9363: Warning: section does not have enough alignment to ensure safe PC-relative loads
asm/code/code_0080C0.s:6516: Warning: section does not have enough alignment to ensure safe PC-relative loads
asm/code/code_0080C0.s:6566: Warning: section does not have enough alignment to ensure safe PC-relative loads
asm/code/code_0100C0.s:6258: Warning: section does not have enough alignment to ensure safe PC-relative loads
asm/code/code_0100C0.s:6290: Warning: section does not have enough alignment to ensure safe PC-relative loads
asm/code/code_0000C0.s:9426: Warning: section does not have enough alignment to ensure safe PC-relative loads
asm/code/code_0000C0.s:9429: Warning: section does not have enough alignment to ensure safe PC-relative loads
asm/code/code_0080C0.s:7219: Warning: section does not have enough alignment to ensure safe PC-relative loads
asm/code/code_0080C0.s:7221: Warning: section does not have enough alignment to ensure safe PC-relative loads
asm/code/code_0100C0.s:6439: Warning: section does not have enough alignment to ensure safe PC-relative loads
asm/code/code_0100C0.s:6456: Warning: section does not have enough alignment to ensure safe PC-relative loads
asm/code/code_0000C0.s:9431: Warning: section does not have enough alignment to ensure safe PC-relative loads
asm/code/code_0000C0.s:9436: Warning: section does not have enough alignment to ensure safe PC-relative loads
asm/code/code_0080C0.s:7240: Warning: section does not have enough alignment to ensure safe PC-relative loads
asm/code/code_0080C0.s:7244: Warning: section does not have enough alignment to ensure safe PC-relative loads
asm/code/code_0100C0.s:6480: Warning: section does not have enough alignment to ensure safe PC-relative loads
asm/code/code_0100C0.s:6481: Warning: section does not have enough alignment to ensure safe PC-relative loads
asm/code/code_0000C0.s:9437: Warning: section does not have enough alignment to ensure safe PC-relative loads
asm/code/code_0000C0.s:9441: Warning: section does not have enough alignment to ensure safe PC-relative loads
asm/code/code_0080C0.s:7250: Warning: section does not have enough alignment to ensure safe PC-relative loads
asm/code/code_0080C0.s:7277: Warning: section does not have enough alignment to ensure safe PC-relative loads
asm/code/code_0100C0.s:6535: Warning: section does not have enough alignment to ensure safe PC-relative loads
asm/code/code_0100C0.s:6536: Warning: section does not have enough alignment to ensure safe PC-relative loads
asm/code/code_0000C0.s:9446: Warning: section does not have enough alignment to ensure safe PC-relative loads
asm/code/code_0000C0.s:9481: Warning: section does not have enough alignment to ensure safe PC-relative loads
asm/code/code_0080C0.s:7279: Warning: section does not have enough alignment to ensure safe PC-relative loads
asm/code/code_0080C0.s:7297: Warning: section does not have enough alignment to ensure safe PC-relative loads
asm/code/code_0100C0.s:6594: Warning: section does not have enough alignment to ensure safe PC-relative loads
asm/code/code_0100C0.s:6595: Warning: section does not have enough alignment to ensure safe PC-relative loads
asm/code/code_0000C0.s:9486: Warning: section does not have enough alignment to ensure safe PC-relative loads
asm/code/code_0080C0.s:7299: Warning: section does not have enough alignment to ensure safe PC-relative loads
asm/code/code_0080C0.s:7367: Warning: section does not have enough alignment to ensure safe PC-relative loads
asm/code/code_0100C0.s:6598: Warning: section does not have enough alignment to ensure safe PC-relative loads
asm/code/code_0100C0.s:6638: Warning: section does not have enough alignment to ensure safe PC-relative loads
asm/code/code_0000C0.s:9489: Warning: section does not have enough alignment to ensure safe PC-relative loads
asm/code/code_0080C0.s:7369: Warning: section does not have enough alignment to ensure safe PC-relative loads
asm/code/code_0100C0.s:6639: Warning: section does not have enough alignment to ensure safe PC-relative loads
asm/code/code_0000C0.s:9491: Warning: section does not have enough alignment to ensure safe PC-relative loads
asm/code/code_0000C0.s:9506: Warning: section does not have enough alignment to ensure safe PC-relative loads
asm/code/code_0080C0.s:7386: Warning: section does not have enough alignment to ensure safe PC-relative loads
asm/code/code_0100C0.s:6642: Warning: section does not have enough alignment to ensure safe PC-relative loads
asm/code/code_0100C0.s:6730: Warning: section does not have enough alignment to ensure safe PC-relative loads
asm/code/code_0000C0.s:9507: Warning: section does not have enough alignment to ensure safe PC-relative loads
asm/code/code_0080C0.s:7388: Warning: section does not have enough alignment to ensure safe PC-relative loads
asm/code/code_0080C0.s:7400: Warning: section does not have enough alignment to ensure safe PC-relative loads
asm/code/code_0100C0.s:6761: Warning: section does not have enough alignment to ensure safe PC-relative loads
asm/code/code_0100C0.s:6762: Warning: section does not have enough alignment to ensure safe PC-relative loads
asm/code/code_0000C0.s:9517: Warning: section does not have enough alignment to ensure safe PC-relative loads
asm/code/code_0000C0.s:9548: Warning: section does not have enough alignment to ensure safe PC-relative loads
asm/code/code_0080C0.s:7407: Warning: section does not have enough alignment to ensure safe PC-relative loads
asm/code/code_0080C0.s:7419: Warning: section does not have enough alignment to ensure safe PC-relative loads
asm/code/code_0100C0.s:6854: Warning: section does not have enough alignment to ensure safe PC-relative loads
asm/code/code_0000C0.s:9550: Warning: section does not have enough alignment to ensure safe PC-relative loads
asm/code/code_0000C0.s:9574: Warning: section does not have enough alignment to ensure safe PC-relative loads
asm/code/code_0080C0.s:7421: Warning: section does not have enough alignment to ensure safe PC-relative loads
asm/code/code_0080C0.s:7455: Warning: section does not have enough alignment to ensure safe PC-relative loads
asm/code/code_0100C0.s:6889: Warning: section does not have enough alignment to ensure safe PC-relative loads
asm/code/code_0000C0.s:9580: Warning: section does not have enough alignment to ensure safe PC-relative loads
asm/code/code_0000C0.s:9583: Warning: section does not have enough alignment to ensure safe PC-relative loads
asm/code/code_0080C0.s:7461: Warning: section does not have enough alignment to ensure safe PC-relative loads
asm/code/code_0080C0.s:7503: Warning: section does not have enough alignment to ensure safe PC-relative loads
asm/code/code_0100C0.s:6974: Warning: section does not have enough alignment to ensure safe PC-relative loads
asm/code/code_0100C0.s:6978: Warning: section does not have enough alignment to ensure safe PC-relative loads
asm/code/code_0000C0.s:9585: Warning: section does not have enough alignment to ensure safe PC-relative loads
asm/code/code_0000C0.s:9590: Warning: section does not have enough alignment to ensure safe PC-relative loads
asm/code/code_0080C0.s:7637: Warning: section does not have enough alignment to ensure safe PC-relative loads
asm/code/code_0080C0.s:7638: Warning: section does not have enough alignment to ensure safe PC-relative loads
asm/code/code_0100C0.s:6996: Warning: section does not have enough alignment to ensure safe PC-relative loads
asm/code/code_0100C0.s:7163: Warning: section does not have enough alignment to ensure safe PC-relative loads
asm/code/code_0000C0.s:9591: Warning: section does not have enough alignment to ensure safe PC-relative loads
asm/code/code_0080C0.s:7697: Warning: section does not have enough alignment to ensure safe PC-relative loads
asm/code/code_0080C0.s:7698: Warning: section does not have enough alignment to ensure safe PC-relative loads
asm/code/code_0100C0.s:7413: Warning: section does not have enough alignment to ensure safe PC-relative loads
asm/code/code_0100C0.s:7439: Warning: section does not have enough alignment to ensure safe PC-relative loads
asm/code/code_0000C0.s:9598: Warning: section does not have enough alignment to ensure safe PC-relative loads
asm/code/code_0000C0.s:9624: Warning: section does not have enough alignment to ensure safe PC-relative loads
asm/code/code_0080C0.s:7702: Warning: section does not have enough alignment to ensure safe PC-relative loads
asm/code/code_0080C0.s:7718: Warning: section does not have enough alignment to ensure safe PC-relative loads
asm/code/code_0100C0.s:7457: Warning: section does not have enough alignment to ensure safe PC-relative loads
asm/code/code_0100C0.s:7465: Warning: section does not have enough alignment to ensure safe PC-relative loads
asm/code/code_0000C0.s:9626: Warning: section does not have enough alignment to ensure safe PC-relative loads
asm/code/code_0000C0.s:9628: Warning: section does not have enough alignment to ensure safe PC-relative loads
asm/code/code_0080C0.s:7730: Warning: section does not have enough alignment to ensure safe PC-relative loads
asm/code/code_0080C0.s:7742: Warning: section does not have enough alignment to ensure safe PC-relative loads
asm/code/code_0100C0.s:7533: Warning: section does not have enough alignment to ensure safe PC-relative loads
asm/code/code_0100C0.s:7541: Warning: section does not have enough alignment to ensure safe PC-relative loads
asm/code/code_0000C0.s:9661: Warning: section does not have enough alignment to ensure safe PC-relative loads
asm/code/code_0000C0.s:9663: Warning: section does not have enough alignment to ensure safe PC-relative loads
asm/code/code_0080C0.s:7750: Warning: section does not have enough alignment to ensure safe PC-relative loads
asm/code/code_0100C0.s:7580: Warning: section does not have enough alignment to ensure safe PC-relative loads
asm/code/code_0000C0.s:9709: Warning: section does not have enough alignment to ensure safe PC-relative loads
asm/code/code_0000C0.s:9711: Warning: section does not have enough alignment to ensure safe PC-relative loads
asm/code/code_0080C0.s:7754: Warning: section does not have enough alignment to ensure safe PC-relative loads
asm/code/code_0080C0.s:7764: Warning: section does not have enough alignment to ensure safe PC-relative loads
asm/code/code_0100C0.s:7588: Warning: section does not have enough alignment to ensure safe PC-relative loads
asm/code/code_0100C0.s:7627: Warning: section does not have enough alignment to ensure safe PC-relative loads
asm/code/code_0000C0.s:9713: Warning: section does not have enough alignment to ensure safe PC-relative loads
asm/code/code_0000C0.s:9727: Warning: section does not have enough alignment to ensure safe PC-relative loads
asm/code/code_0080C0.s:7770: Warning: section does not have enough alignment to ensure safe PC-relative loads
asm/code/code_0080C0.s:7803: Warning: section does not have enough alignment to ensure safe PC-relative loads
asm/code/code_0100C0.s:7635: Warning: section does not have enough alignment to ensure safe PC-relative loads
asm/code/code_0100C0.s:7670: Warning: section does not have enough alignment to ensure safe PC-relative loads
asm/code/code_0000C0.s:9728: Warning: section does not have enough alignment to ensure safe PC-relative loads
asm/code/code_0080C0.s:7889: Warning: section does not have enough alignment to ensure safe PC-relative loads
asm/code/code_0080C0.s:7893: Warning: section does not have enough alignment to ensure safe PC-relative loads
asm/code/code_0100C0.s:7739: Warning: section does not have enough alignment to ensure safe PC-relative loads
asm/code/code_0100C0.s:7759: Warning: section does not have enough alignment to ensure safe PC-relative loads
asm/code/code_0000C0.s:9742: Warning: section does not have enough alignment to ensure safe PC-relative loads
asm/code/code_0000C0.s:9781: Warning: section does not have enough alignment to ensure safe PC-relative loads
asm/code/code_0080C0.s:7916: Warning: section does not have enough alignment to ensure safe PC-relative loads
asm/code/code_0100C0.s:7765: Warning: section does not have enough alignment to ensure safe PC-relative loads
asm/code/code_0100C0.s:7767: Warning: section does not have enough alignment to ensure safe PC-relative loads
asm/code/code_0000C0.s:9855: Warning: section does not have enough alignment to ensure safe PC-relative loads
asm/code/code_0000C0.s:9871: Warning: section does not have enough alignment to ensure safe PC-relative loads
asm/code/code_0080C0.s:7937: Warning: section does not have enough alignment to ensure safe PC-relative loads
asm/code/code_0080C0.s:7972: Warning: section does not have enough alignment to ensure safe PC-relative loads
asm/code/code_0100C0.s:7802: Warning: section does not have enough alignment to ensure safe PC-relative loads
asm/code/code_0000C0.s:9911: Warning: section does not have enough alignment to ensure safe PC-relative loads
asm/code/code_0000C0.s:9914: Warning: section does not have enough alignment to ensure safe PC-relative loads
asm/code/code_0080C0.s:7977: Warning: section does not have enough alignment to ensure safe PC-relative loads
asm/code/code_0080C0.s:7984: Warning: section does not have enough alignment to ensure safe PC-relative loads
asm/code/code_0100C0.s:7848: Warning: section does not have enough alignment to ensure safe PC-relative loads
asm/code/code_0000C0.s:9961: Warning: section does not have enough alignment to ensure safe PC-relative loads
asm/code/code_0000C0.s:9975: Warning: section does not have enough alignment to ensure safe PC-relative loads
asm/code/code_0080C0.s:8005: Warning: section does not have enough alignment to ensure safe PC-relative loads
asm/code/code_0080C0.s:8020: Warning: section does not have enough alignment to ensure safe PC-relative loads
asm/code/code_0100C0.s:7866: Warning: section does not have enough alignment to ensure safe PC-relative loads
asm/code/code_0100C0.s:7869: Warning: section does not have enough alignment to ensure safe PC-relative loads
asm/code/code_0000C0.s:9982: Warning: section does not have enough alignment to ensure safe PC-relative loads
asm/code/code_0000C0.s:10015: Warning: section does not have enough alignment to ensure safe PC-relative loads
asm/code/code_0080C0.s:8049: Warning: section does not have enough alignment to ensure safe PC-relative loads
asm/code/code_0080C0.s:8055: Warning: section does not have enough alignment to ensure safe PC-relative loads
asm/code/code_0100C0.s:8183: Warning: section does not have enough alignment to ensure safe PC-relative loads
asm/code/code_0100C0.s:8209: Warning: section does not have enough alignment to ensure safe PC-relative loads
asm/code/code_0000C0.s:10051: Warning: section does not have enough alignment to ensure safe PC-relative loads
asm/code/code_0080C0.s:8060: Warning: section does not have enough alignment to ensure safe PC-relative loads
asm/code/code_0080C0.s:8063: Warning: section does not have enough alignment to ensure safe PC-relative loads
asm/code/code_0100C0.s:8368: Warning: section does not have enough alignment to ensure safe PC-relative loads
asm/code/code_0100C0.s:8514: Warning: section does not have enough alignment to ensure safe PC-relative loads
asm/code/code_0000C0.s:10056: Warning: section does not have enough alignment to ensure safe PC-relative loads
asm/code/code_0080C0.s:8067: Warning: section does not have enough alignment to ensure safe PC-relative loads
asm/code/code_0100C0.s:8560: Warning: section does not have enough alignment to ensure safe PC-relative loads
asm/code/code_0100C0.s:8564: Warning: section does not have enough alignment to ensure safe PC-relative loads
asm/code/code_0000C0.s:10062: Warning: section does not have enough alignment to ensure safe PC-relative loads
asm/code/code_0080C0.s:8224: Warning: section does not have enough alignment to ensure safe PC-relative loads
asm/code/code_0100C0.s:8722: Warning: section does not have enough alignment to ensure safe PC-relative loads
asm/code/code_0000C0.s:10090: Warning: section does not have enough alignment to ensure safe PC-relative loads
asm/code/code_0000C0.s:10092: Warning: section does not have enough alignment to ensure safe PC-relative loads
asm/code/code_0080C0.s:8342: Warning: section does not have enough alignment to ensure safe PC-relative loads
asm/code/code_0080C0.s:8393: Warning: section does not have enough alignment to ensure safe PC-relative loads
asm/code/code_0100C0.s:8774: Warning: section does not have enough alignment to ensure safe PC-relative loads
asm/code/code_0100C0.s:8778: Warning: section does not have enough alignment to ensure safe PC-relative loads
asm/code/code_0000C0.s:10117: Warning: section does not have enough alignment to ensure safe PC-relative loads
asm/code/code_0000C0.s:10122: Warning: section does not have enough alignment to ensure safe PC-relative loads
asm/code/code_0080C0.s:8420: Warning: section does not have enough alignment to ensure safe PC-relative loads
asm/code/code_0080C0.s:8456: Warning: section does not have enough alignment to ensure safe PC-relative loads
asm/code/code_0100C0.s:8805: Warning: section does not have enough alignment to ensure safe PC-relative loads
asm/code/code_0100C0.s:8831: Warning: section does not have enough alignment to ensure safe PC-relative loads
asm/code/code_0000C0.s:10124: Warning: section does not have enough alignment to ensure safe PC-relative loads
asm/code/code_0000C0.s:10132: Warning: section does not have enough alignment to ensure safe PC-relative loads
asm/code/code_0080C0.s:8523: Warning: section does not have enough alignment to ensure safe PC-relative loads
asm/code/code_0080C0.s:8544: Warning: section does not have enough alignment to ensure safe PC-relative loads
asm/code/code_0100C0.s:9024: Warning: section does not have enough alignment to ensure safe PC-relative loads
asm/code/code_0100C0.s:9274: Warning: section does not have enough alignment to ensure safe PC-relative loads
asm/code/code_0000C0.s:10164: Warning: section does not have enough alignment to ensure safe PC-relative loads
asm/code/code_0000C0.s:10166: Warning: section does not have enough alignment to ensure safe PC-relative loads
asm/code/code_0080C0.s:8580: Warning: section does not have enough alignment to ensure safe PC-relative loads
asm/code/code_0080C0.s:8610: Warning: section does not have enough alignment to ensure safe PC-relative loads
asm/code/code_0100C0.s:9374: Warning: section does not have enough alignment to ensure safe PC-relative loads
asm/code/code_0000C0.s:10179: Warning: section does not have enough alignment to ensure safe PC-relative loads
asm/code/code_0000C0.s:10242: Warning: section does not have enough alignment to ensure safe PC-relative loads
asm/code/code_0080C0.s:8639: Warning: section does not have enough alignment to ensure safe PC-relative loads
asm/code/code_0100C0.s:9525: Warning: section does not have enough alignment to ensure safe PC-relative loads
asm/code/code_0000C0.s:10253: Warning: section does not have enough alignment to ensure safe PC-relative loads
asm/code/code_0000C0.s:10258: Warning: section does not have enough alignment to ensure safe PC-relative loads
asm/code/code_0080C0.s:8652: Warning: section does not have enough alignment to ensure safe PC-relative loads
asm/code/code_0100C0.s:9535: Warning: section does not have enough alignment to ensure safe PC-relative loads
asm/code/code_0000C0.s:10298: Warning: section does not have enough alignment to ensure safe PC-relative loads
asm/code/code_0000C0.s:10318: Warning: section does not have enough alignment to ensure safe PC-relative loads
asm/code/code_0080C0.s:8672: Warning: section does not have enough alignment to ensure safe PC-relative loads
asm/code/code_0080C0.s:8685: Warning: section does not have enough alignment to ensure safe PC-relative loads
asm/code/code_0100C0.s:9574: Warning: section does not have enough alignment to ensure safe PC-relative loads
asm/code/code_0100C0.s:9626: Warning: section does not have enough alignment to ensure safe PC-relative loads
asm/code/code_0000C0.s:10435: Warning: section does not have enough alignment to ensure safe PC-relative loads
asm/code/code_0000C0.s:10451: Warning: section does not have enough alignment to ensure safe PC-relative loads
asm/code/code_0080C0.s:8693: Warning: section does not have enough alignment to ensure safe PC-relative loads
asm/code/code_0080C0.s:8701: Warning: section does not have enough alignment to ensure safe PC-relative loads
asm/code/code_0100C0.s:9691: Warning: section does not have enough alignment to ensure safe PC-relative loads
asm/code/code_0100C0.s:9777: Warning: section does not have enough alignment to ensure safe PC-relative loads
asm/code/code_0000C0.s:10514: Warning: section does not have enough alignment to ensure safe PC-relative loads
asm/code/code_0000C0.s:10541: Warning: section does not have enough alignment to ensure safe PC-relative loads
asm/code/code_0080C0.s:8737: Warning: section does not have enough alignment to ensure safe PC-relative loads
asm/code/code_0080C0.s:8757: Warning: section does not have enough alignment to ensure safe PC-relative loads
asm/code/code_0100C0.s:9787: Warning: section does not have enough alignment to ensure safe PC-relative loads
asm/code/code_0100C0.s:9822: Warning: section does not have enough alignment to ensure safe PC-relative loads
asm/code/code_0000C0.s:10573: Warning: section does not have enough alignment to ensure safe PC-relative loads
asm/code/code_0000C0.s:10591: Warning: section does not have enough alignment to ensure safe PC-relative loads
asm/code/code_0080C0.s:8770: Warning: section does not have enough alignment to ensure safe PC-relative loads
asm/code/code_0080C0.s:8801: Warning: section does not have enough alignment to ensure safe PC-relative loads
asm/code/code_0100C0.s:9910: Warning: section does not have enough alignment to ensure safe PC-relative loads
asm/code/code_0100C0.s:9995: Warning: section does not have enough alignment to ensure safe PC-relative loads
asm/code/code_0000C0.s:10630: Warning: section does not have enough alignment to ensure safe PC-relative loads
asm/code/code_0000C0.s:10650: Warning: section does not have enough alignment to ensure safe PC-relative loads
asm/code/code_0080C0.s:8814: Warning: section does not have enough alignment to ensure safe PC-relative loads
asm/code/code_0080C0.s:8836: Warning: section does not have enough alignment to ensure safe PC-relative loads
asm/code/code_0100C0.s:10026: Warning: section does not have enough alignment to ensure safe PC-relative loads
asm/code/code_0000C0.s:10667: Warning: section does not have enough alignment to ensure safe PC-relative loads
asm/code/code_0080C0.s:8929: Warning: section does not have enough alignment to ensure safe PC-relative loads
asm/code/code_0080C0.s:9077: Warning: section does not have enough alignment to ensure safe PC-relative loads
asm/code/code_0100C0.s:10096: Warning: section does not have enough alignment to ensure safe PC-relative loads
asm/code/code_0100C0.s:10102: Warning: section does not have enough alignment to ensure safe PC-relative loads
asm/code/code_0000C0.s:10687: Warning: section does not have enough alignment to ensure safe PC-relative loads
asm/code/code_0000C0.s:10737: Warning: section does not have enough alignment to ensure safe PC-relative loads
asm/code/code_0080C0.s:9092: Warning: section does not have enough alignment to ensure safe PC-relative loads
asm/code/code_0080C0.s:9126: Warning: section does not have enough alignment to ensure safe PC-relative loads
asm/code/code_0100C0.s:10142: Warning: section does not have enough alignment to ensure safe PC-relative loads
asm/code/code_0100C0.s:10159: Warning: section does not have enough alignment to ensure safe PC-relative loads
asm/code/code_0000C0.s:10771: Warning: section does not have enough alignment to ensure safe PC-relative loads
asm/code/code_0080C0.s:9150: Warning: section does not have enough alignment to ensure safe PC-relative loads
asm/code/code_0080C0.s:9184: Warning: section does not have enough alignment to ensure safe PC-relative loads
asm/code/code_0100C0.s:10188: Warning: section does not have enough alignment to ensure safe PC-relative loads
asm/code/code_0100C0.s:10224: Warning: section does not have enough alignment to ensure safe PC-relative loads
asm/code/code_0000C0.s:10801: Warning: section does not have enough alignment to ensure safe PC-relative loads
asm/code/code_0000C0.s:10828: Warning: section does not have enough alignment to ensure safe PC-relative loads
asm/code/code_0080C0.s:9338: Warning: section does not have enough alignment to ensure safe PC-relative loads
asm/code/code_0080C0.s:9344: Warning: section does not have enough alignment to ensure safe PC-relative loads
asm/code/code_0100C0.s:10233: Warning: section does not have enough alignment to ensure safe PC-relative loads
asm/code/code_0100C0.s:10269: Warning: section does not have enough alignment to ensure safe PC-relative loads
asm/code/code_0000C0.s:10942: Warning: section does not have enough alignment to ensure safe PC-relative loads
asm/code/code_0000C0.s:10943: Warning: section does not have enough alignment to ensure safe PC-relative loads
asm/code/code_0080C0.s:9358: Warning: section does not have enough alignment to ensure safe PC-relative loads
asm/code/code_0100C0.s:10296: Warning: section does not have enough alignment to ensure safe PC-relative loads
asm/code/code_0100C0.s:10302: Warning: section does not have enough alignment to ensure safe PC-relative loads
asm/code/code_0000C0.s:10993: Warning: section does not have enough alignment to ensure safe PC-relative loads
asm/code/code_0000C0.s:10994: Warning: section does not have enough alignment to ensure safe PC-relative loads
asm/code/code_0080C0.s:9476: Warning: section does not have enough alignment to ensure safe PC-relative loads
asm/code/code_0080C0.s:9485: Warning: section does not have enough alignment to ensure safe PC-relative loads
asm/code/code_0100C0.s:10334: Warning: section does not have enough alignment to ensure safe PC-relative loads
asm/code/code_0100C0.s:10340: Warning: section does not have enough alignment to ensure safe PC-relative loads
asm/code/code_0000C0.s:11002: Warning: section does not have enough alignment to ensure safe PC-relative loads
asm/code/code_0000C0.s:11004: Warning: section does not have enough alignment to ensure safe PC-relative loads
asm/code/code_0080C0.s:9487: Warning: section does not have enough alignment to ensure safe PC-relative loads
asm/code/code_0100C0.s:10382: Warning: section does not have enough alignment to ensure safe PC-relative loads
asm/code/code_0000C0.s:11070: Warning: section does not have enough alignment to ensure safe PC-relative loads
asm/code/code_0000C0.s:11162: Warning: section does not have enough alignment to ensure safe PC-relative loads
asm/code/code_0080C0.s:9497: Warning: section does not have enough alignment to ensure safe PC-relative loads
asm/code/code_0080C0.s:9520: Warning: section does not have enough alignment to ensure safe PC-relative loads
asm/code/code_0100C0.s:10421: Warning: section does not have enough alignment to ensure safe PC-relative loads
asm/code/code_0100C0.s:10427: Warning: section does not have enough alignment to ensure safe PC-relative loads
asm/code/code_0000C0.s:11164: Warning: section does not have enough alignment to ensure safe PC-relative loads
asm/code/code_0000C0.s:11165: Warning: section does not have enough alignment to ensure safe PC-relative loads
asm/code/code_0080C0.s:9530: Warning: section does not have enough alignment to ensure safe PC-relative loads
asm/code/code_0080C0.s:9540: Warning: section does not have enough alignment to ensure safe PC-relative loads
asm/code/code_0100C0.s:10468: Warning: section does not have enough alignment to ensure safe PC-relative loads
asm/code/code_0100C0.s:10502: Warning: section does not have enough alignment to ensure safe PC-relative loads
asm/code/code_0000C0.s:11170: Warning: section does not have enough alignment to ensure safe PC-relative loads
asm/code/code_0080C0.s:10064: Warning: section does not have enough alignment to ensure safe PC-relative loads
asm/code/code_0100C0.s:10571: Warning: section does not have enough alignment to ensure safe PC-relative loads
asm/code/code_0000C0.s:11182: Warning: section does not have enough alignment to ensure safe PC-relative loads
asm/code/code_0000C0.s:11185: Warning: section does not have enough alignment to ensure safe PC-relative loads
asm/code/code_0080C0.s:10105: Warning: section does not have enough alignment to ensure safe PC-relative loads
asm/code/code_0080C0.s:10110: Warning: section does not have enough alignment to ensure safe PC-relative loads
asm/code/code_0100C0.s:10577: Warning: section does not have enough alignment to ensure safe PC-relative loads
asm/code/code_0100C0.s:10599: Warning: section does not have enough alignment to ensure safe PC-relative loads
asm/code/code_0000C0.s:11192: Warning: section does not have enough alignment to ensure safe PC-relative loads
asm/code/code_0000C0.s:11196: Warning: section does not have enough alignment to ensure safe PC-relative loads
asm/code/code_0080C0.s:10112: Warning: section does not have enough alignment to ensure safe PC-relative loads
asm/code/code_0080C0.s:10114: Warning: section does not have enough alignment to ensure safe PC-relative loads
asm/code/code_0100C0.s:10616: Warning: section does not have enough alignment to ensure safe PC-relative loads
asm/code/code_0100C0.s:10625: Warning: section does not have enough alignment to ensure safe PC-relative loads
asm/code/code_0000C0.s:11200: Warning: section does not have enough alignment to ensure safe PC-relative loads
asm/code/code_0000C0.s:11206: Warning: section does not have enough alignment to ensure safe PC-relative loads
asm/code/code_0080C0.s:10274: Warning: section does not have enough alignment to ensure safe PC-relative loads
asm/code/code_0080C0.s:10383: Warning: section does not have enough alignment to ensure safe PC-relative loads
asm/code/code_0100C0.s:10629: Warning: section does not have enough alignment to ensure safe PC-relative loads
asm/code/code_0100C0.s:10658: Warning: section does not have enough alignment to ensure safe PC-relative loads
asm/code/code_0000C0.s:11233: Warning: section does not have enough alignment to ensure safe PC-relative loads
asm/code/code_0080C0.s:10503: Warning: section does not have enough alignment to ensure safe PC-relative loads
asm/code/code_0080C0.s:10570: Warning: section does not have enough alignment to ensure safe PC-relative loads
asm/code/code_0100C0.s:10662: Warning: section does not have enough alignment to ensure safe PC-relative loads
asm/code/code_0100C0.s:10685: Warning: section does not have enough alignment to ensure safe PC-relative loads
asm/code/code_0000C0.s:11234: Warning: section does not have enough alignment to ensure safe PC-relative loads
asm/code/code_0080C0.s:10603: Warning: section does not have enough alignment to ensure safe PC-relative loads
asm/code/code_0100C0.s:10686: Warning: section does not have enough alignment to ensure safe PC-relative loads
asm/code/code_0100C0.s:10689: Warning: section does not have enough alignment to ensure safe PC-relative loads
asm/code/code_0000C0.s:11237: Warning: section does not have enough alignment to ensure safe PC-relative loads
asm/code/code_0000C0.s:11240: Warning: section does not have enough alignment to ensure safe PC-relative loads
asm/code/code_0080C0.s:10662: Warning: section does not have enough alignment to ensure safe PC-relative loads
asm/code/code_0100C0.s:10721: Warning: section does not have enough alignment to ensure safe PC-relative loads
asm/code/code_0100C0.s:10733: Warning: section does not have enough alignment to ensure safe PC-relative loads
asm/code/code_0000C0.s:11246: Warning: section does not have enough alignment to ensure safe PC-relative loads
asm/code/code_0000C0.s:11315: Warning: section does not have enough alignment to ensure safe PC-relative loads
asm/code/code_0080C0.s:10690: Warning: section does not have enough alignment to ensure safe PC-relative loads
asm/code/code_0080C0.s:10744: Warning: section does not have enough alignment to ensure safe PC-relative loads
asm/code/code_0100C0.s:10873: Warning: section does not have enough alignment to ensure safe PC-relative loads
asm/code/code_0100C0.s:10884: Warning: section does not have enough alignment to ensure safe PC-relative loads
asm/code/code_0000C0.s:11316: Warning: section does not have enough alignment to ensure safe PC-relative loads
asm/code/code_0000C0.s:11340: Warning: section does not have enough alignment to ensure safe PC-relative loads
asm/code/code_0080C0.s:10776: Warning: section does not have enough alignment to ensure safe PC-relative loads
asm/code/code_0080C0.s:10778: Warning: section does not have enough alignment to ensure safe PC-relative loads
asm/code/code_0100C0.s:10931: Warning: section does not have enough alignment to ensure safe PC-relative loads
asm/code/code_0100C0.s:10932: Warning: section does not have enough alignment to ensure safe PC-relative loads
asm/code/code_0000C0.s:11341: Warning: section does not have enough alignment to ensure safe PC-relative loads
asm/code/code_0000C0.s:11354: Warning: section does not have enough alignment to ensure safe PC-relative loads
asm/code/code_0080C0.s:10808: Warning: section does not have enough alignment to ensure safe PC-relative loads
asm/code/code_0080C0.s:10810: Warning: section does not have enough alignment to ensure safe PC-relative loads
asm/code/code_0100C0.s:10957: Warning: section does not have enough alignment to ensure safe PC-relative loads
asm/code/code_0100C0.s:10975: Warning: section does not have enough alignment to ensure safe PC-relative loads
asm/code/code_0000C0.s:11425: Warning: section does not have enough alignment to ensure safe PC-relative loads
asm/code/code_0000C0.s:11426: Warning: section does not have enough alignment to ensure safe PC-relative loads
asm/code/code_0080C0.s:10826: Warning: section does not have enough alignment to ensure safe PC-relative loads
asm/code/code_0100C0.s:10979: Warning: section does not have enough alignment to ensure safe PC-relative loads
asm/code/code_0000C0.s:11467: Warning: section does not have enough alignment to ensure safe PC-relative loads
asm/code/code_0080C0.s:10828: Warning: section does not have enough alignment to ensure safe PC-relative loads
asm/code/code_0080C0.s:10844: Warning: section does not have enough alignment to ensure safe PC-relative loads
asm/code/code_0100C0.s:10996: Warning: section does not have enough alignment to ensure safe PC-relative loads
asm/code/code_0000C0.s:11559: Warning: section does not have enough alignment to ensure safe PC-relative loads
asm/code/code_0000C0.s:11560: Warning: section does not have enough alignment to ensure safe PC-relative loads
asm/code/code_0080C0.s:10846: Warning: section does not have enough alignment to ensure safe PC-relative loads
asm/code/code_0080C0.s:10862: Warning: section does not have enough alignment to ensure safe PC-relative loads
asm/code/code_0100C0.s:11047: Warning: section does not have enough alignment to ensure safe PC-relative loads
asm/code/code_0000C0.s:11639: Warning: section does not have enough alignment to ensure safe PC-relative loads
asm/code/code_0000C0.s:11640: Warning: section does not have enough alignment to ensure safe PC-relative loads
asm/code/code_0080C0.s:10864: Warning: section does not have enough alignment to ensure safe PC-relative loads
asm/code/code_0080C0.s:10891: Warning: section does not have enough alignment to ensure safe PC-relative loads
asm/code/code_0100C0.s:11083: Warning: section does not have enough alignment to ensure safe PC-relative loads
asm/code/code_0000C0.s:11742: Warning: section does not have enough alignment to ensure safe PC-relative loads
asm/code/code_0000C0.s:11843: Warning: section does not have enough alignment to ensure safe PC-relative loads
asm/code/code_0080C0.s:10893: Warning: section does not have enough alignment to ensure safe PC-relative loads
asm/code/code_0080C0.s:10994: Warning: section does not have enough alignment to ensure safe PC-relative loads
asm/code/code_0100C0.s:11168: Warning: section does not have enough alignment to ensure safe PC-relative loads
asm/code/code_0100C0.s:11272: Warning: section does not have enough alignment to ensure safe PC-relative loads
asm/code/code_0000C0.s:11844: Warning: section does not have enough alignment to ensure safe PC-relative loads
asm/code/code_0000C0.s:11923: Warning: section does not have enough alignment to ensure safe PC-relative loads
asm/code/code_0080C0.s:11071: Warning: section does not have enough alignment to ensure safe PC-relative loads
asm/code/code_0080C0.s:11128: Warning: section does not have enough alignment to ensure safe PC-relative loads
asm/code/code_0100C0.s:11345: Warning: section does not have enough alignment to ensure safe PC-relative loads
asm/code/code_0100C0.s:11431: Warning: section does not have enough alignment to ensure safe PC-relative loads
asm/code/code_0000C0.s:11959: Warning: section does not have enough alignment to ensure safe PC-relative loads
asm/code/code_0000C0.s:12006: Warning: section does not have enough alignment to ensure safe PC-relative loads
asm/code/code_0080C0.s:11209: Warning: section does not have enough alignment to ensure safe PC-relative loads
asm/code/code_0100C0.s:11537: Warning: section does not have enough alignment to ensure safe PC-relative loads
asm/code/code_0100C0.s:11624: Warning: section does not have enough alignment to ensure safe PC-relative loads
asm/code/code_0000C0.s:12007: Warning: section does not have enough alignment to ensure safe PC-relative loads
asm/code/code_0000C0.s:12086: Warning: section does not have enough alignment to ensure safe PC-relative loads
asm/code/code_0080C0.s:11229: Warning: section does not have enough alignment to ensure safe PC-relative loads
asm/code/code_0080C0.s:11231: Warning: section does not have enough alignment to ensure safe PC-relative loads
asm/code/code_0100C0.s:11738: Warning: section does not have enough alignment to ensure safe PC-relative loads
asm/code/code_0100C0.s:11742: Warning: section does not have enough alignment to ensure safe PC-relative loads
asm/code/code_0000C0.s:12122: Warning: section does not have enough alignment to ensure safe PC-relative loads
asm/code/code_0000C0.s:12138: Warning: section does not have enough alignment to ensure safe PC-relative loads
asm/code/code_0080C0.s:11266: Warning: section does not have enough alignment to ensure safe PC-relative loads
asm/code/code_0080C0.s:11268: Warning: section does not have enough alignment to ensure safe PC-relative loads
asm/code/code_0100C0.s:11778: Warning: section does not have enough alignment to ensure safe PC-relative loads
asm/code/code_0100C0.s:11781: Warning: section does not have enough alignment to ensure safe PC-relative loads
asm/code/code_0000C0.s:12139: Warning: section does not have enough alignment to ensure safe PC-relative loads
asm/code/code_0000C0.s:12185: Warning: section does not have enough alignment to ensure safe PC-relative loads
asm/code/code_0080C0.s:11284: Warning: section does not have enough alignment to ensure safe PC-relative loads
asm/code/code_0080C0.s:11286: Warning: section does not have enough alignment to ensure safe PC-relative loads
asm/code/code_0100C0.s:11890: Warning: section does not have enough alignment to ensure safe PC-relative loads
asm/code/code_0000C0.s:12219: Warning: section does not have enough alignment to ensure safe PC-relative loads
asm/code/code_0080C0.s:11302: Warning: section does not have enough alignment to ensure safe PC-relative loads
asm/code/code_0080C0.s:11304: Warning: section does not have enough alignment to ensure safe PC-relative loads
asm/code/code_0100C0.s:11997: Warning: section does not have enough alignment to ensure safe PC-relative loads
asm/code/code_0100C0.s:12121: Warning: section does not have enough alignment to ensure safe PC-relative loads
asm/code/code_0000C0.s:12258: Warning: section does not have enough alignment to ensure safe PC-relative loads
asm/code/code_0000C0.s:12292: Warning: section does not have enough alignment to ensure safe PC-relative loads
asm/code/code_0080C0.s:11320: Warning: section does not have enough alignment to ensure safe PC-relative loads
asm/code/code_0080C0.s:11322: Warning: section does not have enough alignment to ensure safe PC-relative loads
asm/code/code_0100C0.s:12347: Warning: section does not have enough alignment to ensure safe PC-relative loads
asm/code/code_0100C0.s:12376: Warning: section does not have enough alignment to ensure safe PC-relative loads
asm/code/code_0000C0.s:12296: Warning: section does not have enough alignment to ensure safe PC-relative loads
asm/code/code_0000C0.s:12303: Warning: section does not have enough alignment to ensure safe PC-relative loads
asm/code/code_0080C0.s:11352: Warning: section does not have enough alignment to ensure safe PC-relative loads
asm/code/code_0100C0.s:12393: Warning: section does not have enough alignment to ensure safe PC-relative loads
asm/code/code_0100C0.s:12447: Warning: section does not have enough alignment to ensure safe PC-relative loads
asm/code/code_0000C0.s:12304: Warning: section does not have enough alignment to ensure safe PC-relative loads
asm/code/code_0080C0.s:11354: Warning: section does not have enough alignment to ensure safe PC-relative loads
asm/code/code_0100C0.s:12530: Warning: section does not have enough alignment to ensure safe PC-relative loads
asm/code/code_0100C0.s:12541: Warning: section does not have enough alignment to ensure safe PC-relative loads
asm/code/code_0000C0.s:12335: Warning: section does not have enough alignment to ensure safe PC-relative loads
asm/code/code_0000C0.s:12341: Warning: section does not have enough alignment to ensure safe PC-relative loads
asm/code/code_0080C0.s:11453: Warning: section does not have enough alignment to ensure safe PC-relative loads
asm/code/code_0080C0.s:11480: Warning: section does not have enough alignment to ensure safe PC-relative loads
asm/code/code_0100C0.s:12557: Warning: section does not have enough alignment to ensure safe PC-relative loads
asm/code/code_0100C0.s:12571: Warning: section does not have enough alignment to ensure safe PC-relative loads
asm/code/code_0000C0.s:12385: Warning: section does not have enough alignment to ensure safe PC-relative loads
asm/code/code_0080C0.s:11537: Warning: section does not have enough alignment to ensure safe PC-relative loads
asm/code/code_0080C0.s:11548: Warning: section does not have enough alignment to ensure safe PC-relative loads
asm/code/code_0100C0.s:12744: Warning: section does not have enough alignment to ensure safe PC-relative loads
asm/code/code_0100C0.s:12753: Warning: section does not have enough alignment to ensure safe PC-relative loads
asm/code/code_0000C0.s:12392: Warning: section does not have enough alignment to ensure safe PC-relative loads
asm/code/code_0000C0.s:12570: Warning: section does not have enough alignment to ensure safe PC-relative loads
asm/code/code_0080C0.s:11567: Warning: section does not have enough alignment to ensure safe PC-relative loads
asm/code/code_0080C0.s:11671: Warning: section does not have enough alignment to ensure safe PC-relative loads
asm/code/code_0100C0.s:12759: Warning: section does not have enough alignment to ensure safe PC-relative loads
asm/code/code_0100C0.s:12789: Warning: section does not have enough alignment to ensure safe PC-relative loads
asm/code/code_0000C0.s:12779: Warning: section does not have enough alignment to ensure safe PC-relative loads
asm/code/code_0000C0.s:12794: Warning: section does not have enough alignment to ensure safe PC-relative loads
asm/code/code_0080C0.s:11678: Warning: section does not have enough alignment to ensure safe PC-relative loads
asm/code/code_0080C0.s:11694: Warning: section does not have enough alignment to ensure safe PC-relative loads
asm/code/code_0100C0.s:12911: Warning: section does not have enough alignment to ensure safe PC-relative loads
asm/code/code_0100C0.s:12927: Warning: section does not have enough alignment to ensure safe PC-relative loads
asm/code/code_0000C0.s:12796: Warning: section does not have enough alignment to ensure safe PC-relative loads
asm/code/code_0000C0.s:12802: Warning: section does not have enough alignment to ensure safe PC-relative loads
asm/code/code_0080C0.s:11713: Warning: section does not have enough alignment to ensure safe PC-relative loads
asm/code/code_0080C0.s:11742: Warning: section does not have enough alignment to ensure safe PC-relative loads
asm/code/code_0100C0.s:12935: Warning: section does not have enough alignment to ensure safe PC-relative loads
asm/code/code_0100C0.s:12970: Warning: section does not have enough alignment to ensure safe PC-relative loads
asm/code/code_0000C0.s:12863: Warning: section does not have enough alignment to ensure safe PC-relative loads
asm/code/code_0000C0.s:12897: Warning: section does not have enough alignment to ensure safe PC-relative loads
asm/code/code_0080C0.s:11836: Warning: section does not have enough alignment to ensure safe PC-relative loads
asm/code/code_0080C0.s:11849: Warning: section does not have enough alignment to ensure safe PC-relative loads
asm/code/code_0100C0.s:13052: Warning: section does not have enough alignment to ensure safe PC-relative loads
asm/code/code_0000C0.s:12935: Warning: section does not have enough alignment to ensure safe PC-relative loads
asm/code/code_0000C0.s:12966: Warning: section does not have enough alignment to ensure safe PC-relative loads
asm/code/code_0080C0.s:11850: Warning: section does not have enough alignment to ensure safe PC-relative loads
asm/code/code_0100C0.s:13063: Warning: section does not have enough alignment to ensure safe PC-relative loads
asm/code/code_0100C0.s:13072: Warning: section does not have enough alignment to ensure safe PC-relative loads
asm/code/code_0000C0.s:13116: Warning: section does not have enough alignment to ensure safe PC-relative loads
asm/code/code_0080C0.s:11857: Warning: section does not have enough alignment to ensure safe PC-relative loads
asm/code/code_0100C0.s:13231: Warning: section does not have enough alignment to ensure safe PC-relative loads
asm/code/code_0100C0.s:13250: Warning: section does not have enough alignment to ensure safe PC-relative loads
asm/code/code_0000C0.s:13122: Warning: section does not have enough alignment to ensure safe PC-relative loads
asm/code/code_0080C0.s:11863: Warning: section does not have enough alignment to ensure safe PC-relative loads
asm/code/code_0080C0.s:11865: Warning: section does not have enough alignment to ensure safe PC-relative loads
asm/code/code_0100C0.s:13267: Warning: section does not have enough alignment to ensure safe PC-relative loads
asm/code/code_0000C0.s:13144: Warning: section does not have enough alignment to ensure safe PC-relative loads
asm/code/code_0000C0.s:13146: Warning: section does not have enough alignment to ensure safe PC-relative loads
asm/code/code_0080C0.s:11867: Warning: section does not have enough alignment to ensure safe PC-relative loads
asm/code/code_0080C0.s:11883: Warning: section does not have enough alignment to ensure safe PC-relative loads
asm/code/code_0100C0.s:13409: Warning: section does not have enough alignment to ensure safe PC-relative loads
asm/code/code_0100C0.s:13420: Warning: section does not have enough alignment to ensure safe PC-relative loads
asm/code/code_0000C0.s:13148: Warning: section does not have enough alignment to ensure safe PC-relative loads
asm/code/code_0080C0.s:11890: Warning: section does not have enough alignment to ensure safe PC-relative loads
asm/code/code_0080C0.s:11964: Warning: section does not have enough alignment to ensure safe PC-relative loads
asm/code/code_0100C0.s:13429: Warning: section does not have enough alignment to ensure safe PC-relative loads
asm/code/code_0100C0.s:13571: Warning: section does not have enough alignment to ensure safe PC-relative loads
asm/code/code_0000C0.s:13150: Warning: section does not have enough alignment to ensure safe PC-relative loads
asm/code/code_0000C0.s:13152: Warning: section does not have enough alignment to ensure safe PC-relative loads
asm/code/code_0080C0.s:11979: Warning: section does not have enough alignment to ensure safe PC-relative loads
asm/code/code_0080C0.s:11980: Warning: section does not have enough alignment to ensure safe PC-relative loads
asm/code/code_0100C0.s:13590: Warning: section does not have enough alignment to ensure safe PC-relative loads
asm/code/code_0100C0.s:13607: Warning: section does not have enough alignment to ensure safe PC-relative loads
asm/code/code_0000C0.s:13154: Warning: section does not have enough alignment to ensure safe PC-relative loads
asm/code/code_0000C0.s:13156: Warning: section does not have enough alignment to ensure safe PC-relative loads
asm/code/code_0080C0.s:12001: Warning: section does not have enough alignment to ensure safe PC-relative loads
asm/code/code_0100C0.s:13887: Warning: section does not have enough alignment to ensure safe PC-relative loads
asm/code/code_0000C0.s:13158: Warning: section does not have enough alignment to ensure safe PC-relative loads
asm/code/code_0000C0.s:13160: Warning: section does not have enough alignment to ensure safe PC-relative loads
asm/code/code_0080C0.s:12106: Warning: section does not have enough alignment to ensure safe PC-relative loads
asm/code/code_0080C0.s:12108: Warning: section does not have enough alignment to ensure safe PC-relative loads
asm/code/code_0100C0.s:14070: Warning: section does not have enough alignment to ensure safe PC-relative loads
asm/code/code_0100C0.s:14212: Warning: section does not have enough alignment to ensure safe PC-relative loads
asm/code/code_0000C0.s:13163: Warning: section does not have enough alignment to ensure safe PC-relative loads
asm/code/code_0000C0.s:13164: Warning: section does not have enough alignment to ensure safe PC-relative loads
asm/code/code_0080C0.s:12114: Warning: section does not have enough alignment to ensure safe PC-relative loads
asm/code/code_0080C0.s:12118: Warning: section does not have enough alignment to ensure safe PC-relative loads
asm/code/code_0100C0.s:14231: Warning: section does not have enough alignment to ensure safe PC-relative loads
asm/code/code_0100C0.s:14248: Warning: section does not have enough alignment to ensure safe PC-relative loads
asm/code/code_0000C0.s:13165: Warning: section does not have enough alignment to ensure safe PC-relative loads
asm/code/code_0080C0.s:12140: Warning: section does not have enough alignment to ensure safe PC-relative loads
asm/code/code_0080C0.s:12142: Warning: section does not have enough alignment to ensure safe PC-relative loads
asm/code/code_0100C0.s:14307: Warning: section does not have enough alignment to ensure safe PC-relative loads
asm/code/code_0100C0.s:14378: Warning: section does not have enough alignment to ensure safe PC-relative loads
asm/code/code_0000C0.s:13243: Warning: section does not have enough alignment to ensure safe PC-relative loads
asm/code/code_0000C0.s:13272: Warning: section does not have enough alignment to ensure safe PC-relative loads
asm/code/code_0080C0.s:12148: Warning: section does not have enough alignment to ensure safe PC-relative loads
asm/code/code_0100C0.s:14409: Warning: section does not have enough alignment to ensure safe PC-relative loads
asm/code/code_0100C0.s:14432: Warning: section does not have enough alignment to ensure safe PC-relative loads
asm/code/code_0000C0.s:13273: Warning: section does not have enough alignment to ensure safe PC-relative loads
asm/code/code_0000C0.s:13323: Warning: section does not have enough alignment to ensure safe PC-relative loads
asm/code/code_0080C0.s:12226: Warning: section does not have enough alignment to ensure safe PC-relative loads
asm/code/code_0080C0.s:12305: Warning: section does not have enough alignment to ensure safe PC-relative loads
asm/code/code_0100C0.s:14672: Warning: section does not have enough alignment to ensure safe PC-relative loads
asm/code/code_0000C0.s:13384: Warning: section does not have enough alignment to ensure safe PC-relative loads
asm/code/code_0000C0.s:13484: Warning: section does not have enough alignment to ensure safe PC-relative loads
asm/code/code_0080C0.s:12306: Warning: section does not have enough alignment to ensure safe PC-relative loads
asm/code/code_0080C0.s:12308: Warning: section does not have enough alignment to ensure safe PC-relative loads
asm/code/code_0100C0.s:14765: Warning: section does not have enough alignment to ensure safe PC-relative loads
asm/code/code_0100C0.s:14774: Warning: section does not have enough alignment to ensure safe PC-relative loads
asm/code/code_0000C0.s:13491: Warning: section does not have enough alignment to ensure safe PC-relative loads
asm/code/code_0080C0.s:12315: Warning: section does not have enough alignment to ensure safe PC-relative loads
asm/code/code_0080C0.s:12337: Warning: section does not have enough alignment to ensure safe PC-relative loads
asm/code/code_0100C0.s:14834: Warning: section does not have enough alignment to ensure safe PC-relative loads
asm/code/code_0000C0.s:13510: Warning: section does not have enough alignment to ensure safe PC-relative loads
asm/code/code_0000C0.s:13517: Warning: section does not have enough alignment to ensure safe PC-relative loads
asm/code/code_0080C0.s:12338: Warning: section does not have enough alignment to ensure safe PC-relative loads
asm/code/code_0100C0.s:14941: Warning: section does not have enough alignment to ensure safe PC-relative loads
asm/code/code_0100C0.s:15080: Warning: section does not have enough alignment to ensure safe PC-relative loads
asm/code/code_0000C0.s:13518: Warning: section does not have enough alignment to ensure safe PC-relative loads
asm/code/code_0080C0.s:12346: Warning: section does not have enough alignment to ensure safe PC-relative loads
asm/code/code_0080C0.s:12387: Warning: section does not have enough alignment to ensure safe PC-relative loads
asm/code/code_0100C0.s:15097: Warning: section does not have enough alignment to ensure safe PC-relative loads
asm/code/code_0100C0.s:15384: Warning: section does not have enough alignment to ensure safe PC-relative loads
asm/code/code_0000C0.s:13529: Warning: section does not have enough alignment to ensure safe PC-relative loads
asm/code/code_0000C0.s:13536: Warning: section does not have enough alignment to ensure safe PC-relative loads
asm/code/code_0080C0.s:12388: Warning: section does not have enough alignment to ensure safe PC-relative loads
asm/code/code_0100C0.s:15388: Warning: section does not have enough alignment to ensure safe PC-relative loads
asm/code/code_0100C0.s:15497: Warning: section does not have enough alignment to ensure safe PC-relative loads
asm/code/code_0000C0.s:13575: Warning: section does not have enough alignment to ensure safe PC-relative loads
asm/code/code_0000C0.s:13582: Warning: section does not have enough alignment to ensure safe PC-relative loads
asm/code/code_0080C0.s:12395: Warning: section does not have enough alignment to ensure safe PC-relative loads
asm/code/code_0080C0.s:12480: Warning: section does not have enough alignment to ensure safe PC-relative loads
asm/code/code_0100C0.s:15501: Warning: section does not have enough alignment to ensure safe PC-relative loads
asm/code/code_0100C0.s:15547: Warning: section does not have enough alignment to ensure safe PC-relative loads
asm/code/code_0000C0.s:13583: Warning: section does not have enough alignment to ensure safe PC-relative loads
asm/code/code_0000C0.s:13617: Warning: section does not have enough alignment to ensure safe PC-relative loads
asm/code/code_0080C0.s:12563: Warning: section does not have enough alignment to ensure safe PC-relative loads
asm/code/code_0080C0.s:12597: Warning: section does not have enough alignment to ensure safe PC-relative loads
asm/code/code_0100C0.s:15551: Warning: section does not have enough alignment to ensure safe PC-relative loads
asm/code/code_0100C0.s:15648: Warning: section does not have enough alignment to ensure safe PC-relative loads
asm/code/code_0000C0.s:13618: Warning: section does not have enough alignment to ensure safe PC-relative loads
asm/code/code_0000C0.s:13743: Warning: section does not have enough alignment to ensure safe PC-relative loads
asm/code/code_0080C0.s:12693: Warning: section does not have enough alignment to ensure safe PC-relative loads
asm/code/code_0080C0.s:12703: Warning: section does not have enough alignment to ensure safe PC-relative loads
asm/code/code_0100C0.s:15652: Warning: section does not have enough alignment to ensure safe PC-relative loads
asm/code/code_0100C0.s:15730: Warning: section does not have enough alignment to ensure safe PC-relative loads
asm/code/code_0000C0.s:13744: Warning: section does not have enough alignment to ensure safe PC-relative loads
asm/code/code_0000C0.s:13753: Warning: section does not have enough alignment to ensure safe PC-relative loads
asm/code/code_0080C0.s:12709: Warning: section does not have enough alignment to ensure safe PC-relative loads
asm/code/code_0080C0.s:12747: Warning: section does not have enough alignment to ensure safe PC-relative loads
asm/code/code_0100C0.s:15762: Warning: section does not have enough alignment to ensure safe PC-relative loads
asm/code/code_0100C0.s:15769: Warning: section does not have enough alignment to ensure safe PC-relative loads
asm/code/code_0000C0.s:13766: Warning: section does not have enough alignment to ensure safe PC-relative loads
asm/code/code_0080C0.s:12813: Warning: section does not have enough alignment to ensure safe PC-relative loads
asm/code/code_0080C0.s:12828: Warning: section does not have enough alignment to ensure safe PC-relative loads
asm/code/code_0100C0.s:15853: Warning: section does not have enough alignment to ensure safe PC-relative loads
asm/code/code_0100C0.s:15889: Warning: section does not have enough alignment to ensure safe PC-relative loads
asm/code/code_0000C0.s:13771: Warning: section does not have enough alignment to ensure safe PC-relative loads
asm/code/code_0080C0.s:12834: Warning: section does not have enough alignment to ensure safe PC-relative loads
asm/code/code_0100C0.s:15958: Warning: section does not have enough alignment to ensure safe PC-relative loads
asm/code/code_0100C0.s:15959: Warning: section does not have enough alignment to ensure safe PC-relative loads
asm/code/code_0000C0.s:13836: Warning: section does not have enough alignment to ensure safe PC-relative loads
asm/code/code_0000C0.s:13837: Warning: section does not have enough alignment to ensure safe PC-relative loads
asm/code/code_0080C0.s:12929: Warning: section does not have enough alignment to ensure safe PC-relative loads
asm/code/code_0080C0.s:12937: Warning: section does not have enough alignment to ensure safe PC-relative loads
asm/code/code_0100C0.s:15962: Warning: section does not have enough alignment to ensure safe PC-relative loads
asm/code/code_0100C0.s:15972: Warning: section does not have enough alignment to ensure safe PC-relative loads
asm/code/code_0000C0.s:13840: Warning: section does not have enough alignment to ensure safe PC-relative loads
asm/code/code_0000C0.s:13887: Warning: section does not have enough alignment to ensure safe PC-relative loads
asm/code/code_0080C0.s:12939: Warning: section does not have enough alignment to ensure safe PC-relative loads
asm/code/code_0080C0.s:12955: Warning: section does not have enough alignment to ensure safe PC-relative loads
asm/code/code_0100C0.s:16008: Warning: section does not have enough alignment to ensure safe PC-relative loads
asm/code/code_0100C0.s:16009: Warning: section does not have enough alignment to ensure safe PC-relative loads
asm/code/code_0000C0.s:13913: Warning: section does not have enough alignment to ensure safe PC-relative loads
asm/code/code_0000C0.s:13914: Warning: section does not have enough alignment to ensure safe PC-relative loads
asm/code/code_0080C0.s:12972: Warning: section does not have enough alignment to ensure safe PC-relative loads
asm/code/code_0080C0.s:13127: Warning: section does not have enough alignment to ensure safe PC-relative loads
asm/code/code_0100C0.s:16012: Warning: section does not have enough alignment to ensure safe PC-relative loads
asm/code/code_0000C0.s:13923: Warning: section does not have enough alignment to ensure safe PC-relative loads
asm/code/code_0080C0.s:13133: Warning: section does not have enough alignment to ensure safe PC-relative loads
asm/code/code_0080C0.s:13187: Warning: section does not have enough alignment to ensure safe PC-relative loads
asm/code/code_0100C0.s:16140: Warning: section does not have enough alignment to ensure safe PC-relative loads
asm/code/code_0100C0.s:16353: Warning: section does not have enough alignment to ensure safe PC-relative loads
asm/code/code_0000C0.s:13927: Warning: section does not have enough alignment to ensure safe PC-relative loads
asm/code/code_0080C0.s:13207: Warning: section does not have enough alignment to ensure safe PC-relative loads
asm/code/code_0080C0.s:13258: Warning: section does not have enough alignment to ensure safe PC-relative loads
asm/code/code_0100C0.s:16502: Warning: section does not have enough alignment to ensure safe PC-relative loads
asm/code/code_0100C0.s:16584: Warning: section does not have enough alignment to ensure safe PC-relative loads
asm/code/code_0000C0.s:13988: Warning: section does not have enough alignment to ensure safe PC-relative loads
asm/code/code_0000C0.s:14009: Warning: section does not have enough alignment to ensure safe PC-relative loads
asm/code/code_0080C0.s:13259: Warning: section does not have enough alignment to ensure safe PC-relative loads
asm/code/code_0080C0.s:13282: Warning: section does not have enough alignment to ensure safe PC-relative loads
asm/code/code_0100C0.s:16648: Warning: section does not have enough alignment to ensure safe PC-relative loads
asm/code/code_0000C0.s:14010: Warning: section does not have enough alignment to ensure safe PC-relative loads
asm/code/code_0000C0.s:14013: Warning: section does not have enough alignment to ensure safe PC-relative loads
asm/code/code_0080C0.s:13283: Warning: section does not have enough alignment to ensure safe PC-relative loads
asm/code/code_0100C0.s:16893: Warning: section does not have enough alignment to ensure safe PC-relative loads
asm/code/code_0100C0.s:17199: Warning: section does not have enough alignment to ensure safe PC-relative loads
asm/code/code_0000C0.s:14055: Warning: section does not have enough alignment to ensure safe PC-relative loads
asm/code/code_0000C0.s:14083: Warning: section does not have enough alignment to ensure safe PC-relative loads
asm/code/code_0080C0.s:13307: Warning: section does not have enough alignment to ensure safe PC-relative loads
asm/code/code_0080C0.s:13310: Warning: section does not have enough alignment to ensure safe PC-relative loads
asm/code/code_0100C0.s:17251: Warning: section does not have enough alignment to ensure safe PC-relative loads
asm/code/code_0000C0.s:14084: Warning: section does not have enough alignment to ensure safe PC-relative loads
asm/code/code_0000C0.s:14089: Warning: section does not have enough alignment to ensure safe PC-relative loads
asm/code/code_0080C0.s:13452: Warning: section does not have enough alignment to ensure safe PC-relative loads
asm/code/code_0080C0.s:13456: Warning: section does not have enough alignment to ensure safe PC-relative loads
asm/code/code_0100C0.s:17456: Warning: section does not have enough alignment to ensure safe PC-relative loads
asm/code/code_0000C0.s:14095: Warning: section does not have enough alignment to ensure safe PC-relative loads
asm/code/code_0080C0.s:13669: Warning: section does not have enough alignment to ensure safe PC-relative loads
asm/code/code_0100C0.s:17589: Warning: section does not have enough alignment to ensure safe PC-relative loads
asm/code/code_0100C0.s:17605: Warning: section does not have enough alignment to ensure safe PC-relative loads
asm/code/code_0000C0.s:14153: Warning: section does not have enough alignment to ensure safe PC-relative loads
asm/code/code_0000C0.s:14160: Warning: section does not have enough alignment to ensure safe PC-relative loads
asm/code/code_0080C0.s:13672: Warning: section does not have enough alignment to ensure safe PC-relative loads
asm/code/code_0100C0.s:17716: Warning: section does not have enough alignment to ensure safe PC-relative loads
asm/code/code_0100C0.s:17755: Warning: section does not have enough alignment to ensure safe PC-relative loads
asm/code/code_0000C0.s:14196: Warning: section does not have enough alignment to ensure safe PC-relative loads
asm/code/code_0000C0.s:14210: Warning: section does not have enough alignment to ensure safe PC-relative loads
asm/code/code_0080C0.s:13760: Warning: section does not have enough alignment to ensure safe PC-relative loads
asm/code/code_0080C0.s:13763: Warning: section does not have enough alignment to ensure safe PC-relative loads
asm/code/code_0100C0.s:17761: Warning: section does not have enough alignment to ensure safe PC-relative loads
asm/code/code_0000C0.s:14243: Warning: section does not have enough alignment to ensure safe PC-relative loads
asm/code/code_0080C0.s:13876: Warning: section does not have enough alignment to ensure safe PC-relative loads
asm/code/code_0080C0.s:13879: Warning: section does not have enough alignment to ensure safe PC-relative loads
asm/code/code_0100C0.s:17762: Warning: section does not have enough alignment to ensure safe PC-relative loads
asm/code/code_0100C0.s:17814: Warning: section does not have enough alignment to ensure safe PC-relative loads
asm/code/code_0000C0.s:14259: Warning: section does not have enough alignment to ensure safe PC-relative loads
asm/code/code_0000C0.s:14302: Warning: section does not have enough alignment to ensure safe PC-relative loads
asm/code/code_0080C0.s:14029: Warning: section does not have enough alignment to ensure safe PC-relative loads
asm/code/code_0080C0.s:14044: Warning: section does not have enough alignment to ensure safe PC-relative loads
asm/code/code_0100C0.s:17818: Warning: section does not have enough alignment to ensure safe PC-relative loads
asm/code/code_0100C0.s:18144: Warning: section does not have enough alignment to ensure safe PC-relative loads
asm/code/code_0000C0.s:14310: Warning: section does not have enough alignment to ensure safe PC-relative loads
asm/code/code_0000C0.s:14356: Warning: section does not have enough alignment to ensure safe PC-relative loads
asm/code/code_0080C0.s:14338: Warning: section does not have enough alignment to ensure safe PC-relative loads
asm/code/code_0080C0.s:14379: Warning: section does not have enough alignment to ensure safe PC-relative loads
asm/code/code_0100C0.s:18194: Warning: section does not have enough alignment to ensure safe PC-relative loads
asm/code/code_0000C0.s:14362: Warning: section does not have enough alignment to ensure safe PC-relative loads
asm/code/code_0080C0.s:14413: Warning: section does not have enough alignment to ensure safe PC-relative loads
asm/code/code_0000C0.s:14392: Warning: section does not have enough alignment to ensure safe PC-relative loads
asm/code/code_0000C0.s:14393: Warning: section does not have enough alignment to ensure safe PC-relative loads
asm/code/code_0080C0.s:14502: Warning: section does not have enough alignment to ensure safe PC-relative loads
asm/code/code_0080C0.s:14519: Warning: section does not have enough alignment to ensure safe PC-relative loads
asm/code/code_0000C0.s:14416: Warning: section does not have enough alignment to ensure safe PC-relative loads
asm/code/code_0080C0.s:14676: Warning: section does not have enough alignment to ensure safe PC-relative loads
asm/code/code_0080C0.s:14751: Warning: section does not have enough alignment to ensure safe PC-relative loads
asm/code/code_0000C0.s:14417: Warning: section does not have enough alignment to ensure safe PC-relative loads
asm/code/code_0000C0.s:14437: Warning: section does not have enough alignment to ensure safe PC-relative loads
asm/code/code_0080C0.s:14817: Warning: section does not have enough alignment to ensure safe PC-relative loads
asm/code/code_0080C0.s:14834: Warning: section does not have enough alignment to ensure safe PC-relative loads
asm/code/code_0000C0.s:14438: Warning: section does not have enough alignment to ensure safe PC-relative loads
asm/code/code_0000C0.s:14459: Warning: section does not have enough alignment to ensure safe PC-relative loads
asm/code/code_0080C0.s:14942: Warning: section does not have enough alignment to ensure safe PC-relative loads
asm/code/code_0080C0.s:14988: Warning: section does not have enough alignment to ensure safe PC-relative loads
asm/code/code_0000C0.s:14460: Warning: section does not have enough alignment to ensure safe PC-relative loads
asm/code/code_0000C0.s:14482: Warning: section does not have enough alignment to ensure safe PC-relative loads
asm/code/code_0080C0.s:14991: Warning: section does not have enough alignment to ensure safe PC-relative loads
asm/code/code_0080C0.s:15107: Warning: section does not have enough alignment to ensure safe PC-relative loads
asm/code/code_0000C0.s:14483: Warning: section does not have enough alignment to ensure safe PC-relative loads
asm/code/code_0000C0.s:14489: Warning: section does not have enough alignment to ensure safe PC-relative loads
asm/code/code_0080C0.s:15108: Warning: section does not have enough alignment to ensure safe PC-relative loads
asm/code/code_0080C0.s:15117: Warning: section does not have enough alignment to ensure safe PC-relative loads
asm/code/code_0000C0.s:14514: Warning: section does not have enough alignment to ensure safe PC-relative loads
asm/code/code_0000C0.s:14515: Warning: section does not have enough alignment to ensure safe PC-relative loads
asm/code/code_0080C0.s:15210: Warning: section does not have enough alignment to ensure safe PC-relative loads
asm/code/code_0080C0.s:15255: Warning: section does not have enough alignment to ensure safe PC-relative loads
asm/code/code_0000C0.s:14540: Warning: section does not have enough alignment to ensure safe PC-relative loads
asm/code/code_0080C0.s:15259: Warning: section does not have enough alignment to ensure safe PC-relative loads
asm/code/code_0080C0.s:15339: Warning: section does not have enough alignment to ensure safe PC-relative loads
asm/code/code_0000C0.s:14541: Warning: section does not have enough alignment to ensure safe PC-relative loads
asm/code/code_0000C0.s:14572: Warning: section does not have enough alignment to ensure safe PC-relative loads
asm/code/code_0080C0.s:15343: Warning: section does not have enough alignment to ensure safe PC-relative loads
asm/code/code_0000C0.s:14573: Warning: section does not have enough alignment to ensure safe PC-relative loads
asm/code/code_0000C0.s:14607: Warning: section does not have enough alignment to ensure safe PC-relative loads
asm/code/code_0080C0.s:15386: Warning: section does not have enough alignment to ensure safe PC-relative loads
asm/code/code_0080C0.s:15392: Warning: section does not have enough alignment to ensure safe PC-relative loads
asm/code/code_0000C0.s:14608: Warning: section does not have enough alignment to ensure safe PC-relative loads
asm/code/code_0000C0.s:14611: Warning: section does not have enough alignment to ensure safe PC-relative loads
asm/code/code_0080C0.s:15485: Warning: section does not have enough alignment to ensure safe PC-relative loads
asm/code/code_0080C0.s:15489: Warning: section does not have enough alignment to ensure safe PC-relative loads
AS      asm/code/code_0180C0.s
asm/code/code_0000C0.s:14629: Warning: section does not have enough alignment to ensure safe PC-relative loads
asm/code/code_0080C0.s:15621: Warning: section does not have enough alignment to ensure safe PC-relative loads
asm/code/code_0080C0.s:15727: Warning: section does not have enough alignment to ensure safe PC-relative loads
asm/code/code_0000C0.s:14630: Warning: section does not have enough alignment to ensure safe PC-relative loads
asm/code/code_0000C0.s:14633: Warning: section does not have enough alignment to ensure safe PC-relative loads
asm/code/code_0080C0.s:15858: Warning: section does not have enough alignment to ensure safe PC-relative loads
asm/code/code_0080C0.s:15971: Warning: section does not have enough alignment to ensure safe PC-relative loads
asm/code/code_0000C0.s:14651: Warning: section does not have enough alignment to ensure safe PC-relative loads
asm/code/code_0000C0.s:14652: Warning: section does not have enough alignment to ensure safe PC-relative loads
asm/code/code_0080C0.s:15988: Warning: section does not have enough alignment to ensure safe PC-relative loads
asm/code/code_0080C0.s:16095: Warning: section does not have enough alignment to ensure safe PC-relative loads
asm/code/code_0000C0.s:14655: Warning: section does not have enough alignment to ensure safe PC-relative loads
asm/code/code_0000C0.s:14673: Warning: section does not have enough alignment to ensure safe PC-relative loads
asm/code/code_0080C0.s:16128: Warning: section does not have enough alignment to ensure safe PC-relative loads
asm/code/code_0080C0.s:16132: Warning: section does not have enough alignment to ensure safe PC-relative loads
asm/code/code_0000C0.s:14674: Warning: section does not have enough alignment to ensure safe PC-relative loads
asm/code/code_0000C0.s:14677: Warning: section does not have enough alignment to ensure safe PC-relative loads
asm/code/code_0080C0.s:16253: Warning: section does not have enough alignment to ensure safe PC-relative loads
asm/code/code_0000C0.s:14705: Warning: section does not have enough alignment to ensure safe PC-relative loads
asm/code/code_0000C0.s:14706: Warning: section does not have enough alignment to ensure safe PC-relative loads
asm/code/code_0080C0.s:16270: Warning: section does not have enough alignment to ensure safe PC-relative loads
asm/code/code_0080C0.s:16417: Warning: section does not have enough alignment to ensure safe PC-relative loads
asm/code/code_0000C0.s:14709: Warning: section does not have enough alignment to ensure safe PC-relative loads
asm/code/code_0000C0.s:14729: Warning: section does not have enough alignment to ensure safe PC-relative loads
asm/code/code_0080C0.s:16470: Warning: section does not have enough alignment to ensure safe PC-relative loads
asm/code/code_0080C0.s:16474: Warning: section does not have enough alignment to ensure safe PC-relative loads
asm/code/code_0000C0.s:14730: Warning: section does not have enough alignment to ensure safe PC-relative loads
asm/code/code_0000C0.s:14733: Warning: section does not have enough alignment to ensure safe PC-relative loads
asm/code/code_0080C0.s:16591: Warning: section does not have enough alignment to ensure safe PC-relative loads
asm/code/code_0080C0.s:16592: Warning: section does not have enough alignment to ensure safe PC-relative loads
asm/code/code_0000C0.s:14769: Warning: section does not have enough alignment to ensure safe PC-relative loads
asm/code/code_0000C0.s:14770: Warning: section does not have enough alignment to ensure safe PC-relative loads
asm/code/code_0080C0.s:16595: Warning: section does not have enough alignment to ensure safe PC-relative loads
asm/code/code_0000C0.s:14773: Warning: section does not have enough alignment to ensure safe PC-relative loads
asm/code/code_0000C0.s:14788: Warning: section does not have enough alignment to ensure safe PC-relative loads
asm/code/code_0080C0.s:16620: Warning: section does not have enough alignment to ensure safe PC-relative loads
asm/code/code_0000C0.s:14789: Warning: section does not have enough alignment to ensure safe PC-relative loads
asm/code/code_0000C0.s:14792: Warning: section does not have enough alignment to ensure safe PC-relative loads
asm/code/code_0080C0.s:16621: Warning: section does not have enough alignment to ensure safe PC-relative loads
asm/code/code_0080C0.s:16626: Warning: section does not have enough alignment to ensure safe PC-relative loads
asm/code/code_0000C0.s:14820: Warning: section does not have enough alignment to ensure safe PC-relative loads
asm/code/code_0000C0.s:14829: Warning: section does not have enough alignment to ensure safe PC-relative loads
asm/code/code_0080C0.s:16651: Warning: section does not have enough alignment to ensure safe PC-relative loads
asm/code/code_0080C0.s:16654: Warning: section does not have enough alignment to ensure safe PC-relative loads
asm/code/code_0180C0.s: Assembler messages:
asm/code/code_0000C0.s:14841: Warning: section does not have enough alignment to ensure safe PC-relative loads
asm/code/code_0000C0.s:14864: Warning: section does not have enough alignment to ensure safe PC-relative loads
asm/code/code_0080C0.s:16793: Warning: section does not have enough alignment to ensure safe PC-relative loads
asm/code/code_0080C0.s:16796: Warning: section does not have enough alignment to ensure safe PC-relative loads
asm/code/code_0180C0.s:31: Warning: section does not have enough alignment to ensure safe PC-relative loads
asm/code/code_0180C0.s:45: Warning: section does not have enough alignment to ensure safe PC-relative loads
asm/code/code_0000C0.s:14865: Warning: section does not have enough alignment to ensure safe PC-relative loads
asm/code/code_0000C0.s:14873: Warning: section does not have enough alignment to ensure safe PC-relative loads
asm/code/code_0080C0.s:16812: Warning: section does not have enough alignment to ensure safe PC-relative loads
asm/code/code_0080C0.s:16816: Warning: section does not have enough alignment to ensure safe PC-relative loads
asm/code/code_0180C0.s:169: Warning: section does not have enough alignment to ensure safe PC-relative loads
asm/code/code_0180C0.s:227: Warning: section does not have enough alignment to ensure safe PC-relative loads
asm/code/code_0000C0.s:14896: Warning: section does not have enough alignment to ensure safe PC-relative loads
asm/code/code_0000C0.s:14897: Warning: section does not have enough alignment to ensure safe PC-relative loads
asm/code/code_0080C0.s:16824: Warning: section does not have enough alignment to ensure safe PC-relative loads
asm/code/code_0080C0.s:16837: Warning: section does not have enough alignment to ensure safe PC-relative loads
asm/code/code_0180C0.s:257: Warning: section does not have enough alignment to ensure safe PC-relative loads
asm/code/code_0180C0.s:319: Warning: section does not have enough alignment to ensure safe PC-relative loads
asm/code/code_0000C0.s:14900: Warning: section does not have enough alignment to ensure safe PC-relative loads
asm/code/code_0000C0.s:14923: Warning: section does not have enough alignment to ensure safe PC-relative loads
asm/code/code_0080C0.s:16862: Warning: section does not have enough alignment to ensure safe PC-relative loads
asm/code/code_0080C0.s:16880: Warning: section does not have enough alignment to ensure safe PC-relative loads
asm/code/code_0180C0.s:348: Warning: section does not have enough alignment to ensure safe PC-relative loads
asm/code/code_0180C0.s:411: Warning: section does not have enough alignment to ensure safe PC-relative loads
asm/code/code_0000C0.s:14924: Warning: section does not have enough alignment to ensure safe PC-relative loads
asm/code/code_0000C0.s:14927: Warning: section does not have enough alignment to ensure safe PC-relative loads
asm/code/code_0080C0.s:16886: Warning: section does not have enough alignment to ensure safe PC-relative loads
asm/code/code_0080C0.s:16986: Warning: section does not have enough alignment to ensure safe PC-relative loads
asm/code/code_0180C0.s:432: Warning: section does not have enough alignment to ensure safe PC-relative loads
asm/code/code_0000C0.s:14954: Warning: section does not have enough alignment to ensure safe PC-relative loads
asm/code/code_0000C0.s:14955: Warning: section does not have enough alignment to ensure safe PC-relative loads
asm/code/code_0080C0.s:17027: Warning: section does not have enough alignment to ensure safe PC-relative loads
asm/code/code_0080C0.s:17061: Warning: section does not have enough alignment to ensure safe PC-relative loads
asm/code/code_0180C0.s:522: Warning: section does not have enough alignment to ensure safe PC-relative loads
asm/code/code_0000C0.s:14958: Warning: section does not have enough alignment to ensure safe PC-relative loads
asm/code/code_0080C0.s:17152: Warning: section does not have enough alignment to ensure safe PC-relative loads
asm/code/code_0080C0.s:17255: Warning: section does not have enough alignment to ensure safe PC-relative loads
asm/code/code_0180C0.s:575: Warning: section does not have enough alignment to ensure safe PC-relative loads
asm/code/code_0180C0.s:608: Warning: section does not have enough alignment to ensure safe PC-relative loads
asm/code/code_0000C0.s:14986: Warning: section does not have enough alignment to ensure safe PC-relative loads
asm/code/code_0080C0.s:17327: Warning: section does not have enough alignment to ensure safe PC-relative loads
asm/code/code_0180C0.s:659: Warning: section does not have enough alignment to ensure safe PC-relative loads
asm/code/code_0180C0.s:687: Warning: section does not have enough alignment to ensure safe PC-relative loads
asm/code/code_0000C0.s:14987: Warning: section does not have enough alignment to ensure safe PC-relative loads
asm/code/code_0000C0.s:14990: Warning: section does not have enough alignment to ensure safe PC-relative loads
asm/code/code_0080C0.s:17396: Warning: section does not have enough alignment to ensure safe PC-relative loads
asm/code/code_0080C0.s:17470: Warning: section does not have enough alignment to ensure safe PC-relative loads
asm/code/code_0180C0.s:765: Warning: section does not have enough alignment to ensure safe PC-relative loads
asm/code/code_0180C0.s:826: Warning: section does not have enough alignment to ensure safe PC-relative loads
asm/code/code_0000C0.s:15011: Warning: section does not have enough alignment to ensure safe PC-relative loads
asm/code/code_0000C0.s:15012: Warning: section does not have enough alignment to ensure safe PC-relative loads
asm/code/code_0080C0.s:17510: Warning: section does not have enough alignment to ensure safe PC-relative loads
asm/code/code_0080C0.s:17513: Warning: section does not have enough alignment to ensure safe PC-relative loads
asm/code/code_0180C0.s:1103: Warning: section does not have enough alignment to ensure safe PC-relative loads
asm/code/code_0000C0.s:15015: Warning: section does not have enough alignment to ensure safe PC-relative loads
asm/code/code_0000C0.s:15052: Warning: section does not have enough alignment to ensure safe PC-relative loads
asm/code/code_0080C0.s:17625: Warning: section does not have enough alignment to ensure safe PC-relative loads
asm/code/code_0080C0.s:17626: Warning: section does not have enough alignment to ensure safe PC-relative loads
asm/code/code_0180C0.s:1195: Warning: section does not have enough alignment to ensure safe PC-relative loads
asm/code/code_0000C0.s:15069: Warning: section does not have enough alignment to ensure safe PC-relative loads
asm/code/code_0000C0.s:15084: Warning: section does not have enough alignment to ensure safe PC-relative loads
asm/code/code_0080C0.s:17629: Warning: section does not have enough alignment to ensure safe PC-relative loads
asm/code/code_0180C0.s:1768: Warning: section does not have enough alignment to ensure safe PC-relative loads
asm/code/code_0180C0.s:1814: Warning: section does not have enough alignment to ensure safe PC-relative loads
asm/code/code_0000C0.s:15099: Warning: section does not have enough alignment to ensure safe PC-relative loads
asm/code/code_0000C0.s:15130: Warning: section does not have enough alignment to ensure safe PC-relative loads
asm/code/code_0080C0.s:17651: Warning: section does not have enough alignment to ensure safe PC-relative loads
asm/code/code_0080C0.s:17652: Warning: section does not have enough alignment to ensure safe PC-relative loads
asm/code/code_0180C0.s:1838: Warning: section does not have enough alignment to ensure safe PC-relative loads
asm/code/code_0180C0.s:1935: Warning: section does not have enough alignment to ensure safe PC-relative loads
asm/code/code_0000C0.s:15135: Warning: section does not have enough alignment to ensure safe PC-relative loads
asm/code/code_0000C0.s:15147: Warning: section does not have enough alignment to ensure safe PC-relative loads
asm/code/code_0080C0.s:17655: Warning: section does not have enough alignment to ensure safe PC-relative loads
asm/code/code_0080C0.s:17679: Warning: section does not have enough alignment to ensure safe PC-relative loads
asm/code/code_0180C0.s:2047: Warning: section does not have enough alignment to ensure safe PC-relative loads
asm/code/code_0180C0.s:2120: Warning: section does not have enough alignment to ensure safe PC-relative loads
asm/code/code_0000C0.s:15152: Warning: section does not have enough alignment to ensure safe PC-relative loads
asm/code/code_0000C0.s:15164: Warning: section does not have enough alignment to ensure safe PC-relative loads
asm/code/code_0080C0.s:17682: Warning: section does not have enough alignment to ensure safe PC-relative loads
asm/code/code_0180C0.s:2220: Warning: section does not have enough alignment to ensure safe PC-relative loads
asm/code/code_0180C0.s:2266: Warning: section does not have enough alignment to ensure safe PC-relative loads
asm/code/code_0000C0.s:15169: Warning: section does not have enough alignment to ensure safe PC-relative loads
asm/code/code_0000C0.s:15181: Warning: section does not have enough alignment to ensure safe PC-relative loads
asm/code/code_0080C0.s:17812: Warning: section does not have enough alignment to ensure safe PC-relative loads
asm/code/code_0080C0.s:17816: Warning: section does not have enough alignment to ensure safe PC-relative loads
asm/code/code_0180C0.s:2267: Warning: section does not have enough alignment to ensure safe PC-relative loads
asm/code/code_0180C0.s:2357: Warning: section does not have enough alignment to ensure safe PC-relative loads
asm/code/code_0000C0.s:15186: Warning: section does not have enough alignment to ensure safe PC-relative loads
asm/code/code_0000C0.s:15208: Warning: section does not have enough alignment to ensure safe PC-relative loads
asm/code/code_0080C0.s:17982: Warning: section does not have enough alignment to ensure safe PC-relative loads
asm/code/code_0180C0.s:2358: Warning: section does not have enough alignment to ensure safe PC-relative loads
asm/code/code_0180C0.s:2360: Warning: section does not have enough alignment to ensure safe PC-relative loads
asm/code/code_0000C0.s:15286: Warning: section does not have enough alignment to ensure safe PC-relative loads
asm/code/code_0000C0.s:15287: Warning: section does not have enough alignment to ensure safe PC-relative loads
asm/code/code_0080C0.s:18084: Warning: section does not have enough alignment to ensure safe PC-relative loads
asm/code/code_0080C0.s:18087: Warning: section does not have enough alignment to ensure safe PC-relative loads
asm/code/code_0180C0.s:2457: Warning: section does not have enough alignment to ensure safe PC-relative loads
asm/code/code_0180C0.s:2458: Warning: section does not have enough alignment to ensure safe PC-relative loads
asm/code/code_0000C0.s:15290: Warning: section does not have enough alignment to ensure safe PC-relative loads
asm/code/code_0000C0.s:15314: Warning: section does not have enough alignment to ensure safe PC-relative loads
asm/code/code_0080C0.s:18184: Warning: section does not have enough alignment to ensure safe PC-relative loads
asm/code/code_0080C0.s:18187: Warning: section does not have enough alignment to ensure safe PC-relative loads
asm/code/code_0180C0.s:2460: Warning: section does not have enough alignment to ensure safe PC-relative loads
asm/code/code_0000C0.s:15315: Warning: section does not have enough alignment to ensure safe PC-relative loads
asm/code/code_0000C0.s:15318: Warning: section does not have enough alignment to ensure safe PC-relative loads
asm/code/code_0080C0.s:18306: Warning: section does not have enough alignment to ensure safe PC-relative loads
asm/code/code_0080C0.s:18309: Warning: section does not have enough alignment to ensure safe PC-relative loads
asm/code/code_0180C0.s:2556: Warning: section does not have enough alignment to ensure safe PC-relative loads
asm/code/code_0180C0.s:2573: Warning: section does not have enough alignment to ensure safe PC-relative loads
asm/code/code_0000C0.s:15336: Warning: section does not have enough alignment to ensure safe PC-relative loads
asm/code/code_0000C0.s:15337: Warning: section does not have enough alignment to ensure safe PC-relative loads
asm/code/code_0080C0.s:18406: Warning: section does not have enough alignment to ensure safe PC-relative loads
asm/code/code_0180C0.s:2603: Warning: section does not have enough alignment to ensure safe PC-relative loads
asm/code/code_0180C0.s:2604: Warning: section does not have enough alignment to ensure safe PC-relative loads
asm/code/code_0000C0.s:15340: Warning: section does not have enough alignment to ensure safe PC-relative loads
asm/code/code_0000C0.s:15358: Warning: section does not have enough alignment to ensure safe PC-relative loads
asm/code/code_0080C0.s:18586: Warning: section does not have enough alignment to ensure safe PC-relative loads
asm/code/code_0180C0.s:2625: Warning: section does not have enough alignment to ensure safe PC-relative loads
asm/code/code_0180C0.s:2650: Warning: section does not have enough alignment to ensure safe PC-relative loads
asm/code/code_0000C0.s:15359: Warning: section does not have enough alignment to ensure safe PC-relative loads
asm/code/code_0000C0.s:15362: Warning: section does not have enough alignment to ensure safe PC-relative loads
asm/code/code_0180C0.s:2730: Warning: section does not have enough alignment to ensure safe PC-relative loads
asm/code/code_0180C0.s:2815: Warning: section does not have enough alignment to ensure safe PC-relative loads
asm/code/code_0000C0.s:15380: Warning: section does not have enough alignment to ensure safe PC-relative loads
asm/code/code_0180C0.s:2860: Warning: section does not have enough alignment to ensure safe PC-relative loads
asm/code/code_0000C0.s:15381: Warning: section does not have enough alignment to ensure safe PC-relative loads
asm/code/code_0000C0.s:15384: Warning: section does not have enough alignment to ensure safe PC-relative loads
asm/code/code_0180C0.s:2905: Warning: section does not have enough alignment to ensure safe PC-relative loads
asm/code/code_0000C0.s:15405: Warning: section does not have enough alignment to ensure safe PC-relative loads
asm/code/code_0180C0.s:2966: Warning: section does not have enough alignment to ensure safe PC-relative loads
asm/code/code_0180C0.s:2970: Warning: section does not have enough alignment to ensure safe PC-relative loads
asm/code/code_0000C0.s:15406: Warning: section does not have enough alignment to ensure safe PC-relative loads
asm/code/code_0180C0.s:2981: Warning: section does not have enough alignment to ensure safe PC-relative loads
asm/code/code_0000C0.s:15409: Warning: section does not have enough alignment to ensure safe PC-relative loads
asm/code/code_0000C0.s:15427: Warning: section does not have enough alignment to ensure safe PC-relative loads
asm/code/code_0180C0.s:3090: Warning: section does not have enough alignment to ensure safe PC-relative loads
asm/code/code_0000C0.s:15428: Warning: section does not have enough alignment to ensure safe PC-relative loads
asm/code/code_0000C0.s:15431: Warning: section does not have enough alignment to ensure safe PC-relative loads
asm/code/code_0180C0.s:3369: Warning: section does not have enough alignment to ensure safe PC-relative loads
asm/code/code_0180C0.s:3492: Warning: section does not have enough alignment to ensure safe PC-relative loads
asm/code/code_0000C0.s:15452: Warning: section does not have enough alignment to ensure safe PC-relative loads
asm/code/code_0000C0.s:15453: Warning: section does not have enough alignment to ensure safe PC-relative loads
asm/code/code_0180C0.s:3497: Warning: section does not have enough alignment to ensure safe PC-relative loads
asm/code/code_0180C0.s:3532: Warning: section does not have enough alignment to ensure safe PC-relative loads
asm/code/code_0000C0.s:15456: Warning: section does not have enough alignment to ensure safe PC-relative loads
asm/code/code_0000C0.s:15474: Warning: section does not have enough alignment to ensure safe PC-relative loads
asm/code/code_0180C0.s:3552: Warning: section does not have enough alignment to ensure safe PC-relative loads
asm/code/code_0180C0.s:3561: Warning: section does not have enough alignment to ensure safe PC-relative loads
asm/code/code_0000C0.s:15475: Warning: section does not have enough alignment to ensure safe PC-relative loads
asm/code/code_0000C0.s:15478: Warning: section does not have enough alignment to ensure safe PC-relative loads
asm/code/code_0180C0.s:3568: Warning: section does not have enough alignment to ensure safe PC-relative loads
asm/code/code_0000C0.s:15496: Warning: section does not have enough alignment to ensure safe PC-relative loads
asm/code/code_0180C0.s:3816: Warning: section does not have enough alignment to ensure safe PC-relative loads
asm/code/code_0000C0.s:15497: Warning: section does not have enough alignment to ensure safe PC-relative loads
asm/code/code_0000C0.s:15500: Warning: section does not have enough alignment to ensure safe PC-relative loads
asm/code/code_0180C0.s:4007: Warning: section does not have enough alignment to ensure safe PC-relative loads
asm/code/code_0000C0.s:15521: Warning: section does not have enough alignment to ensure safe PC-relative loads
asm/code/code_0000C0.s:15522: Warning: section does not have enough alignment to ensure safe PC-relative loads
asm/code/code_0180C0.s:4101: Warning: section does not have enough alignment to ensure safe PC-relative loads
AS      asm/code/code_0200C0.s
asm/code/code_0000C0.s:15525: Warning: section does not have enough alignment to ensure safe PC-relative loads
asm/code/code_0180C0.s:4224: Warning: section does not have enough alignment to ensure safe PC-relative loads
asm/code/code_0180C0.s:4268: Warning: section does not have enough alignment to ensure safe PC-relative loads
asm/code/code_0000C0.s:15545: Warning: section does not have enough alignment to ensure safe PC-relative loads
asm/code/code_0000C0.s:15546: Warning: section does not have enough alignment to ensure safe PC-relative loads
asm/code/code_0180C0.s:4479: Warning: section does not have enough alignment to ensure safe PC-relative loads
asm/code/code_0180C0.s:4540: Warning: section does not have enough alignment to ensure safe PC-relative loads
asm/code/code_0000C0.s:15549: Warning: section does not have enough alignment to ensure safe PC-relative loads
asm/code/code_0000C0.s:15567: Warning: section does not have enough alignment to ensure safe PC-relative loads
asm/code/code_0180C0.s:4697: Warning: section does not have enough alignment to ensure safe PC-relative loads
asm/code/code_0180C0.s:4854: Warning: section does not have enough alignment to ensure safe PC-relative loads
asm/code/code_0000C0.s:15568: Warning: section does not have enough alignment to ensure safe PC-relative loads
asm/code/code_0000C0.s:15571: Warning: section does not have enough alignment to ensure safe PC-relative loads
asm/code/code_0180C0.s:4925: Warning: section does not have enough alignment to ensure safe PC-relative loads
asm/code/code_0180C0.s:4990: Warning: section does not have enough alignment to ensure safe PC-relative loads
asm/code/code_0000C0.s:15591: Warning: section does not have enough alignment to ensure safe PC-relative loads
asm/code/code_0000C0.s:15592: Warning: section does not have enough alignment to ensure safe PC-relative loads
asm/code/code_0180C0.s:5134: Warning: section does not have enough alignment to ensure safe PC-relative loads
asm/code/code_0180C0.s:5140: Warning: section does not have enough alignment to ensure safe PC-relative loads
asm/code/code_0000C0.s:15595: Warning: section does not have enough alignment to ensure safe PC-relative loads
asm/code/code_0180C0.s:5224: Warning: section does not have enough alignment to ensure safe PC-relative loads
asm/code/code_0180C0.s:5396: Warning: section does not have enough alignment to ensure safe PC-relative loads
asm/code/code_0000C0.s:15614: Warning: section does not have enough alignment to ensure safe PC-relative loads
asm/code/code_0000C0.s:15615: Warning: section does not have enough alignment to ensure safe PC-relative loads
asm/code/code_0180C0.s:5449: Warning: section does not have enough alignment to ensure safe PC-relative loads
asm/code/code_0000C0.s:15618: Warning: section does not have enough alignment to ensure safe PC-relative loads
asm/code/code_0000C0.s:15622: Warning: section does not have enough alignment to ensure safe PC-relative loads
asm/code/code_0180C0.s:5644: Warning: section does not have enough alignment to ensure safe PC-relative loads
asm/code/code_0000C0.s:15648: Warning: section does not have enough alignment to ensure safe PC-relative loads
asm/code/code_0000C0.s:15649: Warning: section does not have enough alignment to ensure safe PC-relative loads
asm/code/code_0180C0.s:5664: Warning: section does not have enough alignment to ensure safe PC-relative loads
asm/code/code_0180C0.s:5712: Warning: section does not have enough alignment to ensure safe PC-relative loads
asm/code/code_0200C0.s: Assembler messages:
asm/code/code_0000C0.s:15652: Warning: section does not have enough alignment to ensure safe PC-relative loads
asm/code/code_0180C0.s:5713: Warning: section does not have enough alignment to ensure safe PC-relative loads
asm/code/code_0200C0.s:5795: Warning: use of r13 is deprecated
asm/code/code_0000C0.s:15656: Warning: section does not have enough alignment to ensure safe PC-relative loads
asm/code/code_0000C0.s:15680: Warning: section does not have enough alignment to ensure safe PC-relative loads
asm/code/code_0180C0.s:5714: Warning: section does not have enough alignment to ensure safe PC-relative loads
asm/code/code_0180C0.s:5719: Warning: section does not have enough alignment to ensure safe PC-relative loads
asm/code/code_0000C0.s:15681: Warning: section does not have enough alignment to ensure safe PC-relative loads
asm/code/code_0000C0.s:15684: Warning: section does not have enough alignment to ensure safe PC-relative loads
asm/code/code_0180C0.s:5832: Warning: section does not have enough alignment to ensure safe PC-relative loads
asm/code/code_0000C0.s:15702: Warning: section does not have enough alignment to ensure safe PC-relative loads
asm/code/code_0000C0.s:15703: Warning: section does not have enough alignment to ensure safe PC-relative loads
asm/code/code_0180C0.s:5836: Warning: section does not have enough alignment to ensure safe PC-relative loads
asm/code/code_0000C0.s:15706: Warning: section does not have enough alignment to ensure safe PC-relative loads
asm/code/code_0180C0.s:5845: Warning: section does not have enough alignment to ensure safe PC-relative loads
asm/code/code_0180C0.s:5846: Warning: section does not have enough alignment to ensure safe PC-relative loads
asm/code/code_0000C0.s:15726: Warning: section does not have enough alignment to ensure safe PC-relative loads
asm/code/code_0180C0.s:5849: Warning: section does not have enough alignment to ensure safe PC-relative loads
asm/code/code_0180C0.s:5857: Warning: section does not have enough alignment to ensure safe PC-relative loads
asm/code/code_0000C0.s:15730: Warning: section does not have enough alignment to ensure safe PC-relative loads
asm/code/code_0000C0.s:15747: Warning: section does not have enough alignment to ensure safe PC-relative loads
asm/code/code_0200C0.s:194: Warning: section does not have enough alignment to ensure safe PC-relative loads
asm/code/code_0200C0.s:204: Warning: section does not have enough alignment to ensure safe PC-relative loads
asm/code/code_0180C0.s:5865: Warning: section does not have enough alignment to ensure safe PC-relative loads
asm/code/code_0180C0.s:5867: Warning: section does not have enough alignment to ensure safe PC-relative loads
asm/code/code_0000C0.s:15772: Warning: section does not have enough alignment to ensure safe PC-relative loads
asm/code/code_0000C0.s:15773: Warning: section does not have enough alignment to ensure safe PC-relative loads
asm/code/code_0200C0.s:331: Warning: section does not have enough alignment to ensure safe PC-relative loads
asm/code/code_0180C0.s:5869: Warning: section does not have enough alignment to ensure safe PC-relative loads
asm/code/code_0180C0.s:5871: Warning: section does not have enough alignment to ensure safe PC-relative loads
asm/code/code_0000C0.s:15776: Warning: section does not have enough alignment to ensure safe PC-relative loads
asm/code/code_0000C0.s:15797: Warning: section does not have enough alignment to ensure safe PC-relative loads
asm/code/code_0200C0.s:394: Warning: section does not have enough alignment to ensure safe PC-relative loads
asm/code/code_0180C0.s:5873: Warning: section does not have enough alignment to ensure safe PC-relative loads
asm/code/code_0000C0.s:15798: Warning: section does not have enough alignment to ensure safe PC-relative loads
asm/code/code_0000C0.s:15801: Warning: section does not have enough alignment to ensure safe PC-relative loads
asm/code/code_0200C0.s:471: Warning: section does not have enough alignment to ensure safe PC-relative loads
asm/code/code_0200C0.s:475: Warning: section does not have enough alignment to ensure safe PC-relative loads
asm/code/code_0180C0.s:5877: Warning: section does not have enough alignment to ensure safe PC-relative loads
asm/code/code_0180C0.s:5879: Warning: section does not have enough alignment to ensure safe PC-relative loads
asm/code/code_0000C0.s:15824: Warning: section does not have enough alignment to ensure safe PC-relative loads
asm/code/code_0000C0.s:15825: Warning: section does not have enough alignment to ensure safe PC-relative loads
asm/code/code_0200C0.s:604: Warning: section does not have enough alignment to ensure safe PC-relative loads
asm/code/code_0180C0.s:5896: Warning: section does not have enough alignment to ensure safe PC-relative loads
asm/code/code_0000C0.s:15828: Warning: section does not have enough alignment to ensure safe PC-relative loads
asm/code/code_0000C0.s:15848: Warning: section does not have enough alignment to ensure safe PC-relative loads
asm/code/code_0200C0.s:613: Warning: section does not have enough alignment to ensure safe PC-relative loads
asm/code/code_0200C0.s:627: Warning: section does not have enough alignment to ensure safe PC-relative loads
asm/code/code_0180C0.s:5905: Warning: section does not have enough alignment to ensure safe PC-relative loads
asm/code/code_0180C0.s:5909: Warning: section does not have enough alignment to ensure safe PC-relative loads
asm/code/code_0000C0.s:15849: Warning: section does not have enough alignment to ensure safe PC-relative loads
asm/code/code_0000C0.s:15852: Warning: section does not have enough alignment to ensure safe PC-relative loads
asm/code/code_0200C0.s:650: Warning: section does not have enough alignment to ensure safe PC-relative loads
asm/code/code_0180C0.s:5933: Warning: section does not have enough alignment to ensure safe PC-relative loads
asm/code/code_0180C0.s:5948: Warning: section does not have enough alignment to ensure safe PC-relative loads
asm/code/code_0000C0.s:15872: Warning: section does not have enough alignment to ensure safe PC-relative loads
asm/code/code_0000C0.s:15873: Warning: section does not have enough alignment to ensure safe PC-relative loads
asm/code/code_0200C0.s:718: Warning: section does not have enough alignment to ensure safe PC-relative loads
asm/code/code_0200C0.s:909: Warning: section does not have enough alignment to ensure safe PC-relative loads
asm/code/code_0180C0.s:5949: Warning: section does not have enough alignment to ensure safe PC-relative loads
asm/code/code_0180C0.s:5954: Warning: section does not have enough alignment to ensure safe PC-relative loads
asm/code/code_0000C0.s:15876: Warning: section does not have enough alignment to ensure safe PC-relative loads
asm/code/code_0000C0.s:15894: Warning: section does not have enough alignment to ensure safe PC-relative loads
asm/code/code_0200C0.s:993: Warning: section does not have enough alignment to ensure safe PC-relative loads
asm/code/code_0200C0.s:1028: Warning: section does not have enough alignment to ensure safe PC-relative loads
asm/code/code_0180C0.s:5958: Warning: section does not have enough alignment to ensure safe PC-relative loads
asm/code/code_0180C0.s:5960: Warning: section does not have enough alignment to ensure safe PC-relative loads
asm/code/code_0000C0.s:15895: Warning: section does not have enough alignment to ensure safe PC-relative loads
asm/code/code_0000C0.s:15898: Warning: section does not have enough alignment to ensure safe PC-relative loads
asm/code/code_0200C0.s:1100: Warning: section does not have enough alignment to ensure safe PC-relative loads
asm/code/code_0200C0.s:1131: Warning: section does not have enough alignment to ensure safe PC-relative loads
asm/code/code_0180C0.s:5962: Warning: section does not have enough alignment to ensure safe PC-relative loads
asm/code/code_0180C0.s:5964: Warning: section does not have enough alignment to ensure safe PC-relative loads
asm/code/code_0000C0.s:15918: Warning: section does not have enough alignment to ensure safe PC-relative loads
asm/code/code_0000C0.s:15919: Warning: section does not have enough alignment to ensure safe PC-relative loads
asm/code/code_0200C0.s:1168: Warning: section does not have enough alignment to ensure safe PC-relative loads
asm/code/code_0180C0.s:5980: Warning: section does not have enough alignment to ensure safe PC-relative loads
asm/code/code_0180C0.s:5993: Warning: section does not have enough alignment to ensure safe PC-relative loads
asm/code/code_0000C0.s:15922: Warning: section does not have enough alignment to ensure safe PC-relative loads
asm/code/code_0000C0.s:15945: Warning: section does not have enough alignment to ensure safe PC-relative loads
asm/code/code_0200C0.s:1186: Warning: section does not have enough alignment to ensure safe PC-relative loads
asm/code/code_0200C0.s:1216: Warning: section does not have enough alignment to ensure safe PC-relative loads
asm/code/code_0180C0.s:6012: Warning: section does not have enough alignment to ensure safe PC-relative loads
asm/code/code_0180C0.s:6014: Warning: section does not have enough alignment to ensure safe PC-relative loads
asm/code/code_0000C0.s:15946: Warning: section does not have enough alignment to ensure safe PC-relative loads
asm/code/code_0000C0.s:15949: Warning: section does not have enough alignment to ensure safe PC-relative loads
asm/code/code_0200C0.s:1225: Warning: section does not have enough alignment to ensure safe PC-relative loads
asm/code/code_0200C0.s:1264: Warning: section does not have enough alignment to ensure safe PC-relative loads
asm/code/code_0180C0.s:6020: Warning: section does not have enough alignment to ensure safe PC-relative loads
asm/code/code_0000C0.s:15977: Warning: section does not have enough alignment to ensure safe PC-relative loads
asm/code/code_0000C0.s:15978: Warning: section does not have enough alignment to ensure safe PC-relative loads
asm/code/code_0200C0.s:1295: Warning: section does not have enough alignment to ensure safe PC-relative loads
asm/code/code_0200C0.s:1313: Warning: section does not have enough alignment to ensure safe PC-relative loads
asm/code/code_0180C0.s:6030: Warning: section does not have enough alignment to ensure safe PC-relative loads
asm/code/code_0180C0.s:6034: Warning: section does not have enough alignment to ensure safe PC-relative loads
asm/code/code_0000C0.s:15981: Warning: section does not have enough alignment to ensure safe PC-relative loads
asm/code/code_0000C0.s:16002: Warning: section does not have enough alignment to ensure safe PC-relative loads
asm/code/code_0200C0.s:1360: Warning: section does not have enough alignment to ensure safe PC-relative loads
asm/code/code_0200C0.s:1416: Warning: section does not have enough alignment to ensure safe PC-relative loads
asm/code/code_0180C0.s:6036: Warning: section does not have enough alignment to ensure safe PC-relative loads
asm/code/code_0180C0.s:6042: Warning: section does not have enough alignment to ensure safe PC-relative loads
asm/code/code_0000C0.s:16003: Warning: section does not have enough alignment to ensure safe PC-relative loads
asm/code/code_0000C0.s:16006: Warning: section does not have enough alignment to ensure safe PC-relative loads
asm/code/code_0200C0.s:1454: Warning: section does not have enough alignment to ensure safe PC-relative loads
asm/code/code_0180C0.s:6050: Warning: section does not have enough alignment to ensure safe PC-relative loads
asm/code/code_0000C0.s:16032: Warning: section does not have enough alignment to ensure safe PC-relative loads
asm/code/code_0000C0.s:16033: Warning: section does not have enough alignment to ensure safe PC-relative loads
asm/code/code_0200C0.s:1502: Warning: section does not have enough alignment to ensure safe PC-relative loads
asm/code/code_0200C0.s:1548: Warning: section does not have enough alignment to ensure safe PC-relative loads
asm/code/code_0180C0.s:6158: Warning: section does not have enough alignment to ensure safe PC-relative loads
asm/code/code_0180C0.s:6160: Warning: section does not have enough alignment to ensure safe PC-relative loads
asm/code/code_0000C0.s:16036: Warning: section does not have enough alignment to ensure safe PC-relative loads
asm/code/code_0000C0.s:16061: Warning: section does not have enough alignment to ensure safe PC-relative loads
asm/code/code_0200C0.s:1590: Warning: section does not have enough alignment to ensure safe PC-relative loads
asm/code/code_0180C0.s:6172: Warning: section does not have enough alignment to ensure safe PC-relative loads
asm/code/code_0180C0.s:6174: Warning: section does not have enough alignment to ensure safe PC-relative loads
asm/code/code_0000C0.s:16062: Warning: section does not have enough alignment to ensure safe PC-relative loads
asm/code/code_0000C0.s:16065: Warning: section does not have enough alignment to ensure safe PC-relative loads
asm/code/code_0200C0.s:1639: Warning: section does not have enough alignment to ensure safe PC-relative loads
asm/code/code_0180C0.s:6184: Warning: section does not have enough alignment to ensure safe PC-relative loads
asm/code/code_0180C0.s:6186: Warning: section does not have enough alignment to ensure safe PC-relative loads
asm/code/code_0000C0.s:16083: Warning: section does not have enough alignment to ensure safe PC-relative loads
asm/code/code_0000C0.s:16084: Warning: section does not have enough alignment to ensure safe PC-relative loads
asm/code/code_0200C0.s:1670: Warning: section does not have enough alignment to ensure safe PC-relative loads
asm/code/code_0200C0.s:1758: Warning: section does not have enough alignment to ensure safe PC-relative loads
asm/code/code_0180C0.s:6192: Warning: section does not have enough alignment to ensure safe PC-relative loads
asm/code/code_0180C0.s:6224: Warning: section does not have enough alignment to ensure safe PC-relative loads
asm/code/code_0000C0.s:16087: Warning: section does not have enough alignment to ensure safe PC-relative loads
asm/code/code_0000C0.s:16108: Warning: section does not have enough alignment to ensure safe PC-relative loads
asm/code/code_0200C0.s:1783: Warning: section does not have enough alignment to ensure safe PC-relative loads
asm/code/code_0180C0.s:6234: Warning: section does not have enough alignment to ensure safe PC-relative loads
asm/code/code_0180C0.s:6246: Warning: section does not have enough alignment to ensure safe PC-relative loads
asm/code/code_0000C0.s:16109: Warning: section does not have enough alignment to ensure safe PC-relative loads
asm/code/code_0000C0.s:16112: Warning: section does not have enough alignment to ensure safe PC-relative loads
asm/code/code_0200C0.s:1820: Warning: section does not have enough alignment to ensure safe PC-relative loads
asm/code/code_0200C0.s:1843: Warning: section does not have enough alignment to ensure safe PC-relative loads
asm/code/code_0180C0.s:6269: Warning: section does not have enough alignment to ensure safe PC-relative loads
asm/code/code_0180C0.s:6282: Warning: section does not have enough alignment to ensure safe PC-relative loads
asm/code/code_0000C0.s:16132: Warning: section does not have enough alignment to ensure safe PC-relative loads
asm/code/code_0000C0.s:16133: Warning: section does not have enough alignment to ensure safe PC-relative loads
asm/code/code_0200C0.s:1878: Warning: section does not have enough alignment to ensure safe PC-relative loads
asm/code/code_0200C0.s:1887: Warning: section does not have enough alignment to ensure safe PC-relative loads
asm/code/code_0180C0.s:6287: Warning: section does not have enough alignment to ensure safe PC-relative loads
asm/code/code_0180C0.s:6305: Warning: section does not have enough alignment to ensure safe PC-relative loads
asm/code/code_0000C0.s:16136: Warning: section does not have enough alignment to ensure safe PC-relative loads
asm/code/code_0000C0.s:16165: Warning: section does not have enough alignment to ensure safe PC-relative loads
asm/code/code_0200C0.s:1901: Warning: section does not have enough alignment to ensure safe PC-relative loads
asm/code/code_0180C0.s:6317: Warning: section does not have enough alignment to ensure safe PC-relative loads
asm/code/code_0180C0.s:6322: Warning: section does not have enough alignment to ensure safe PC-relative loads
asm/code/code_0000C0.s:16166: Warning: section does not have enough alignment to ensure safe PC-relative loads
asm/code/code_0000C0.s:16169: Warning: section does not have enough alignment to ensure safe PC-relative loads
asm/code/code_0200C0.s:1934: Warning: section does not have enough alignment to ensure safe PC-relative loads
asm/code/code_0200C0.s:1963: Warning: section does not have enough alignment to ensure safe PC-relative loads
asm/code/code_0180C0.s:6337: Warning: section does not have enough alignment to ensure safe PC-relative loads
asm/code/code_0180C0.s:6354: Warning: section does not have enough alignment to ensure safe PC-relative loads
asm/code/code_0000C0.s:16204: Warning: section does not have enough alignment to ensure safe PC-relative loads
asm/code/code_0000C0.s:16205: Warning: section does not have enough alignment to ensure safe PC-relative loads
asm/code/code_0200C0.s:1981: Warning: section does not have enough alignment to ensure safe PC-relative loads
asm/code/code_0200C0.s:1989: Warning: section does not have enough alignment to ensure safe PC-relative loads
asm/code/code_0180C0.s:6361: Warning: section does not have enough alignment to ensure safe PC-relative loads
asm/code/code_0000C0.s:16321: Warning: section does not have enough alignment to ensure safe PC-relative loads
asm/code/code_0200C0.s:2019: Warning: section does not have enough alignment to ensure safe PC-relative loads
asm/code/code_0200C0.s:2086: Warning: section does not have enough alignment to ensure safe PC-relative loads
asm/code/code_0180C0.s:6368: Warning: section does not have enough alignment to ensure safe PC-relative loads
asm/code/code_0180C0.s:6385: Warning: section does not have enough alignment to ensure safe PC-relative loads
asm/code/code_0000C0.s:16842: Warning: section does not have enough alignment to ensure safe PC-relative loads
asm/code/code_0000C0.s:16844: Warning: section does not have enough alignment to ensure safe PC-relative loads
asm/code/code_0200C0.s:2120: Warning: section does not have enough alignment to ensure safe PC-relative loads
asm/code/code_0180C0.s:6392: Warning: section does not have enough alignment to ensure safe PC-relative loads
asm/code/code_0180C0.s:6399: Warning: section does not have enough alignment to ensure safe PC-relative loads
asm/code/code_0000C0.s:16860: Warning: section does not have enough alignment to ensure safe PC-relative loads
asm/code/code_0000C0.s:16874: Warning: section does not have enough alignment to ensure safe PC-relative loads
asm/code/code_0200C0.s:2173: Warning: section does not have enough alignment to ensure safe PC-relative loads
asm/code/code_0200C0.s:2206: Warning: section does not have enough alignment to ensure safe PC-relative loads
asm/code/code_0180C0.s:6415: Warning: section does not have enough alignment to ensure safe PC-relative loads
asm/code/code_0180C0.s:6423: Warning: section does not have enough alignment to ensure safe PC-relative loads
asm/code/code_0000C0.s:16876: Warning: section does not have enough alignment to ensure safe PC-relative loads
asm/code/code_0000C0.s:16899: Warning: section does not have enough alignment to ensure safe PC-relative loads
asm/code/code_0200C0.s:2261: Warning: section does not have enough alignment to ensure safe PC-relative loads
asm/code/code_0180C0.s:6506: Warning: section does not have enough alignment to ensure safe PC-relative loads
asm/code/code_0000C0.s:16901: Warning: section does not have enough alignment to ensure safe PC-relative loads
asm/code/code_0000C0.s:16918: Warning: section does not have enough alignment to ensure safe PC-relative loads
asm/code/code_0200C0.s:2306: Warning: section does not have enough alignment to ensure safe PC-relative loads
asm/code/code_0200C0.s:2337: Warning: section does not have enough alignment to ensure safe PC-relative loads
asm/code/code_0180C0.s:6642: Warning: section does not have enough alignment to ensure safe PC-relative loads
asm/code/code_0000C0.s:16920: Warning: section does not have enough alignment to ensure safe PC-relative loads
asm/code/code_0200C0.s:2398: Warning: section does not have enough alignment to ensure safe PC-relative loads
asm/code/code_0180C0.s:6673: Warning: section does not have enough alignment to ensure safe PC-relative loads
asm/code/code_0180C0.s:6678: Warning: section does not have enough alignment to ensure safe PC-relative loads
asm/code/code_0000C0.s:16935: Warning: section does not have enough alignment to ensure safe PC-relative loads
asm/code/code_0000C0.s:16937: Warning: section does not have enough alignment to ensure safe PC-relative loads
asm/code/code_0200C0.s:2423: Warning: section does not have enough alignment to ensure safe PC-relative loads
asm/code/code_0200C0.s:2460: Warning: section does not have enough alignment to ensure safe PC-relative loads
asm/code/code_0180C0.s:6688: Warning: section does not have enough alignment to ensure safe PC-relative loads
asm/code/code_0180C0.s:6692: Warning: section does not have enough alignment to ensure safe PC-relative loads
asm/code/code_0000C0.s:16954: Warning: section does not have enough alignment to ensure safe PC-relative loads
asm/code/code_0000C0.s:16956: Warning: section does not have enough alignment to ensure safe PC-relative loads
asm/code/code_0200C0.s:2483: Warning: section does not have enough alignment to ensure safe PC-relative loads
asm/code/code_0200C0.s:2509: Warning: section does not have enough alignment to ensure safe PC-relative loads
asm/code/code_0180C0.s:6696: Warning: section does not have enough alignment to ensure safe PC-relative loads
asm/code/code_0180C0.s:6703: Warning: section does not have enough alignment to ensure safe PC-relative loads
asm/code/code_0000C0.s:17033: Warning: section does not have enough alignment to ensure safe PC-relative loads
asm/code/code_0200C0.s:2531: Warning: section does not have enough alignment to ensure safe PC-relative loads
asm/code/code_0180C0.s:6715: Warning: section does not have enough alignment to ensure safe PC-relative loads
asm/code/code_0000C0.s:17035: Warning: section does not have enough alignment to ensure safe PC-relative loads
asm/code/code_0200C0.s:2649: Warning: section does not have enough alignment to ensure safe PC-relative loads
asm/code/code_0200C0.s:2709: Warning: section does not have enough alignment to ensure safe PC-relative loads
asm/code/code_0180C0.s:6716: Warning: section does not have enough alignment to ensure safe PC-relative loads
asm/code/code_0180C0.s:6737: Warning: section does not have enough alignment to ensure safe PC-relative loads
asm/code/code_0000C0.s:17051: Warning: section does not have enough alignment to ensure safe PC-relative loads
asm/code/code_0000C0.s:17066: Warning: section does not have enough alignment to ensure safe PC-relative loads
asm/code/code_0200C0.s:2787: Warning: section does not have enough alignment to ensure safe PC-relative loads
asm/code/code_0180C0.s:6777: Warning: section does not have enough alignment to ensure safe PC-relative loads
asm/code/code_0180C0.s:6781: Warning: section does not have enough alignment to ensure safe PC-relative loads
asm/code/code_0000C0.s:17069: Warning: section does not have enough alignment to ensure safe PC-relative loads
asm/code/code_0000C0.s:17078: Warning: section does not have enough alignment to ensure safe PC-relative loads
asm/code/code_0200C0.s:2879: Warning: section does not have enough alignment to ensure safe PC-relative loads
asm/code/code_0200C0.s:2888: Warning: section does not have enough alignment to ensure safe PC-relative loads
asm/code/code_0180C0.s:6851: Warning: section does not have enough alignment to ensure safe PC-relative loads
asm/code/code_0180C0.s:6889: Warning: section does not have enough alignment to ensure safe PC-relative loads
asm/code/code_0000C0.s:17080: Warning: section does not have enough alignment to ensure safe PC-relative loads
asm/code/code_0000C0.s:17095: Warning: section does not have enough alignment to ensure safe PC-relative loads
asm/code/code_0200C0.s:2907: Warning: section does not have enough alignment to ensure safe PC-relative loads
asm/code/code_0200C0.s:2930: Warning: section does not have enough alignment to ensure safe PC-relative loads
asm/code/code_0180C0.s:6911: Warning: section does not have enough alignment to ensure safe PC-relative loads
asm/code/code_0180C0.s:6914: Warning: section does not have enough alignment to ensure safe PC-relative loads
asm/code/code_0000C0.s:17100: Warning: section does not have enough alignment to ensure safe PC-relative loads
asm/code/code_0000C0.s:17239: Warning: section does not have enough alignment to ensure safe PC-relative loads
asm/code/code_0200C0.s:3150: Warning: section does not have enough alignment to ensure safe PC-relative loads
asm/code/code_0200C0.s:3221: Warning: section does not have enough alignment to ensure safe PC-relative loads
asm/code/code_0180C0.s:6917: Warning: section does not have enough alignment to ensure safe PC-relative loads
asm/code/code_0180C0.s:6927: Warning: section does not have enough alignment to ensure safe PC-relative loads
asm/code/code_0000C0.s:17240: Warning: section does not have enough alignment to ensure safe PC-relative loads
asm/code/code_0200C0.s:3225: Warning: section does not have enough alignment to ensure safe PC-relative loads
asm/code/code_0200C0.s:3452: Warning: section does not have enough alignment to ensure safe PC-relative loads
asm/code/code_0180C0.s:6937: Warning: section does not have enough alignment to ensure safe PC-relative loads
asm/code/code_0000C0.s:17269: Warning: section does not have enough alignment to ensure safe PC-relative loads
asm/code/code_0200C0.s:3495: Warning: section does not have enough alignment to ensure safe PC-relative loads
asm/code/code_0200C0.s:3505: Warning: section does not have enough alignment to ensure safe PC-relative loads
asm/code/code_0180C0.s:6973: Warning: section does not have enough alignment to ensure safe PC-relative loads
asm/code/code_0180C0.s:6987: Warning: section does not have enough alignment to ensure safe PC-relative loads
asm/code/code_0000C0.s:17375: Warning: section does not have enough alignment to ensure safe PC-relative loads
asm/code/code_0000C0.s:17396: Warning: section does not have enough alignment to ensure safe PC-relative loads
asm/code/code_0200C0.s:3551: Warning: section does not have enough alignment to ensure safe PC-relative loads
asm/code/code_0200C0.s:3741: Warning: section does not have enough alignment to ensure safe PC-relative loads
asm/code/code_0180C0.s:7016: Warning: section does not have enough alignment to ensure safe PC-relative loads
asm/code/code_0180C0.s:7021: Warning: section does not have enough alignment to ensure safe PC-relative loads
asm/code/code_0000C0.s:17424: Warning: section does not have enough alignment to ensure safe PC-relative loads
asm/code/code_0000C0.s:17454: Warning: section does not have enough alignment to ensure safe PC-relative loads
asm/code/code_0200C0.s:3835: Warning: section does not have enough alignment to ensure safe PC-relative loads
asm/code/code_0200C0.s:3863: Warning: section does not have enough alignment to ensure safe PC-relative loads
asm/code/code_0180C0.s:7077: Warning: section does not have enough alignment to ensure safe PC-relative loads
asm/code/code_0180C0.s:7080: Warning: section does not have enough alignment to ensure safe PC-relative loads
asm/code/code_0000C0.s:17523: Warning: section does not have enough alignment to ensure safe PC-relative loads
asm/code/code_0000C0.s:17544: Warning: section does not have enough alignment to ensure safe PC-relative loads
asm/code/code_0200C0.s:3878: Warning: section does not have enough alignment to ensure safe PC-relative loads
asm/code/code_0200C0.s:3886: Warning: section does not have enough alignment to ensure safe PC-relative loads
asm/code/code_0180C0.s:7150: Warning: section does not have enough alignment to ensure safe PC-relative loads
asm/code/code_0000C0.s:17594: Warning: section does not have enough alignment to ensure safe PC-relative loads
asm/code/code_0000C0.s:17596: Warning: section does not have enough alignment to ensure safe PC-relative loads
asm/code/code_0200C0.s:3920: Warning: section does not have enough alignment to ensure safe PC-relative loads
asm/code/code_0200C0.s:3974: Warning: section does not have enough alignment to ensure safe PC-relative loads
asm/code/code_0180C0.s:7156: Warning: section does not have enough alignment to ensure safe PC-relative loads
asm/code/code_0180C0.s:7166: Warning: section does not have enough alignment to ensure safe PC-relative loads
asm/code/code_0000C0.s:17641: Warning: section does not have enough alignment to ensure safe PC-relative loads
asm/code/code_0000C0.s:17646: Warning: section does not have enough alignment to ensure safe PC-relative loads
asm/code/code_0200C0.s:4024: Warning: section does not have enough alignment to ensure safe PC-relative loads
asm/code/code_0200C0.s:4073: Warning: section does not have enough alignment to ensure safe PC-relative loads
asm/code/code_0180C0.s:7169: Warning: section does not have enough alignment to ensure safe PC-relative loads
asm/code/code_0180C0.s:7175: Warning: section does not have enough alignment to ensure safe PC-relative loads
asm/code/code_0000C0.s:17648: Warning: section does not have enough alignment to ensure safe PC-relative loads
asm/code/code_0000C0.s:17665: Warning: section does not have enough alignment to ensure safe PC-relative loads
asm/code/code_0200C0.s:4118: Warning: section does not have enough alignment to ensure safe PC-relative loads
asm/code/code_0200C0.s:4142: Warning: section does not have enough alignment to ensure safe PC-relative loads
asm/code/code_0180C0.s:7182: Warning: section does not have enough alignment to ensure safe PC-relative loads
asm/code/code_0000C0.s:17670: Warning: section does not have enough alignment to ensure safe PC-relative loads
asm/code/code_0200C0.s:4159: Warning: section does not have enough alignment to ensure safe PC-relative loads
asm/code/code_0200C0.s:4164: Warning: section does not have enough alignment to ensure safe PC-relative loads
asm/code/code_0180C0.s:7198: Warning: section does not have enough alignment to ensure safe PC-relative loads
asm/code/code_0180C0.s:7199: Warning: section does not have enough alignment to ensure safe PC-relative loads
asm/code/code_0000C0.s:17693: Warning: section does not have enough alignment to ensure safe PC-relative loads
asm/code/code_0000C0.s:17853: Warning: section does not have enough alignment to ensure safe PC-relative loads
asm/code/code_0200C0.s:4360: Warning: section does not have enough alignment to ensure safe PC-relative loads
asm/code/code_0200C0.s:4395: Warning: section does not have enough alignment to ensure safe PC-relative loads
asm/code/code_0180C0.s:7215: Warning: section does not have enough alignment to ensure safe PC-relative loads
asm/code/code_0000C0.s:17871: Warning: section does not have enough alignment to ensure safe PC-relative loads
asm/code/code_0000C0.s:17880: Warning: section does not have enough alignment to ensure safe PC-relative loads
asm/code/code_0200C0.s:4398: Warning: section does not have enough alignment to ensure safe PC-relative loads
asm/code/code_0200C0.s:4409: Warning: section does not have enough alignment to ensure safe PC-relative loads
asm/code/code_0180C0.s:7255: Warning: section does not have enough alignment to ensure safe PC-relative loads
asm/code/code_0180C0.s:7262: Warning: section does not have enough alignment to ensure safe PC-relative loads
asm/code/code_0000C0.s:17885: Warning: section does not have enough alignment to ensure safe PC-relative loads
asm/code/code_0200C0.s:4486: Warning: section does not have enough alignment to ensure safe PC-relative loads
asm/code/code_0200C0.s:4514: Warning: section does not have enough alignment to ensure safe PC-relative loads
asm/code/code_0180C0.s:7265: Warning: section does not have enough alignment to ensure safe PC-relative loads
asm/code/code_0180C0.s:7342: Warning: section does not have enough alignment to ensure safe PC-relative loads
asm/code/code_0000C0.s:17886: Warning: section does not have enough alignment to ensure safe PC-relative loads
asm/code/code_0000C0.s:17894: Warning: section does not have enough alignment to ensure safe PC-relative loads
asm/code/code_0200C0.s:4522: Warning: section does not have enough alignment to ensure safe PC-relative loads
asm/code/code_0200C0.s:4526: Warning: section does not have enough alignment to ensure safe PC-relative loads
asm/code/code_0180C0.s:7347: Warning: section does not have enough alignment to ensure safe PC-relative loads
asm/code/code_0180C0.s:7354: Warning: section does not have enough alignment to ensure safe PC-relative loads
asm/code/code_0000C0.s:17897: Warning: section does not have enough alignment to ensure safe PC-relative loads
asm/code/code_0000C0.s:17932: Warning: section does not have enough alignment to ensure safe PC-relative loads
asm/code/code_0200C0.s:4538: Warning: section does not have enough alignment to ensure safe PC-relative loads
asm/code/code_0200C0.s:4582: Warning: section does not have enough alignment to ensure safe PC-relative loads
asm/code/code_0180C0.s:7376: Warning: section does not have enough alignment to ensure safe PC-relative loads
asm/code/code_0180C0.s:7396: Warning: section does not have enough alignment to ensure safe PC-relative loads
asm/code/code_0000C0.s:18001: Warning: section does not have enough alignment to ensure safe PC-relative loads
asm/code/code_0200C0.s:4592: Warning: section does not have enough alignment to ensure safe PC-relative loads
asm/code/code_0200C0.s:4600: Warning: section does not have enough alignment to ensure safe PC-relative loads
asm/code/code_0180C0.s:7406: Warning: section does not have enough alignment to ensure safe PC-relative loads
asm/code/code_0180C0.s:7409: Warning: section does not have enough alignment to ensure safe PC-relative loads
asm/code/code_0000C0.s:18019: Warning: section does not have enough alignment to ensure safe PC-relative loads
asm/code/code_0200C0.s:4636: Warning: section does not have enough alignment to ensure safe PC-relative loads
asm/code/code_0180C0.s:7412: Warning: section does not have enough alignment to ensure safe PC-relative loads
asm/code/code_0180C0.s:7415: Warning: section does not have enough alignment to ensure safe PC-relative loads
asm/code/code_0000C0.s:18067: Warning: section does not have enough alignment to ensure safe PC-relative loads
asm/code/code_0200C0.s:4691: Warning: section does not have enough alignment to ensure safe PC-relative loads
asm/code/code_0180C0.s:7418: Warning: section does not have enough alignment to ensure safe PC-relative loads
asm/code/code_0180C0.s:7479: Warning: section does not have enough alignment to ensure safe PC-relative loads
asm/code/code_0000C0.s:18123: Warning: section does not have enough alignment to ensure safe PC-relative loads
asm/code/code_0000C0.s:18141: Warning: section does not have enough alignment to ensure safe PC-relative loads
asm/code/code_0200C0.s:4727: Warning: section does not have enough alignment to ensure safe PC-relative loads
asm/code/code_0180C0.s:7486: Warning: section does not have enough alignment to ensure safe PC-relative loads
asm/code/code_0180C0.s:7492: Warning: section does not have enough alignment to ensure safe PC-relative loads
asm/code/code_0000C0.s:18154: Warning: section does not have enough alignment to ensure safe PC-relative loads
asm/code/code_0000C0.s:18159: Warning: section does not have enough alignment to ensure safe PC-relative loads
asm/code/code_0200C0.s:4786: Warning: section does not have enough alignment to ensure safe PC-relative loads
asm/code/code_0200C0.s:4826: Warning: section does not have enough alignment to ensure safe PC-relative loads
asm/code/code_0180C0.s:7504: Warning: section does not have enough alignment to ensure safe PC-relative loads
asm/code/code_0180C0.s:7532: Warning: section does not have enough alignment to ensure safe PC-relative loads
asm/code/code_0000C0.s:18160: Warning: section does not have enough alignment to ensure safe PC-relative loads
asm/code/code_0000C0.s:18164: Warning: section does not have enough alignment to ensure safe PC-relative loads
asm/code/code_0200C0.s:4873: Warning: section does not have enough alignment to ensure safe PC-relative loads
asm/code/code_0200C0.s:4889: Warning: section does not have enough alignment to ensure safe PC-relative loads
asm/code/code_0180C0.s:7543: Warning: section does not have enough alignment to ensure safe PC-relative loads
asm/code/code_0180C0.s:7552: Warning: section does not have enough alignment to ensure safe PC-relative loads
asm/code/code_0000C0.s:18173: Warning: section does not have enough alignment to ensure safe PC-relative loads
asm/code/code_0000C0.s:18224: Warning: section does not have enough alignment to ensure safe PC-relative loads
asm/code/code_0200C0.s:4893: Warning: section does not have enough alignment to ensure safe PC-relative loads
asm/code/code_0200C0.s:4994: Warning: section does not have enough alignment to ensure safe PC-relative loads
asm/code/code_0180C0.s:7553: Warning: section does not have enough alignment to ensure safe PC-relative loads
asm/code/code_0000C0.s:18257: Warning: section does not have enough alignment to ensure safe PC-relative loads
asm/code/code_0000C0.s:18297: Warning: section does not have enough alignment to ensure safe PC-relative loads
asm/code/code_0200C0.s:5009: Warning: section does not have enough alignment to ensure safe PC-relative loads
asm/code/code_0200C0.s:5014: Warning: section does not have enough alignment to ensure safe PC-relative loads
asm/code/code_0180C0.s:7555: Warning: section does not have enough alignment to ensure safe PC-relative loads
asm/code/code_0180C0.s:7562: Warning: section does not have enough alignment to ensure safe PC-relative loads
asm/code/code_0000C0.s:18337: Warning: section does not have enough alignment to ensure safe PC-relative loads
asm/code/code_0200C0.s:5101: Warning: section does not have enough alignment to ensure safe PC-relative loads
asm/code/code_0200C0.s:5136: Warning: section does not have enough alignment to ensure safe PC-relative loads
asm/code/code_0180C0.s:7686: Warning: section does not have enough alignment to ensure safe PC-relative loads
asm/code/code_0200C0.s:5139: Warning: section does not have enough alignment to ensure safe PC-relative loads
asm/code/code_0200C0.s:5149: Warning: section does not have enough alignment to ensure safe PC-relative loads
asm/code/code_0180C0.s:7687: Warning: section does not have enough alignment to ensure safe PC-relative loads
asm/code/code_0180C0.s:7744: Warning: section does not have enough alignment to ensure safe PC-relative loads
asm/code/code_0200C0.s:5214: Warning: section does not have enough alignment to ensure safe PC-relative loads
asm/code/code_0200C0.s:5248: Warning: section does not have enough alignment to ensure safe PC-relative loads
asm/code/code_0180C0.s:7813: Warning: section does not have enough alignment to ensure safe PC-relative loads
asm/code/code_0200C0.s:5270: Warning: section does not have enough alignment to ensure safe PC-relative loads
asm/code/code_0200C0.s:5409: Warning: section does not have enough alignment to ensure safe PC-relative loads
asm/code/code_0180C0.s:7814: Warning: section does not have enough alignment to ensure safe PC-relative loads
asm/code/code_0180C0.s:7868: Warning: section does not have enough alignment to ensure safe PC-relative loads
asm/code/code_0200C0.s:5471: Warning: section does not have enough alignment to ensure safe PC-relative loads
asm/code/code_0200C0.s:5562: Warning: section does not have enough alignment to ensure safe PC-relative loads
asm/code/code_0180C0.s:7936: Warning: section does not have enough alignment to ensure safe PC-relative loads
asm/code/code_0180C0.s:7937: Warning: section does not have enough alignment to ensure safe PC-relative loads
asm/code/code_0200C0.s:5566: Warning: section does not have enough alignment to ensure safe PC-relative loads
asm/code/code_0200C0.s:5698: Warning: section does not have enough alignment to ensure safe PC-relative loads
asm/code/code_0180C0.s:7947: Warning: section does not have enough alignment to ensure safe PC-relative loads
asm/code/code_0180C0.s:7985: Warning: section does not have enough alignment to ensure safe PC-relative loads
asm/code/code_0200C0.s:5707: Warning: section does not have enough alignment to ensure safe PC-relative loads
asm/code/code_0200C0.s:5721: Warning: section does not have enough alignment to ensure safe PC-relative loads
asm/code/code_0180C0.s:8045: Warning: section does not have enough alignment to ensure safe PC-relative loads
asm/code/code_0180C0.s:8046: Warning: section does not have enough alignment to ensure safe PC-relative loads
asm/code/code_0200C0.s:5744: Warning: section does not have enough alignment to ensure safe PC-relative loads
asm/code/code_0180C0.s:8092: Warning: section does not have enough alignment to ensure safe PC-relative loads
asm/code/code_0180C0.s:8153: Warning: section does not have enough alignment to ensure safe PC-relative loads
asm/code/code_0200C0.s:5803: Warning: section does not have enough alignment to ensure safe PC-relative loads
asm/code/code_0200C0.s:5843: Warning: section does not have enough alignment to ensure safe PC-relative loads
asm/code/code_0180C0.s:8181: Warning: section does not have enough alignment to ensure safe PC-relative loads
asm/code/code_0180C0.s:8190: Warning: section does not have enough alignment to ensure safe PC-relative loads
asm/code/code_0200C0.s:5921: Warning: section does not have enough alignment to ensure safe PC-relative loads
asm/code/code_0200C0.s:5933: Warning: section does not have enough alignment to ensure safe PC-relative loads
asm/code/code_0180C0.s:8245: Warning: section does not have enough alignment to ensure safe PC-relative loads
asm/code/code_0200C0.s:6010: Warning: section does not have enough alignment to ensure safe PC-relative loads
asm/code/code_0200C0.s:6013: Warning: section does not have enough alignment to ensure safe PC-relative loads
asm/code/code_0180C0.s:8309: Warning: section does not have enough alignment to ensure safe PC-relative loads
asm/code/code_0180C0.s:8310: Warning: section does not have enough alignment to ensure safe PC-relative loads
asm/code/code_0200C0.s:6045: Warning: section does not have enough alignment to ensure safe PC-relative loads
asm/code/code_0200C0.s:6047: Warning: section does not have enough alignment to ensure safe PC-relative loads
asm/code/code_0180C0.s:8313: Warning: section does not have enough alignment to ensure safe PC-relative loads
asm/code/code_0200C0.s:6054: Warning: section does not have enough alignment to ensure safe PC-relative loads
asm/code/code_0200C0.s:6084: Warning: section does not have enough alignment to ensure safe PC-relative loads
asm/code/code_0180C0.s:8525: Warning: section does not have enough alignment to ensure safe PC-relative loads
asm/code/code_0180C0.s:8565: Warning: section does not have enough alignment to ensure safe PC-relative loads
AS      asm/code/code_0280C0.s
asm/code/code_0200C0.s:6091: Warning: section does not have enough alignment to ensure safe PC-relative loads
asm/code/code_0200C0.s:6093: Warning: section does not have enough alignment to ensure safe PC-relative loads
asm/code/code_0180C0.s:8568: Warning: section does not have enough alignment to ensure safe PC-relative loads
asm/code/code_0180C0.s:8570: Warning: section does not have enough alignment to ensure safe PC-relative loads
asm/code/code_0200C0.s:6112: Warning: section does not have enough alignment to ensure safe PC-relative loads
asm/code/code_0200C0.s:6115: Warning: section does not have enough alignment to ensure safe PC-relative loads
asm/code/code_0180C0.s:8579: Warning: section does not have enough alignment to ensure safe PC-relative loads
asm/code/code_0180C0.s:8589: Warning: section does not have enough alignment to ensure safe PC-relative loads
asm/code/code_0200C0.s:6118: Warning: section does not have enough alignment to ensure safe PC-relative loads
asm/code/code_0200C0.s:6124: Warning: section does not have enough alignment to ensure safe PC-relative loads
asm/code/code_0180C0.s:8591: Warning: section does not have enough alignment to ensure safe PC-relative loads
asm/code/code_0180C0.s:8648: Warning: section does not have enough alignment to ensure safe PC-relative loads
asm/code/code_0200C0.s:6127: Warning: section does not have enough alignment to ensure safe PC-relative loads
asm/code/code_0200C0.s:6130: Warning: section does not have enough alignment to ensure safe PC-relative loads
asm/code/code_0180C0.s:8718: Warning: section does not have enough alignment to ensure safe PC-relative loads
asm/code/code_0180C0.s:8723: Warning: section does not have enough alignment to ensure safe PC-relative loads
asm/code/code_0200C0.s:6165: Warning: section does not have enough alignment to ensure safe PC-relative loads
asm/code/code_0200C0.s:6213: Warning: section does not have enough alignment to ensure safe PC-relative loads
asm/code/code_0180C0.s:8764: Warning: section does not have enough alignment to ensure safe PC-relative loads
asm/code/code_0180C0.s:8769: Warning: section does not have enough alignment to ensure safe PC-relative loads
asm/code/code_0200C0.s:6258: Warning: section does not have enough alignment to ensure safe PC-relative loads
asm/code/code_0180C0.s:8791: Warning: section does not have enough alignment to ensure safe PC-relative loads
asm/code/code_0180C0.s:8820: Warning: section does not have enough alignment to ensure safe PC-relative loads
asm/code/code_0200C0.s:6278: Warning: section does not have enough alignment to ensure safe PC-relative loads
asm/code/code_0180C0.s:8829: Warning: section does not have enough alignment to ensure safe PC-relative loads
asm/code/code_0200C0.s:6297: Warning: section does not have enough alignment to ensure safe PC-relative loads
asm/code/code_0180C0.s:8836: Warning: section does not have enough alignment to ensure safe PC-relative loads
asm/code/code_0180C0.s:8842: Warning: section does not have enough alignment to ensure safe PC-relative loads
asm/code/code_0200C0.s:6577: Warning: section does not have enough alignment to ensure safe PC-relative loads
asm/code/code_0200C0.s:6811: Warning: section does not have enough alignment to ensure safe PC-relative loads
asm/code/code_0180C0.s:8843: Warning: section does not have enough alignment to ensure safe PC-relative loads
asm/code/code_0180C0.s:8847: Warning: section does not have enough alignment to ensure safe PC-relative loads
asm/code/code_0200C0.s:6817: Warning: section does not have enough alignment to ensure safe PC-relative loads
asm/code/code_0200C0.s:6840: Warning: section does not have enough alignment to ensure safe PC-relative loads
asm/code/code_0180C0.s:8849: Warning: section does not have enough alignment to ensure safe PC-relative loads
asm/code/code_0180C0.s:8881: Warning: section does not have enough alignment to ensure safe PC-relative loads
asm/code/code_0200C0.s:6873: Warning: section does not have enough alignment to ensure safe PC-relative loads
asm/code/code_0200C0.s:6961: Warning: section does not have enough alignment to ensure safe PC-relative loads
asm/code/code_0180C0.s:8886: Warning: section does not have enough alignment to ensure safe PC-relative loads
asm/code/code_0180C0.s:8904: Warning: section does not have enough alignment to ensure safe PC-relative loads
asm/code/code_0200C0.s:6977: Warning: section does not have enough alignment to ensure safe PC-relative loads
asm/code/code_0200C0.s:6998: Warning: section does not have enough alignment to ensure safe PC-relative loads
asm/code/code_0180C0.s:8910: Warning: section does not have enough alignment to ensure safe PC-relative loads
asm/code/code_0180C0.s:8914: Warning: section does not have enough alignment to ensure safe PC-relative loads
asm/code/code_0200C0.s:7021: Warning: section does not have enough alignment to ensure safe PC-relative loads
asm/code/code_0200C0.s:7023: Warning: section does not have enough alignment to ensure safe PC-relative loads
asm/code/code_0280C0.s: Assembler messages:
asm/code/code_0180C0.s:8936: Warning: section does not have enough alignment to ensure safe PC-relative loads
asm/code/code_0180C0.s:8943: Warning: section does not have enough alignment to ensure safe PC-relative loads
asm/code/code_0200C0.s:7047: Warning: section does not have enough alignment to ensure safe PC-relative loads
asm/code/code_0200C0.s:7095: Warning: section does not have enough alignment to ensure safe PC-relative loads
asm/code/code_0280C0.s:117: Warning: section does not have enough alignment to ensure safe PC-relative loads
asm/code/code_0180C0.s:8950: Warning: section does not have enough alignment to ensure safe PC-relative loads
asm/code/code_0180C0.s:8971: Warning: section does not have enough alignment to ensure safe PC-relative loads
asm/code/code_0200C0.s:7097: Warning: section does not have enough alignment to ensure safe PC-relative loads
asm/code/code_0280C0.s:194: Warning: section does not have enough alignment to ensure safe PC-relative loads
asm/code/code_0180C0.s:8981: Warning: section does not have enough alignment to ensure safe PC-relative loads
asm/code/code_0180C0.s:8996: Warning: section does not have enough alignment to ensure safe PC-relative loads
asm/code/code_0200C0.s:7163: Warning: section does not have enough alignment to ensure safe PC-relative loads
asm/code/code_0200C0.s:7199: Warning: section does not have enough alignment to ensure safe PC-relative loads
asm/code/code_0280C0.s:254: Warning: section does not have enough alignment to ensure safe PC-relative loads
asm/code/code_0280C0.s:255: Warning: section does not have enough alignment to ensure safe PC-relative loads
asm/code/code_0180C0.s:9004: Warning: section does not have enough alignment to ensure safe PC-relative loads
asm/code/code_0180C0.s:9019: Warning: section does not have enough alignment to ensure safe PC-relative loads
asm/code/code_0200C0.s:7291: Warning: section does not have enough alignment to ensure safe PC-relative loads
asm/code/code_0200C0.s:7294: Warning: section does not have enough alignment to ensure safe PC-relative loads
asm/code/code_0280C0.s:324: Warning: section does not have enough alignment to ensure safe PC-relative loads
asm/code/code_0280C0.s:325: Warning: section does not have enough alignment to ensure safe PC-relative loads
asm/code/code_0180C0.s:9115: Warning: section does not have enough alignment to ensure safe PC-relative loads
asm/code/code_0180C0.s:9201: Warning: section does not have enough alignment to ensure safe PC-relative loads
asm/code/code_0200C0.s:7304: Warning: section does not have enough alignment to ensure safe PC-relative loads
asm/code/code_0200C0.s:7339: Warning: section does not have enough alignment to ensure safe PC-relative loads
asm/code/code_0280C0.s:366: Warning: section does not have enough alignment to ensure safe PC-relative loads
asm/code/code_0280C0.s:368: Warning: section does not have enough alignment to ensure safe PC-relative loads
asm/code/code_0180C0.s:9205: Warning: section does not have enough alignment to ensure safe PC-relative loads
asm/code/code_0200C0.s:7380: Warning: section does not have enough alignment to ensure safe PC-relative loads
asm/code/code_0280C0.s:382: Warning: section does not have enough alignment to ensure safe PC-relative loads
asm/code/code_0280C0.s:471: Warning: section does not have enough alignment to ensure safe PC-relative loads
asm/code/code_0180C0.s:9230: Warning: section does not have enough alignment to ensure safe PC-relative loads
asm/code/code_0200C0.s:7444: Warning: section does not have enough alignment to ensure safe PC-relative loads
asm/code/code_0200C0.s:7487: Warning: section does not have enough alignment to ensure safe PC-relative loads
asm/code/code_0280C0.s:533: Warning: section does not have enough alignment to ensure safe PC-relative loads
asm/code/code_0180C0.s:9232: Warning: section does not have enough alignment to ensure safe PC-relative loads
asm/code/code_0200C0.s:7541: Warning: section does not have enough alignment to ensure safe PC-relative loads
asm/code/code_0280C0.s:777: Warning: section does not have enough alignment to ensure safe PC-relative loads
asm/code/code_0280C0.s:851: Warning: section does not have enough alignment to ensure safe PC-relative loads
asm/code/code_0180C0.s:9289: Warning: section does not have enough alignment to ensure safe PC-relative loads
asm/code/code_0180C0.s:9299: Warning: section does not have enough alignment to ensure safe PC-relative loads
asm/code/code_0200C0.s:7759: Warning: section does not have enough alignment to ensure safe PC-relative loads
asm/code/code_0200C0.s:7768: Warning: section does not have enough alignment to ensure safe PC-relative loads
asm/code/code_0280C0.s:917: Warning: section does not have enough alignment to ensure safe PC-relative loads
asm/code/code_0280C0.s:1239: Warning: section does not have enough alignment to ensure safe PC-relative loads
asm/code/code_0180C0.s:9320: Warning: section does not have enough alignment to ensure safe PC-relative loads
asm/code/code_0180C0.s:9329: Warning: section does not have enough alignment to ensure safe PC-relative loads
asm/code/code_0200C0.s:7969: Warning: section does not have enough alignment to ensure safe PC-relative loads
asm/code/code_0200C0.s:7993: Warning: section does not have enough alignment to ensure safe PC-relative loads
asm/code/code_0280C0.s:1354: Warning: section does not have enough alignment to ensure safe PC-relative loads
asm/code/code_0180C0.s:9406: Warning: section does not have enough alignment to ensure safe PC-relative loads
asm/code/code_0200C0.s:8140: Warning: section does not have enough alignment to ensure safe PC-relative loads
asm/code/code_0200C0.s:8523: Warning: section does not have enough alignment to ensure safe PC-relative loads
asm/code/code_0280C0.s:1687: Warning: section does not have enough alignment to ensure safe PC-relative loads
asm/code/code_0280C0.s:1688: Warning: section does not have enough alignment to ensure safe PC-relative loads
asm/code/code_0180C0.s:9411: Warning: section does not have enough alignment to ensure safe PC-relative loads
asm/code/code_0180C0.s:9434: Warning: section does not have enough alignment to ensure safe PC-relative loads
asm/code/code_0200C0.s:8526: Warning: section does not have enough alignment to ensure safe PC-relative loads
asm/code/code_0200C0.s:8539: Warning: section does not have enough alignment to ensure safe PC-relative loads
asm/code/code_0280C0.s:1718: Warning: section does not have enough alignment to ensure safe PC-relative loads
asm/code/code_0280C0.s:1726: Warning: section does not have enough alignment to ensure safe PC-relative loads
asm/code/code_0180C0.s:9479: Warning: section does not have enough alignment to ensure safe PC-relative loads
asm/code/code_0180C0.s:9491: Warning: section does not have enough alignment to ensure safe PC-relative loads
asm/code/code_0200C0.s:8698: Warning: section does not have enough alignment to ensure safe PC-relative loads
asm/code/code_0200C0.s:8775: Warning: section does not have enough alignment to ensure safe PC-relative loads
asm/code/code_0280C0.s:1738: Warning: section does not have enough alignment to ensure safe PC-relative loads
asm/code/code_0280C0.s:1742: Warning: section does not have enough alignment to ensure safe PC-relative loads
asm/code/code_0180C0.s:9520: Warning: section does not have enough alignment to ensure safe PC-relative loads
asm/code/code_0180C0.s:9541: Warning: section does not have enough alignment to ensure safe PC-relative loads
asm/code/code_0200C0.s:8916: Warning: section does not have enough alignment to ensure safe PC-relative loads
asm/code/code_0200C0.s:8920: Warning: section does not have enough alignment to ensure safe PC-relative loads
asm/code/code_0280C0.s:1747: Warning: section does not have enough alignment to ensure safe PC-relative loads
asm/code/code_0280C0.s:1750: Warning: section does not have enough alignment to ensure safe PC-relative loads
asm/code/code_0180C0.s:9545: Warning: section does not have enough alignment to ensure safe PC-relative loads
asm/code/code_0180C0.s:9548: Warning: section does not have enough alignment to ensure safe PC-relative loads
asm/code/code_0200C0.s:8950: Warning: section does not have enough alignment to ensure safe PC-relative loads
asm/code/code_0200C0.s:8956: Warning: section does not have enough alignment to ensure safe PC-relative loads
asm/code/code_0280C0.s:1782: Warning: section does not have enough alignment to ensure safe PC-relative loads
asm/code/code_0280C0.s:1786: Warning: section does not have enough alignment to ensure safe PC-relative loads
asm/code/code_0180C0.s:9555: Warning: section does not have enough alignment to ensure safe PC-relative loads
asm/code/code_0180C0.s:9617: Warning: section does not have enough alignment to ensure safe PC-relative loads
asm/code/code_0200C0.s:9039: Warning: section does not have enough alignment to ensure safe PC-relative loads
asm/code/code_0200C0.s:9055: Warning: section does not have enough alignment to ensure safe PC-relative loads
asm/code/code_0280C0.s:1790: Warning: section does not have enough alignment to ensure safe PC-relative loads
asm/code/code_0280C0.s:1886: Warning: section does not have enough alignment to ensure safe PC-relative loads
asm/code/code_0180C0.s:9651: Warning: section does not have enough alignment to ensure safe PC-relative loads
asm/code/code_0180C0.s:9674: Warning: section does not have enough alignment to ensure safe PC-relative loads
asm/code/code_0200C0.s:9080: Warning: section does not have enough alignment to ensure safe PC-relative loads
asm/code/code_0280C0.s:1931: Warning: section does not have enough alignment to ensure safe PC-relative loads
asm/code/code_0180C0.s:9685: Warning: section does not have enough alignment to ensure safe PC-relative loads
asm/code/code_0180C0.s:9720: Warning: section does not have enough alignment to ensure safe PC-relative loads
asm/code/code_0200C0.s:9174: Warning: section does not have enough alignment to ensure safe PC-relative loads
asm/code/code_0280C0.s:1940: Warning: section does not have enough alignment to ensure safe PC-relative loads
asm/code/code_0280C0.s:1943: Warning: section does not have enough alignment to ensure safe PC-relative loads
asm/code/code_0180C0.s:9727: Warning: section does not have enough alignment to ensure safe PC-relative loads
asm/code/code_0180C0.s:9750: Warning: section does not have enough alignment to ensure safe PC-relative loads
asm/code/code_0200C0.s:9466: Warning: section does not have enough alignment to ensure safe PC-relative loads
asm/code/code_0200C0.s:9470: Warning: section does not have enough alignment to ensure safe PC-relative loads
asm/code/code_0280C0.s:1958: Warning: section does not have enough alignment to ensure safe PC-relative loads
asm/code/code_0180C0.s:9751: Warning: section does not have enough alignment to ensure safe PC-relative loads
asm/code/code_0180C0.s:9755: Warning: section does not have enough alignment to ensure safe PC-relative loads
asm/code/code_0200C0.s:9493: Warning: section does not have enough alignment to ensure safe PC-relative loads
asm/code/code_0200C0.s:9496: Warning: section does not have enough alignment to ensure safe PC-relative loads
asm/code/code_0280C0.s:1996: Warning: section does not have enough alignment to ensure safe PC-relative loads
asm/code/code_0280C0.s:2004: Warning: section does not have enough alignment to ensure safe PC-relative loads
asm/code/code_0180C0.s:9787: Warning: section does not have enough alignment to ensure safe PC-relative loads
asm/code/code_0180C0.s:9794: Warning: section does not have enough alignment to ensure safe PC-relative loads
asm/code/code_0200C0.s:9511: Warning: section does not have enough alignment to ensure safe PC-relative loads
asm/code/code_0200C0.s:9516: Warning: section does not have enough alignment to ensure safe PC-relative loads
asm/code/code_0280C0.s:2049: Warning: section does not have enough alignment to ensure safe PC-relative loads
asm/code/code_0180C0.s:9801: Warning: section does not have enough alignment to ensure safe PC-relative loads
asm/code/code_0180C0.s:9808: Warning: section does not have enough alignment to ensure safe PC-relative loads
asm/code/code_0200C0.s:9525: Warning: section does not have enough alignment to ensure safe PC-relative loads
asm/code/code_0280C0.s:2105: Warning: section does not have enough alignment to ensure safe PC-relative loads
asm/code/code_0280C0.s:2123: Warning: section does not have enough alignment to ensure safe PC-relative loads
asm/code/code_0180C0.s:9813: Warning: section does not have enough alignment to ensure safe PC-relative loads
asm/code/code_0180C0.s:9817: Warning: section does not have enough alignment to ensure safe PC-relative loads
asm/code/code_0200C0.s:9550: Warning: section does not have enough alignment to ensure safe PC-relative loads
asm/code/code_0200C0.s:9559: Warning: section does not have enough alignment to ensure safe PC-relative loads
asm/code/code_0280C0.s:2132: Warning: section does not have enough alignment to ensure safe PC-relative loads
asm/code/code_0280C0.s:2135: Warning: section does not have enough alignment to ensure safe PC-relative loads
asm/code/code_0180C0.s:9824: Warning: section does not have enough alignment to ensure safe PC-relative loads
asm/code/code_0180C0.s:9895: Warning: section does not have enough alignment to ensure safe PC-relative loads
asm/code/code_0200C0.s:9566: Warning: section does not have enough alignment to ensure safe PC-relative loads
asm/code/code_0200C0.s:9597: Warning: section does not have enough alignment to ensure safe PC-relative loads
asm/code/code_0280C0.s:2139: Warning: section does not have enough alignment to ensure safe PC-relative loads
asm/code/code_0280C0.s:2145: Warning: section does not have enough alignment to ensure safe PC-relative loads
asm/code/code_0180C0.s:9971: Warning: section does not have enough alignment to ensure safe PC-relative loads
asm/code/code_0180C0.s:10029: Warning: section does not have enough alignment to ensure safe PC-relative loads
asm/code/code_0200C0.s:9601: Warning: section does not have enough alignment to ensure safe PC-relative loads
asm/code/code_0200C0.s:9613: Warning: section does not have enough alignment to ensure safe PC-relative loads
asm/code/code_0280C0.s:2153: Warning: section does not have enough alignment to ensure safe PC-relative loads
asm/code/code_0280C0.s:2155: Warning: section does not have enough alignment to ensure safe PC-relative loads
asm/code/code_0180C0.s:10082: Warning: section does not have enough alignment to ensure safe PC-relative loads
asm/code/code_0200C0.s:9622: Warning: section does not have enough alignment to ensure safe PC-relative loads
asm/code/code_0200C0.s:9629: Warning: section does not have enough alignment to ensure safe PC-relative loads
asm/code/code_0280C0.s:2157: Warning: section does not have enough alignment to ensure safe PC-relative loads
asm/code/code_0280C0.s:2168: Warning: section does not have enough alignment to ensure safe PC-relative loads
asm/code/code_0180C0.s:10159: Warning: section does not have enough alignment to ensure safe PC-relative loads
asm/code/code_0180C0.s:10216: Warning: section does not have enough alignment to ensure safe PC-relative loads
asm/code/code_0200C0.s:9735: Warning: section does not have enough alignment to ensure safe PC-relative loads
asm/code/code_0200C0.s:9800: Warning: section does not have enough alignment to ensure safe PC-relative loads
asm/code/code_0280C0.s:2170: Warning: section does not have enough alignment to ensure safe PC-relative loads
asm/code/code_0180C0.s:10307: Warning: section does not have enough alignment to ensure safe PC-relative loads
asm/code/code_0180C0.s:10308: Warning: section does not have enough alignment to ensure safe PC-relative loads
asm/code/code_0200C0.s:9823: Warning: section does not have enough alignment to ensure safe PC-relative loads
asm/code/code_0200C0.s:9884: Warning: section does not have enough alignment to ensure safe PC-relative loads
asm/code/code_0280C0.s:2174: Warning: section does not have enough alignment to ensure safe PC-relative loads
asm/code/code_0280C0.s:2178: Warning: section does not have enough alignment to ensure safe PC-relative loads
asm/code/code_0180C0.s:10309: Warning: section does not have enough alignment to ensure safe PC-relative loads
asm/code/code_0180C0.s:10315: Warning: section does not have enough alignment to ensure safe PC-relative loads
asm/code/code_0200C0.s:9925: Warning: section does not have enough alignment to ensure safe PC-relative loads
asm/code/code_0280C0.s:2185: Warning: section does not have enough alignment to ensure safe PC-relative loads
asm/code/code_0280C0.s:2193: Warning: section does not have enough alignment to ensure safe PC-relative loads
asm/code/code_0180C0.s:10476: Warning: section does not have enough alignment to ensure safe PC-relative loads
asm/code/code_0180C0.s:10478: Warning: section does not have enough alignment to ensure safe PC-relative loads
asm/code/code_0200C0.s:10080: Warning: section does not have enough alignment to ensure safe PC-relative loads
asm/code/code_0200C0.s:10159: Warning: section does not have enough alignment to ensure safe PC-relative loads
asm/code/code_0280C0.s:2207: Warning: section does not have enough alignment to ensure safe PC-relative loads
asm/code/code_0280C0.s:2222: Warning: section does not have enough alignment to ensure safe PC-relative loads
asm/code/code_0180C0.s:10482: Warning: section does not have enough alignment to ensure safe PC-relative loads
asm/code/code_0180C0.s:10486: Warning: section does not have enough alignment to ensure safe PC-relative loads
asm/code/code_0200C0.s:10196: Warning: section does not have enough alignment to ensure safe PC-relative loads
asm/code/code_0280C0.s:2238: Warning: section does not have enough alignment to ensure safe PC-relative loads
asm/code/code_0280C0.s:2240: Warning: section does not have enough alignment to ensure safe PC-relative loads
asm/code/code_0180C0.s:10493: Warning: section does not have enough alignment to ensure safe PC-relative loads
asm/code/code_0180C0.s:10495: Warning: section does not have enough alignment to ensure safe PC-relative loads
asm/code/code_0200C0.s:10271: Warning: section does not have enough alignment to ensure safe PC-relative loads
asm/code/code_0280C0.s:2259: Warning: section does not have enough alignment to ensure safe PC-relative loads
asm/code/code_0280C0.s:2262: Warning: section does not have enough alignment to ensure safe PC-relative loads
asm/code/code_0180C0.s:10497: Warning: section does not have enough alignment to ensure safe PC-relative loads
asm/code/code_0180C0.s:10514: Warning: section does not have enough alignment to ensure safe PC-relative loads
asm/code/code_0200C0.s:10436: Warning: section does not have enough alignment to ensure safe PC-relative loads
asm/code/code_0280C0.s:2279: Warning: section does not have enough alignment to ensure safe PC-relative loads
asm/code/code_0280C0.s:2287: Warning: section does not have enough alignment to ensure safe PC-relative loads
asm/code/code_0180C0.s:10522: Warning: section does not have enough alignment to ensure safe PC-relative loads
asm/code/code_0180C0.s:10538: Warning: section does not have enough alignment to ensure safe PC-relative loads
asm/code/code_0200C0.s:10501: Warning: section does not have enough alignment to ensure safe PC-relative loads
asm/code/code_0200C0.s:10505: Warning: section does not have enough alignment to ensure safe PC-relative loads
asm/code/code_0280C0.s:2290: Warning: section does not have enough alignment to ensure safe PC-relative loads
asm/code/code_0280C0.s:2375: Warning: section does not have enough alignment to ensure safe PC-relative loads
asm/code/code_0180C0.s:10540: Warning: section does not have enough alignment to ensure safe PC-relative loads
asm/code/code_0180C0.s:10546: Warning: section does not have enough alignment to ensure safe PC-relative loads
asm/code/code_0200C0.s:10506: Warning: section does not have enough alignment to ensure safe PC-relative loads
asm/code/code_0200C0.s:10518: Warning: section does not have enough alignment to ensure safe PC-relative loads
asm/code/code_0280C0.s:2376: Warning: section does not have enough alignment to ensure safe PC-relative loads
asm/code/code_0280C0.s:2378: Warning: section does not have enough alignment to ensure safe PC-relative loads
asm/code/code_0180C0.s:10562: Warning: section does not have enough alignment to ensure safe PC-relative loads
asm/code/code_0180C0.s:10571: Warning: section does not have enough alignment to ensure safe PC-relative loads
asm/code/code_0200C0.s:10528: Warning: section does not have enough alignment to ensure safe PC-relative loads
asm/code/code_0200C0.s:10531: Warning: section does not have enough alignment to ensure safe PC-relative loads
asm/code/code_0280C0.s:2388: Warning: section does not have enough alignment to ensure safe PC-relative loads
asm/code/code_0280C0.s:2391: Warning: section does not have enough alignment to ensure safe PC-relative loads
asm/code/code_0180C0.s:10573: Warning: section does not have enough alignment to ensure safe PC-relative loads
asm/code/code_0180C0.s:10575: Warning: section does not have enough alignment to ensure safe PC-relative loads
asm/code/code_0200C0.s:10540: Warning: section does not have enough alignment to ensure safe PC-relative loads
asm/code/code_0200C0.s:10548: Warning: section does not have enough alignment to ensure safe PC-relative loads
asm/code/code_0280C0.s:2400: Warning: section does not have enough alignment to ensure safe PC-relative loads
asm/code/code_0280C0.s:2412: Warning: section does not have enough alignment to ensure safe PC-relative loads
asm/code/code_0180C0.s:10583: Warning: section does not have enough alignment to ensure safe PC-relative loads
asm/code/code_0180C0.s:10586: Warning: section does not have enough alignment to ensure safe PC-relative loads
asm/code/code_0200C0.s:10558: Warning: section does not have enough alignment to ensure safe PC-relative loads
asm/code/code_0280C0.s:2420: Warning: section does not have enough alignment to ensure safe PC-relative loads
asm/code/code_0280C0.s:2424: Warning: section does not have enough alignment to ensure safe PC-relative loads
asm/code/code_0180C0.s:10652: Warning: section does not have enough alignment to ensure safe PC-relative loads
asm/code/code_0180C0.s:10665: Warning: section does not have enough alignment to ensure safe PC-relative loads
asm/code/code_0200C0.s:10567: Warning: section does not have enough alignment to ensure safe PC-relative loads
asm/code/code_0200C0.s:10571: Warning: section does not have enough alignment to ensure safe PC-relative loads
asm/code/code_0280C0.s:2427: Warning: section does not have enough alignment to ensure safe PC-relative loads
asm/code/code_0280C0.s:2474: Warning: section does not have enough alignment to ensure safe PC-relative loads
asm/code/code_0180C0.s:10684: Warning: section does not have enough alignment to ensure safe PC-relative loads
asm/code/code_0180C0.s:10689: Warning: section does not have enough alignment to ensure safe PC-relative loads
asm/code/code_0200C0.s:10610: Warning: section does not have enough alignment to ensure safe PC-relative loads
asm/code/code_0200C0.s:10615: Warning: section does not have enough alignment to ensure safe PC-relative loads
asm/code/code_0280C0.s:2483: Warning: section does not have enough alignment to ensure safe PC-relative loads
asm/code/code_0280C0.s:2485: Warning: section does not have enough alignment to ensure safe PC-relative loads
asm/code/code_0180C0.s:10708: Warning: section does not have enough alignment to ensure safe PC-relative loads
asm/code/code_0180C0.s:10725: Warning: section does not have enough alignment to ensure safe PC-relative loads
asm/code/code_0200C0.s:10624: Warning: section does not have enough alignment to ensure safe PC-relative loads
asm/code/code_0200C0.s:10710: Warning: section does not have enough alignment to ensure safe PC-relative loads
asm/code/code_0280C0.s:2494: Warning: section does not have enough alignment to ensure safe PC-relative loads
asm/code/code_0280C0.s:2499: Warning: section does not have enough alignment to ensure safe PC-relative loads
asm/code/code_0180C0.s:10732: Warning: section does not have enough alignment to ensure safe PC-relative loads
asm/code/code_0180C0.s:10736: Warning: section does not have enough alignment to ensure safe PC-relative loads
asm/code/code_0200C0.s:10719: Warning: section does not have enough alignment to ensure safe PC-relative loads
asm/code/code_0280C0.s:2504: Warning: section does not have enough alignment to ensure safe PC-relative loads
asm/code/code_0280C0.s:2507: Warning: section does not have enough alignment to ensure safe PC-relative loads
asm/code/code_0180C0.s:10755: Warning: section does not have enough alignment to ensure safe PC-relative loads
asm/code/code_0180C0.s:10759: Warning: section does not have enough alignment to ensure safe PC-relative loads
asm/code/code_0200C0.s:10729: Warning: section does not have enough alignment to ensure safe PC-relative loads
asm/code/code_0280C0.s:2517: Warning: section does not have enough alignment to ensure safe PC-relative loads
asm/code/code_0280C0.s:2528: Warning: section does not have enough alignment to ensure safe PC-relative loads
asm/code/code_0180C0.s:10766: Warning: section does not have enough alignment to ensure safe PC-relative loads
asm/code/code_0180C0.s:10803: Warning: section does not have enough alignment to ensure safe PC-relative loads
asm/code/code_0200C0.s:10737: Warning: section does not have enough alignment to ensure safe PC-relative loads
asm/code/code_0200C0.s:10740: Warning: section does not have enough alignment to ensure safe PC-relative loads
asm/code/code_0280C0.s:2564: Warning: section does not have enough alignment to ensure safe PC-relative loads
asm/code/code_0280C0.s:2573: Warning: section does not have enough alignment to ensure safe PC-relative loads
asm/code/code_0180C0.s:10809: Warning: section does not have enough alignment to ensure safe PC-relative loads
asm/code/code_0180C0.s:10827: Warning: section does not have enough alignment to ensure safe PC-relative loads
asm/code/code_0200C0.s:10765: Warning: section does not have enough alignment to ensure safe PC-relative loads
asm/code/code_0200C0.s:10784: Warning: section does not have enough alignment to ensure safe PC-relative loads
asm/code/code_0280C0.s:2581: Warning: section does not have enough alignment to ensure safe PC-relative loads
asm/code/code_0280C0.s:2584: Warning: section does not have enough alignment to ensure safe PC-relative loads
asm/code/code_0180C0.s:10859: Warning: section does not have enough alignment to ensure safe PC-relative loads
asm/code/code_0180C0.s:10866: Warning: section does not have enough alignment to ensure safe PC-relative loads
asm/code/code_0200C0.s:10799: Warning: section does not have enough alignment to ensure safe PC-relative loads
asm/code/code_0200C0.s:10803: Warning: section does not have enough alignment to ensure safe PC-relative loads
asm/code/code_0280C0.s:2597: Warning: section does not have enough alignment to ensure safe PC-relative loads
asm/code/code_0280C0.s:2614: Warning: section does not have enough alignment to ensure safe PC-relative loads
asm/code/code_0180C0.s:10878: Warning: section does not have enough alignment to ensure safe PC-relative loads
asm/code/code_0180C0.s:10884: Warning: section does not have enough alignment to ensure safe PC-relative loads
asm/code/code_0200C0.s:10808: Warning: section does not have enough alignment to ensure safe PC-relative loads
asm/code/code_0200C0.s:10826: Warning: section does not have enough alignment to ensure safe PC-relative loads
asm/code/code_0280C0.s:2619: Warning: section does not have enough alignment to ensure safe PC-relative loads
asm/code/code_0280C0.s:2628: Warning: section does not have enough alignment to ensure safe PC-relative loads
asm/code/code_0180C0.s:10891: Warning: section does not have enough alignment to ensure safe PC-relative loads
asm/code/code_0180C0.s:10898: Warning: section does not have enough alignment to ensure safe PC-relative loads
asm/code/code_0200C0.s:10840: Warning: section does not have enough alignment to ensure safe PC-relative loads
asm/code/code_0200C0.s:10875: Warning: section does not have enough alignment to ensure safe PC-relative loads
asm/code/code_0280C0.s:2632: Warning: section does not have enough alignment to ensure safe PC-relative loads
asm/code/code_0180C0.s:10909: Warning: section does not have enough alignment to ensure safe PC-relative loads
asm/code/code_0180C0.s:10914: Warning: section does not have enough alignment to ensure safe PC-relative loads
asm/code/code_0200C0.s:10889: Warning: section does not have enough alignment to ensure safe PC-relative loads
asm/code/code_0200C0.s:10906: Warning: section does not have enough alignment to ensure safe PC-relative loads
asm/code/code_0280C0.s:2636: Warning: section does not have enough alignment to ensure safe PC-relative loads
asm/code/code_0180C0.s:10921: Warning: section does not have enough alignment to ensure safe PC-relative loads
asm/code/code_0180C0.s:10927: Warning: section does not have enough alignment to ensure safe PC-relative loads
asm/code/code_0200C0.s:10909: Warning: section does not have enough alignment to ensure safe PC-relative loads
asm/code/code_0280C0.s:2640: Warning: section does not have enough alignment to ensure safe PC-relative loads
asm/code/code_0280C0.s:2646: Warning: section does not have enough alignment to ensure safe PC-relative loads
asm/code/code_0180C0.s:11031: Warning: section does not have enough alignment to ensure safe PC-relative loads
asm/code/code_0180C0.s:11039: Warning: section does not have enough alignment to ensure safe PC-relative loads
asm/code/code_0200C0.s:10921: Warning: section does not have enough alignment to ensure safe PC-relative loads
asm/code/code_0200C0.s:10973: Warning: section does not have enough alignment to ensure safe PC-relative loads
asm/code/code_0280C0.s:2655: Warning: section does not have enough alignment to ensure safe PC-relative loads
asm/code/code_0280C0.s:2659: Warning: section does not have enough alignment to ensure safe PC-relative loads
asm/code/code_0180C0.s:11049: Warning: section does not have enough alignment to ensure safe PC-relative loads
asm/code/code_0180C0.s:11059: Warning: section does not have enough alignment to ensure safe PC-relative loads
asm/code/code_0200C0.s:10977: Warning: section does not have enough alignment to ensure safe PC-relative loads
asm/code/code_0200C0.s:10982: Warning: section does not have enough alignment to ensure safe PC-relative loads
asm/code/code_0280C0.s:2664: Warning: section does not have enough alignment to ensure safe PC-relative loads
asm/code/code_0280C0.s:2683: Warning: section does not have enough alignment to ensure safe PC-relative loads
asm/code/code_0180C0.s:11066: Warning: section does not have enough alignment to ensure safe PC-relative loads
asm/code/code_0180C0.s:11082: Warning: section does not have enough alignment to ensure safe PC-relative loads
asm/code/code_0200C0.s:10993: Warning: section does not have enough alignment to ensure safe PC-relative loads
asm/code/code_0200C0.s:10996: Warning: section does not have enough alignment to ensure safe PC-relative loads
asm/code/code_0280C0.s:2778: Warning: section does not have enough alignment to ensure safe PC-relative loads
asm/code/code_0280C0.s:2799: Warning: section does not have enough alignment to ensure safe PC-relative loads
asm/code/code_0180C0.s:11142: Warning: section does not have enough alignment to ensure safe PC-relative loads
asm/code/code_0180C0.s:11166: Warning: section does not have enough alignment to ensure safe PC-relative loads
asm/code/code_0200C0.s:11004: Warning: section does not have enough alignment to ensure safe PC-relative loads
asm/code/code_0200C0.s:11026: Warning: section does not have enough alignment to ensure safe PC-relative loads
asm/code/code_0280C0.s:2807: Warning: section does not have enough alignment to ensure safe PC-relative loads
asm/code/code_0280C0.s:2810: Warning: section does not have enough alignment to ensure safe PC-relative loads
asm/code/code_0180C0.s:11183: Warning: section does not have enough alignment to ensure safe PC-relative loads
asm/code/code_0180C0.s:11189: Warning: section does not have enough alignment to ensure safe PC-relative loads
asm/code/code_0200C0.s:11036: Warning: section does not have enough alignment to ensure safe PC-relative loads
asm/code/code_0200C0.s:11047: Warning: section does not have enough alignment to ensure safe PC-relative loads
asm/code/code_0280C0.s:2846: Warning: section does not have enough alignment to ensure safe PC-relative loads
asm/code/code_0280C0.s:2864: Warning: section does not have enough alignment to ensure safe PC-relative loads
asm/code/code_0180C0.s:11225: Warning: section does not have enough alignment to ensure safe PC-relative loads
asm/code/code_0180C0.s:11380: Warning: section does not have enough alignment to ensure safe PC-relative loads
asm/code/code_0200C0.s:11077: Warning: section does not have enough alignment to ensure safe PC-relative loads
asm/code/code_0200C0.s:11081: Warning: section does not have enough alignment to ensure safe PC-relative loads
asm/code/code_0280C0.s:2872: Warning: section does not have enough alignment to ensure safe PC-relative loads
asm/code/code_0180C0.s:11394: Warning: section does not have enough alignment to ensure safe PC-relative loads
asm/code/code_0200C0.s:11084: Warning: section does not have enough alignment to ensure safe PC-relative loads
asm/code/code_0200C0.s:11100: Warning: section does not have enough alignment to ensure safe PC-relative loads
asm/code/code_0280C0.s:2895: Warning: section does not have enough alignment to ensure safe PC-relative loads
asm/code/code_0180C0.s:11396: Warning: section does not have enough alignment to ensure safe PC-relative loads
asm/code/code_0180C0.s:11411: Warning: section does not have enough alignment to ensure safe PC-relative loads
asm/code/code_0200C0.s:11105: Warning: section does not have enough alignment to ensure safe PC-relative loads
asm/code/code_0200C0.s:11141: Warning: section does not have enough alignment to ensure safe PC-relative loads
asm/code/code_0280C0.s:2897: Warning: section does not have enough alignment to ensure safe PC-relative loads
asm/code/code_0280C0.s:2920: Warning: section does not have enough alignment to ensure safe PC-relative loads
asm/code/code_0180C0.s:11459: Warning: section does not have enough alignment to ensure safe PC-relative loads
asm/code/code_0180C0.s:11463: Warning: section does not have enough alignment to ensure safe PC-relative loads
asm/code/code_0200C0.s:11162: Warning: section does not have enough alignment to ensure safe PC-relative loads
asm/code/code_0200C0.s:11220: Warning: section does not have enough alignment to ensure safe PC-relative loads
asm/code/code_0280C0.s:2923: Warning: section does not have enough alignment to ensure safe PC-relative loads
asm/code/code_0180C0.s:11465: Warning: section does not have enough alignment to ensure safe PC-relative loads
asm/code/code_0180C0.s:11482: Warning: section does not have enough alignment to ensure safe PC-relative loads
asm/code/code_0200C0.s:11241: Warning: section does not have enough alignment to ensure safe PC-relative loads
asm/code/code_0200C0.s:11257: Warning: section does not have enough alignment to ensure safe PC-relative loads
asm/code/code_0280C0.s:2930: Warning: section does not have enough alignment to ensure safe PC-relative loads
asm/code/code_0280C0.s:2936: Warning: section does not have enough alignment to ensure safe PC-relative loads
asm/code/code_0180C0.s:11487: Warning: section does not have enough alignment to ensure safe PC-relative loads
asm/code/code_0180C0.s:11491: Warning: section does not have enough alignment to ensure safe PC-relative loads
asm/code/code_0200C0.s:11276: Warning: section does not have enough alignment to ensure safe PC-relative loads
asm/code/code_0280C0.s:2955: Warning: section does not have enough alignment to ensure safe PC-relative loads
asm/code/code_0280C0.s:2968: Warning: section does not have enough alignment to ensure safe PC-relative loads
asm/code/code_0180C0.s:11508: Warning: section does not have enough alignment to ensure safe PC-relative loads
asm/code/code_0180C0.s:11519: Warning: section does not have enough alignment to ensure safe PC-relative loads
asm/code/code_0200C0.s:11283: Warning: section does not have enough alignment to ensure safe PC-relative loads
asm/code/code_0280C0.s:2978: Warning: section does not have enough alignment to ensure safe PC-relative loads
asm/code/code_0280C0.s:3027: Warning: section does not have enough alignment to ensure safe PC-relative loads
asm/code/code_0180C0.s:11529: Warning: section does not have enough alignment to ensure safe PC-relative loads
asm/code/code_0180C0.s:11537: Warning: section does not have enough alignment to ensure safe PC-relative loads
asm/code/code_0200C0.s:11300: Warning: section does not have enough alignment to ensure safe PC-relative loads
asm/code/code_0200C0.s:11304: Warning: section does not have enough alignment to ensure safe PC-relative loads
asm/code/code_0280C0.s:3044: Warning: section does not have enough alignment to ensure safe PC-relative loads
asm/code/code_0280C0.s:3052: Warning: section does not have enough alignment to ensure safe PC-relative loads
asm/code/code_0180C0.s:11552: Warning: section does not have enough alignment to ensure safe PC-relative loads
asm/code/code_0180C0.s:11567: Warning: section does not have enough alignment to ensure safe PC-relative loads
asm/code/code_0200C0.s:11307: Warning: section does not have enough alignment to ensure safe PC-relative loads
asm/code/code_0200C0.s:11344: Warning: section does not have enough alignment to ensure safe PC-relative loads
asm/code/code_0280C0.s:3086: Warning: section does not have enough alignment to ensure safe PC-relative loads
asm/code/code_0180C0.s:11593: Warning: section does not have enough alignment to ensure safe PC-relative loads
asm/code/code_0200C0.s:11373: Warning: section does not have enough alignment to ensure safe PC-relative loads
asm/code/code_0280C0.s:3088: Warning: section does not have enough alignment to ensure safe PC-relative loads
asm/code/code_0180C0.s:11596: Warning: section does not have enough alignment to ensure safe PC-relative loads
asm/code/code_0200C0.s:11380: Warning: section does not have enough alignment to ensure safe PC-relative loads
asm/code/code_0200C0.s:11386: Warning: section does not have enough alignment to ensure safe PC-relative loads
asm/code/code_0280C0.s:3111: Warning: section does not have enough alignment to ensure safe PC-relative loads
asm/code/code_0280C0.s:3114: Warning: section does not have enough alignment to ensure safe PC-relative loads
asm/code/code_0180C0.s:11603: Warning: section does not have enough alignment to ensure safe PC-relative loads
asm/code/code_0180C0.s:11624: Warning: section does not have enough alignment to ensure safe PC-relative loads
asm/code/code_0200C0.s:11404: Warning: section does not have enough alignment to ensure safe PC-relative loads
asm/code/code_0280C0.s:3158: Warning: section does not have enough alignment to ensure safe PC-relative loads
asm/code/code_0280C0.s:3159: Warning: section does not have enough alignment to ensure safe PC-relative loads
asm/code/code_0180C0.s:11627: Warning: section does not have enough alignment to ensure safe PC-relative loads
asm/code/code_0180C0.s:11642: Warning: section does not have enough alignment to ensure safe PC-relative loads
asm/code/code_0200C0.s:11410: Warning: section does not have enough alignment to ensure safe PC-relative loads
asm/code/code_0200C0.s:11436: Warning: section does not have enough alignment to ensure safe PC-relative loads
asm/code/code_0280C0.s:3161: Warning: section does not have enough alignment to ensure safe PC-relative loads
asm/code/code_0280C0.s:3171: Warning: section does not have enough alignment to ensure safe PC-relative loads
asm/code/code_0180C0.s:11711: Warning: section does not have enough alignment to ensure safe PC-relative loads
asm/code/code_0180C0.s:11719: Warning: section does not have enough alignment to ensure safe PC-relative loads
asm/code/code_0200C0.s:11441: Warning: section does not have enough alignment to ensure safe PC-relative loads
asm/code/code_0200C0.s:11468: Warning: section does not have enough alignment to ensure safe PC-relative loads
asm/code/code_0280C0.s:3174: Warning: section does not have enough alignment to ensure safe PC-relative loads
asm/code/code_0280C0.s:3181: Warning: section does not have enough alignment to ensure safe PC-relative loads
asm/code/code_0180C0.s:11751: Warning: section does not have enough alignment to ensure safe PC-relative loads
asm/code/code_0180C0.s:11759: Warning: section does not have enough alignment to ensure safe PC-relative loads
asm/code/code_0200C0.s:11481: Warning: section does not have enough alignment to ensure safe PC-relative loads
asm/code/code_0280C0.s:3225: Warning: section does not have enough alignment to ensure safe PC-relative loads
asm/code/code_0280C0.s:3247: Warning: section does not have enough alignment to ensure safe PC-relative loads
asm/code/code_0180C0.s:11779: Warning: section does not have enough alignment to ensure safe PC-relative loads
asm/code/code_0180C0.s:11791: Warning: section does not have enough alignment to ensure safe PC-relative loads
asm/code/code_0200C0.s:11510: Warning: section does not have enough alignment to ensure safe PC-relative loads
asm/code/code_0200C0.s:11579: Warning: section does not have enough alignment to ensure safe PC-relative loads
asm/code/code_0280C0.s:3256: Warning: section does not have enough alignment to ensure safe PC-relative loads
asm/code/code_0280C0.s:3261: Warning: section does not have enough alignment to ensure safe PC-relative loads
asm/code/code_0180C0.s:11838: Warning: section does not have enough alignment to ensure safe PC-relative loads
asm/code/code_0180C0.s:11858: Warning: section does not have enough alignment to ensure safe PC-relative loads
asm/code/code_0200C0.s:11599: Warning: section does not have enough alignment to ensure safe PC-relative loads
asm/code/code_0200C0.s:11631: Warning: section does not have enough alignment to ensure safe PC-relative loads
asm/code/code_0280C0.s:3321: Warning: section does not have enough alignment to ensure safe PC-relative loads
asm/code/code_0280C0.s:3324: Warning: section does not have enough alignment to ensure safe PC-relative loads
asm/code/code_0180C0.s:11869: Warning: section does not have enough alignment to ensure safe PC-relative loads
asm/code/code_0180C0.s:11874: Warning: section does not have enough alignment to ensure safe PC-relative loads
asm/code/code_0200C0.s:11662: Warning: section does not have enough alignment to ensure safe PC-relative loads
asm/code/code_0200C0.s:11680: Warning: section does not have enough alignment to ensure safe PC-relative loads
asm/code/code_0280C0.s:3327: Warning: section does not have enough alignment to ensure safe PC-relative loads
asm/code/code_0280C0.s:3330: Warning: section does not have enough alignment to ensure safe PC-relative loads
asm/code/code_0180C0.s:11918: Warning: section does not have enough alignment to ensure safe PC-relative loads
asm/code/code_0200C0.s:11692: Warning: section does not have enough alignment to ensure safe PC-relative loads
asm/code/code_0280C0.s:3333: Warning: section does not have enough alignment to ensure safe PC-relative loads
asm/code/code_0280C0.s:3338: Warning: section does not have enough alignment to ensure safe PC-relative loads
asm/code/code_0180C0.s:11956: Warning: section does not have enough alignment to ensure safe PC-relative loads
asm/code/code_0180C0.s:11978: Warning: section does not have enough alignment to ensure safe PC-relative loads
asm/code/code_0200C0.s:11828: Warning: section does not have enough alignment to ensure safe PC-relative loads
asm/code/code_0200C0.s:11856: Warning: section does not have enough alignment to ensure safe PC-relative loads
asm/code/code_0280C0.s:3391: Warning: section does not have enough alignment to ensure safe PC-relative loads
asm/code/code_0280C0.s:3400: Warning: section does not have enough alignment to ensure safe PC-relative loads
asm/code/code_0180C0.s:11984: Warning: section does not have enough alignment to ensure safe PC-relative loads
asm/code/code_0180C0.s:12000: Warning: section does not have enough alignment to ensure safe PC-relative loads
asm/code/code_0200C0.s:11989: Warning: section does not have enough alignment to ensure safe PC-relative loads
asm/code/code_0200C0.s:11999: Warning: section does not have enough alignment to ensure safe PC-relative loads
asm/code/code_0280C0.s:3418: Warning: section does not have enough alignment to ensure safe PC-relative loads
asm/code/code_0280C0.s:3422: Warning: section does not have enough alignment to ensure safe PC-relative loads
asm/code/code_0180C0.s:12036: Warning: section does not have enough alignment to ensure safe PC-relative loads
asm/code/code_0180C0.s:12044: Warning: section does not have enough alignment to ensure safe PC-relative loads
asm/code/code_0200C0.s:12005: Warning: section does not have enough alignment to ensure safe PC-relative loads
asm/code/code_0200C0.s:12039: Warning: section does not have enough alignment to ensure safe PC-relative loads
asm/code/code_0280C0.s:3425: Warning: section does not have enough alignment to ensure safe PC-relative loads
asm/code/code_0280C0.s:3429: Warning: section does not have enough alignment to ensure safe PC-relative loads
asm/code/code_0180C0.s:12054: Warning: section does not have enough alignment to ensure safe PC-relative loads
asm/code/code_0180C0.s:12064: Warning: section does not have enough alignment to ensure safe PC-relative loads
asm/code/code_0200C0.s:12048: Warning: section does not have enough alignment to ensure safe PC-relative loads
asm/code/code_0280C0.s:3443: Warning: section does not have enough alignment to ensure safe PC-relative loads
asm/code/code_0280C0.s:3447: Warning: section does not have enough alignment to ensure safe PC-relative loads
asm/code/code_0180C0.s:12097: Warning: section does not have enough alignment to ensure safe PC-relative loads
asm/code/code_0180C0.s:12099: Warning: section does not have enough alignment to ensure safe PC-relative loads
asm/code/code_0200C0.s:12061: Warning: section does not have enough alignment to ensure safe PC-relative loads
asm/code/code_0200C0.s:12086: Warning: section does not have enough alignment to ensure safe PC-relative loads
asm/code/code_0280C0.s:3456: Warning: section does not have enough alignment to ensure safe PC-relative loads
asm/code/code_0280C0.s:3561: Warning: section does not have enough alignment to ensure safe PC-relative loads
asm/code/code_0180C0.s:12102: Warning: section does not have enough alignment to ensure safe PC-relative loads
asm/code/code_0180C0.s:12108: Warning: section does not have enough alignment to ensure safe PC-relative loads
asm/code/code_0200C0.s:12090: Warning: section does not have enough alignment to ensure safe PC-relative loads
asm/code/code_0200C0.s:12098: Warning: section does not have enough alignment to ensure safe PC-relative loads
asm/code/code_0280C0.s:3593: Warning: section does not have enough alignment to ensure safe PC-relative loads
asm/code/code_0280C0.s:3604: Warning: section does not have enough alignment to ensure safe PC-relative loads
asm/code/code_0180C0.s:12112: Warning: section does not have enough alignment to ensure safe PC-relative loads
asm/code/code_0180C0.s:12115: Warning: section does not have enough alignment to ensure safe PC-relative loads
asm/code/code_0200C0.s:12106: Warning: section does not have enough alignment to ensure safe PC-relative loads
asm/code/code_0280C0.s:3608: Warning: section does not have enough alignment to ensure safe PC-relative loads
asm/code/code_0280C0.s:3630: Warning: section does not have enough alignment to ensure safe PC-relative loads
asm/code/code_0180C0.s:12135: Warning: section does not have enough alignment to ensure safe PC-relative loads
asm/code/code_0180C0.s:12176: Warning: section does not have enough alignment to ensure safe PC-relative loads
asm/code/code_0200C0.s:12135: Warning: section does not have enough alignment to ensure safe PC-relative loads
asm/code/code_0200C0.s:12144: Warning: section does not have enough alignment to ensure safe PC-relative loads
asm/code/code_0280C0.s:3660: Warning: section does not have enough alignment to ensure safe PC-relative loads
asm/code/code_0280C0.s:3664: Warning: section does not have enough alignment to ensure safe PC-relative loads
asm/code/code_0180C0.s:12186: Warning: section does not have enough alignment to ensure safe PC-relative loads
asm/code/code_0180C0.s:12194: Warning: section does not have enough alignment to ensure safe PC-relative loads
asm/code/code_0200C0.s:12199: Warning: section does not have enough alignment to ensure safe PC-relative loads
asm/code/code_0280C0.s:3695: Warning: section does not have enough alignment to ensure safe PC-relative loads
asm/code/code_0280C0.s:3719: Warning: section does not have enough alignment to ensure safe PC-relative loads
asm/code/code_0180C0.s:12220: Warning: section does not have enough alignment to ensure safe PC-relative loads
asm/code/code_0180C0.s:12235: Warning: section does not have enough alignment to ensure safe PC-relative loads
asm/code/code_0200C0.s:12250: Warning: section does not have enough alignment to ensure safe PC-relative loads
asm/code/code_0200C0.s:12279: Warning: section does not have enough alignment to ensure safe PC-relative loads
asm/code/code_0280C0.s:3723: Warning: section does not have enough alignment to ensure safe PC-relative loads
asm/code/code_0280C0.s:3725: Warning: section does not have enough alignment to ensure safe PC-relative loads
asm/code/code_0180C0.s:12244: Warning: section does not have enough alignment to ensure safe PC-relative loads
asm/code/code_0180C0.s:12301: Warning: section does not have enough alignment to ensure safe PC-relative loads
asm/code/code_0200C0.s:12294: Warning: section does not have enough alignment to ensure safe PC-relative loads
asm/code/code_0200C0.s:12312: Warning: section does not have enough alignment to ensure safe PC-relative loads
asm/code/code_0280C0.s:3760: Warning: section does not have enough alignment to ensure safe PC-relative loads
asm/code/code_0280C0.s:3785: Warning: section does not have enough alignment to ensure safe PC-relative loads
asm/code/code_0180C0.s:12310: Warning: section does not have enough alignment to ensure safe PC-relative loads
asm/code/code_0200C0.s:12326: Warning: section does not have enough alignment to ensure safe PC-relative loads
asm/code/code_0200C0.s:12351: Warning: section does not have enough alignment to ensure safe PC-relative loads
asm/code/code_0280C0.s:3789: Warning: section does not have enough alignment to ensure safe PC-relative loads
asm/code/code_0280C0.s:3791: Warning: section does not have enough alignment to ensure safe PC-relative loads
asm/code/code_0180C0.s:12326: Warning: section does not have enough alignment to ensure safe PC-relative loads
asm/code/code_0200C0.s:12361: Warning: section does not have enough alignment to ensure safe PC-relative loads
asm/code/code_0200C0.s:12399: Warning: section does not have enough alignment to ensure safe PC-relative loads
asm/code/code_0280C0.s:3805: Warning: section does not have enough alignment to ensure safe PC-relative loads
asm/code/code_0280C0.s:3830: Warning: section does not have enough alignment to ensure safe PC-relative loads
asm/code/code_0180C0.s:12334: Warning: section does not have enough alignment to ensure safe PC-relative loads
asm/code/code_0180C0.s:12337: Warning: section does not have enough alignment to ensure safe PC-relative loads
asm/code/code_0200C0.s:12436: Warning: section does not have enough alignment to ensure safe PC-relative loads
asm/code/code_0280C0.s:3845: Warning: section does not have enough alignment to ensure safe PC-relative loads
asm/code/code_0180C0.s:12397: Warning: section does not have enough alignment to ensure safe PC-relative loads
asm/code/code_0180C0.s:12473: Warning: section does not have enough alignment to ensure safe PC-relative loads
asm/code/code_0200C0.s:12452: Warning: section does not have enough alignment to ensure safe PC-relative loads
asm/code/code_0200C0.s:12454: Warning: section does not have enough alignment to ensure safe PC-relative loads
asm/code/code_0280C0.s:3849: Warning: section does not have enough alignment to ensure safe PC-relative loads
asm/code/code_0280C0.s:3851: Warning: section does not have enough alignment to ensure safe PC-relative loads
asm/code/code_0180C0.s:12494: Warning: section does not have enough alignment to ensure safe PC-relative loads
asm/code/code_0180C0.s:12504: Warning: section does not have enough alignment to ensure safe PC-relative loads
asm/code/code_0200C0.s:12461: Warning: section does not have enough alignment to ensure safe PC-relative loads
asm/code/code_0280C0.s:3858: Warning: section does not have enough alignment to ensure safe PC-relative loads
asm/code/code_0280C0.s:3869: Warning: section does not have enough alignment to ensure safe PC-relative loads
asm/code/code_0180C0.s:12509: Warning: section does not have enough alignment to ensure safe PC-relative loads
asm/code/code_0180C0.s:12512: Warning: section does not have enough alignment to ensure safe PC-relative loads
asm/code/code_0200C0.s:12539: Warning: section does not have enough alignment to ensure safe PC-relative loads
asm/code/code_0200C0.s:12609: Warning: section does not have enough alignment to ensure safe PC-relative loads
asm/code/code_0280C0.s:3873: Warning: section does not have enough alignment to ensure safe PC-relative loads
asm/code/code_0280C0.s:3887: Warning: section does not have enough alignment to ensure safe PC-relative loads
asm/code/code_0180C0.s:12520: Warning: section does not have enough alignment to ensure safe PC-relative loads
asm/code/code_0200C0.s:12613: Warning: section does not have enough alignment to ensure safe PC-relative loads
asm/code/code_0280C0.s:3896: Warning: section does not have enough alignment to ensure safe PC-relative loads
asm/code/code_0280C0.s:3898: Warning: section does not have enough alignment to ensure safe PC-relative loads
asm/code/code_0180C0.s:12573: Warning: section does not have enough alignment to ensure safe PC-relative loads
asm/code/code_0200C0.s:12678: Warning: section does not have enough alignment to ensure safe PC-relative loads
asm/code/code_0280C0.s:3904: Warning: section does not have enough alignment to ensure safe PC-relative loads
asm/code/code_0180C0.s:12580: Warning: section does not have enough alignment to ensure safe PC-relative loads
asm/code/code_0200C0.s:12688: Warning: section does not have enough alignment to ensure safe PC-relative loads
asm/code/code_0200C0.s:12690: Warning: section does not have enough alignment to ensure safe PC-relative loads
asm/code/code_0280C0.s:3908: Warning: section does not have enough alignment to ensure safe PC-relative loads
asm/code/code_0280C0.s:3925: Warning: section does not have enough alignment to ensure safe PC-relative loads
asm/code/code_0180C0.s:12608: Warning: section does not have enough alignment to ensure safe PC-relative loads
asm/code/code_0180C0.s:12612: Warning: section does not have enough alignment to ensure safe PC-relative loads
asm/code/code_0200C0.s:12706: Warning: section does not have enough alignment to ensure safe PC-relative loads
asm/code/code_0200C0.s:12732: Warning: section does not have enough alignment to ensure safe PC-relative loads
asm/code/code_0280C0.s:3929: Warning: section does not have enough alignment to ensure safe PC-relative loads
asm/code/code_0180C0.s:12617: Warning: section does not have enough alignment to ensure safe PC-relative loads
asm/code/code_0180C0.s:12629: Warning: section does not have enough alignment to ensure safe PC-relative loads
asm/code/code_0200C0.s:12801: Warning: section does not have enough alignment to ensure safe PC-relative loads
asm/code/code_0200C0.s:12805: Warning: section does not have enough alignment to ensure safe PC-relative loads
asm/code/code_0280C0.s:3944: Warning: section does not have enough alignment to ensure safe PC-relative loads
asm/code/code_0280C0.s:3947: Warning: section does not have enough alignment to ensure safe PC-relative loads
asm/code/code_0180C0.s:12632: Warning: section does not have enough alignment to ensure safe PC-relative loads
asm/code/code_0180C0.s:12636: Warning: section does not have enough alignment to ensure safe PC-relative loads
asm/code/code_0200C0.s:13171: Warning: section does not have enough alignment to ensure safe PC-relative loads
asm/code/code_0200C0.s:13180: Warning: section does not have enough alignment to ensure safe PC-relative loads
asm/code/code_0280C0.s:3971: Warning: section does not have enough alignment to ensure safe PC-relative loads
asm/code/code_0280C0.s:3977: Warning: section does not have enough alignment to ensure safe PC-relative loads
asm/code/code_0180C0.s:12637: Warning: section does not have enough alignment to ensure safe PC-relative loads
asm/code/code_0200C0.s:13524: Warning: section does not have enough alignment to ensure safe PC-relative loads
asm/code/code_0200C0.s:13528: Warning: section does not have enough alignment to ensure safe PC-relative loads
asm/code/code_0280C0.s:3979: Warning: section does not have enough alignment to ensure safe PC-relative loads
asm/code/code_0180C0.s:12646: Warning: section does not have enough alignment to ensure safe PC-relative loads
asm/code/code_0180C0.s:12648: Warning: section does not have enough alignment to ensure safe PC-relative loads
asm/code/code_0200C0.s:13564: Warning: section does not have enough alignment to ensure safe PC-relative loads
asm/code/code_0200C0.s:13575: Warning: section does not have enough alignment to ensure safe PC-relative loads
asm/code/code_0280C0.s:3996: Warning: section does not have enough alignment to ensure safe PC-relative loads
asm/code/code_0180C0.s:12682: Warning: section does not have enough alignment to ensure safe PC-relative loads
asm/code/code_0200C0.s:13593: Warning: section does not have enough alignment to ensure safe PC-relative loads
asm/code/code_0200C0.s:13607: Warning: section does not have enough alignment to ensure safe PC-relative loads
asm/code/code_0280C0.s:4244: Warning: section does not have enough alignment to ensure safe PC-relative loads
asm/code/code_0280C0.s:4251: Warning: section does not have enough alignment to ensure safe PC-relative loads
asm/code/code_0180C0.s:12692: Warning: section does not have enough alignment to ensure safe PC-relative loads
asm/code/code_0180C0.s:12694: Warning: section does not have enough alignment to ensure safe PC-relative loads
asm/code/code_0200C0.s:13641: Warning: section does not have enough alignment to ensure safe PC-relative loads
asm/code/code_0280C0.s:4268: Warning: section does not have enough alignment to ensure safe PC-relative loads
asm/code/code_0280C0.s:4293: Warning: section does not have enough alignment to ensure safe PC-relative loads
asm/code/code_0180C0.s:12705: Warning: section does not have enough alignment to ensure safe PC-relative loads
asm/code/code_0180C0.s:12722: Warning: section does not have enough alignment to ensure safe PC-relative loads
asm/code/code_0200C0.s:13859: Warning: section does not have enough alignment to ensure safe PC-relative loads
asm/code/code_0200C0.s:13888: Warning: section does not have enough alignment to ensure safe PC-relative loads
asm/code/code_0280C0.s:4331: Warning: section does not have enough alignment to ensure safe PC-relative loads
asm/code/code_0280C0.s:4351: Warning: section does not have enough alignment to ensure safe PC-relative loads
asm/code/code_0180C0.s:12874: Warning: section does not have enough alignment to ensure safe PC-relative loads
asm/code/code_0180C0.s:12875: Warning: section does not have enough alignment to ensure safe PC-relative loads
asm/code/code_0200C0.s:14081: Warning: section does not have enough alignment to ensure safe PC-relative loads
asm/code/code_0200C0.s:14142: Warning: section does not have enough alignment to ensure safe PC-relative loads
asm/code/code_0280C0.s:4360: Warning: section does not have enough alignment to ensure safe PC-relative loads
asm/code/code_0180C0.s:12885: Warning: section does not have enough alignment to ensure safe PC-relative loads
asm/code/code_0180C0.s:12936: Warning: section does not have enough alignment to ensure safe PC-relative loads
asm/code/code_0200C0.s:14160: Warning: section does not have enough alignment to ensure safe PC-relative loads
asm/code/code_0200C0.s:14309: Warning: section does not have enough alignment to ensure safe PC-relative loads
asm/code/code_0280C0.s:4383: Warning: section does not have enough alignment to ensure safe PC-relative loads
asm/code/code_0280C0.s:4502: Warning: section does not have enough alignment to ensure safe PC-relative loads
asm/code/code_0180C0.s:12962: Warning: section does not have enough alignment to ensure safe PC-relative loads
asm/code/code_0180C0.s:13005: Warning: section does not have enough alignment to ensure safe PC-relative loads
asm/code/code_0200C0.s:14313: Warning: section does not have enough alignment to ensure safe PC-relative loads
asm/code/code_0280C0.s:4669: Warning: section does not have enough alignment to ensure safe PC-relative loads
asm/code/code_0180C0.s:13006: Warning: section does not have enough alignment to ensure safe PC-relative loads
asm/code/code_0180C0.s:13015: Warning: section does not have enough alignment to ensure safe PC-relative loads
asm/code/code_0200C0.s:14336: Warning: section does not have enough alignment to ensure safe PC-relative loads
asm/code/code_0280C0.s:4805: Warning: section does not have enough alignment to ensure safe PC-relative loads
asm/code/code_0280C0.s:4806: Warning: section does not have enough alignment to ensure safe PC-relative loads
asm/code/code_0180C0.s:13060: Warning: section does not have enough alignment to ensure safe PC-relative loads
asm/code/code_0200C0.s:14446: Warning: section does not have enough alignment to ensure safe PC-relative loads
asm/code/code_0200C0.s:14447: Warning: section does not have enough alignment to ensure safe PC-relative loads
asm/code/code_0280C0.s:4827: Warning: section does not have enough alignment to ensure safe PC-relative loads
asm/code/code_0280C0.s:4875: Warning: section does not have enough alignment to ensure safe PC-relative loads
asm/code/code_0180C0.s:13091: Warning: section does not have enough alignment to ensure safe PC-relative loads
asm/code/code_0180C0.s:13138: Warning: section does not have enough alignment to ensure safe PC-relative loads
asm/code/code_0200C0.s:14454: Warning: section does not have enough alignment to ensure safe PC-relative loads
asm/code/code_0200C0.s:14506: Warning: section does not have enough alignment to ensure safe PC-relative loads
asm/code/code_0280C0.s:4879: Warning: section does not have enough alignment to ensure safe PC-relative loads
asm/code/code_0180C0.s:13139: Warning: section does not have enough alignment to ensure safe PC-relative loads
asm/code/code_0180C0.s:13149: Warning: section does not have enough alignment to ensure safe PC-relative loads
asm/code/code_0200C0.s:14602: Warning: section does not have enough alignment to ensure safe PC-relative loads
asm/code/code_0280C0.s:5099: Warning: section does not have enough alignment to ensure safe PC-relative loads
asm/code/code_0280C0.s:5469: Warning: section does not have enough alignment to ensure safe PC-relative loads
asm/code/code_0180C0.s:13187: Warning: section does not have enough alignment to ensure safe PC-relative loads
asm/code/code_0180C0.s:13252: Warning: section does not have enough alignment to ensure safe PC-relative loads
asm/code/code_0200C0.s:14604: Warning: section does not have enough alignment to ensure safe PC-relative loads
asm/code/code_0280C0.s:5853: Warning: section does not have enough alignment to ensure safe PC-relative loads
asm/code/code_0180C0.s:13253: Warning: section does not have enough alignment to ensure safe PC-relative loads
asm/code/code_0180C0.s:13299: Warning: section does not have enough alignment to ensure safe PC-relative loads
asm/code/code_0200C0.s:14871: Warning: section does not have enough alignment to ensure safe PC-relative loads
asm/code/code_0200C0.s:14872: Warning: section does not have enough alignment to ensure safe PC-relative loads
asm/code/code_0280C0.s:6576: Warning: section does not have enough alignment to ensure safe PC-relative loads
asm/code/code_0280C0.s:6662: Warning: section does not have enough alignment to ensure safe PC-relative loads
asm/code/code_0180C0.s:13359: Warning: section does not have enough alignment to ensure safe PC-relative loads
asm/code/code_0180C0.s:13360: Warning: section does not have enough alignment to ensure safe PC-relative loads
asm/code/code_0200C0.s:14883: Warning: section does not have enough alignment to ensure safe PC-relative loads
asm/code/code_0280C0.s:6694: Warning: section does not have enough alignment to ensure safe PC-relative loads
asm/code/code_0180C0.s:13380: Warning: section does not have enough alignment to ensure safe PC-relative loads
asm/code/code_0180C0.s:13428: Warning: section does not have enough alignment to ensure safe PC-relative loads
asm/code/code_0200C0.s:15066: Warning: section does not have enough alignment to ensure safe PC-relative loads
asm/code/code_0200C0.s:15067: Warning: section does not have enough alignment to ensure safe PC-relative loads
asm/code/code_0280C0.s:6752: Warning: section does not have enough alignment to ensure safe PC-relative loads
asm/code/code_0280C0.s:6763: Warning: section does not have enough alignment to ensure safe PC-relative loads
asm/code/code_0180C0.s:13515: Warning: section does not have enough alignment to ensure safe PC-relative loads
asm/code/code_0180C0.s:13547: Warning: section does not have enough alignment to ensure safe PC-relative loads
asm/code/code_0200C0.s:15145: Warning: section does not have enough alignment to ensure safe PC-relative loads
asm/code/code_0280C0.s:7039: Warning: section does not have enough alignment to ensure safe PC-relative loads
asm/code/code_0180C0.s:13585: Warning: section does not have enough alignment to ensure safe PC-relative loads
asm/code/code_0180C0.s:13627: Warning: section does not have enough alignment to ensure safe PC-relative loads
asm/code/code_0200C0.s:15297: Warning: section does not have enough alignment to ensure safe PC-relative loads
asm/code/code_0200C0.s:15301: Warning: section does not have enough alignment to ensure safe PC-relative loads
asm/code/code_0280C0.s:7040: Warning: section does not have enough alignment to ensure safe PC-relative loads
asm/code/code_0280C0.s:7042: Warning: section does not have enough alignment to ensure safe PC-relative loads
asm/code/code_0180C0.s:13642: Warning: section does not have enough alignment to ensure safe PC-relative loads
asm/code/code_0180C0.s:13660: Warning: section does not have enough alignment to ensure safe PC-relative loads
asm/code/code_0200C0.s:15314: Warning: section does not have enough alignment to ensure safe PC-relative loads
asm/code/code_0200C0.s:15317: Warning: section does not have enough alignment to ensure safe PC-relative loads
asm/code/code_0280C0.s:7044: Warning: section does not have enough alignment to ensure safe PC-relative loads
asm/code/code_0280C0.s:7046: Warning: section does not have enough alignment to ensure safe PC-relative loads
asm/code/code_0180C0.s:13663: Warning: section does not have enough alignment to ensure safe PC-relative loads
asm/code/code_0180C0.s:13715: Warning: section does not have enough alignment to ensure safe PC-relative loads
asm/code/code_0200C0.s:15335: Warning: section does not have enough alignment to ensure safe PC-relative loads
asm/code/code_0200C0.s:15448: Warning: section does not have enough alignment to ensure safe PC-relative loads
asm/code/code_0280C0.s:7048: Warning: section does not have enough alignment to ensure safe PC-relative loads
asm/code/code_0280C0.s:7050: Warning: section does not have enough alignment to ensure safe PC-relative loads
asm/code/code_0180C0.s:13742: Warning: section does not have enough alignment to ensure safe PC-relative loads
asm/code/code_0200C0.s:15465: Warning: section does not have enough alignment to ensure safe PC-relative loads
asm/code/code_0280C0.s:7051: Warning: section does not have enough alignment to ensure safe PC-relative loads
asm/code/code_0280C0.s:7052: Warning: section does not have enough alignment to ensure safe PC-relative loads
asm/code/code_0180C0.s:13991: Warning: section does not have enough alignment to ensure safe PC-relative loads
asm/code/code_0200C0.s:15468: Warning: section does not have enough alignment to ensure safe PC-relative loads
asm/code/code_0200C0.s:15469: Warning: section does not have enough alignment to ensure safe PC-relative loads
asm/code/code_0280C0.s:7069: Warning: section does not have enough alignment to ensure safe PC-relative loads
asm/code/code_0280C0.s:7098: Warning: section does not have enough alignment to ensure safe PC-relative loads
asm/code/code_0180C0.s:14052: Warning: section does not have enough alignment to ensure safe PC-relative loads
asm/code/code_0180C0.s:14074: Warning: section does not have enough alignment to ensure safe PC-relative loads
asm/code/code_0200C0.s:15476: Warning: section does not have enough alignment to ensure safe PC-relative loads
asm/code/code_0200C0.s:15492: Warning: section does not have enough alignment to ensure safe PC-relative loads
asm/code/code_0280C0.s:7110: Warning: section does not have enough alignment to ensure safe PC-relative loads
asm/code/code_0280C0.s:7207: Warning: section does not have enough alignment to ensure safe PC-relative loads
asm/code/code_0180C0.s:14088: Warning: section does not have enough alignment to ensure safe PC-relative loads
asm/code/code_0180C0.s:14116: Warning: section does not have enough alignment to ensure safe PC-relative loads
asm/code/code_0200C0.s:15535: Warning: section does not have enough alignment to ensure safe PC-relative loads
asm/code/code_0200C0.s:15544: Warning: section does not have enough alignment to ensure safe PC-relative loads
asm/code/code_0280C0.s:7240: Warning: section does not have enough alignment to ensure safe PC-relative loads
asm/code/code_0280C0.s:7250: Warning: section does not have enough alignment to ensure safe PC-relative loads
asm/code/code_0180C0.s:14178: Warning: section does not have enough alignment to ensure safe PC-relative loads
asm/code/code_0200C0.s:15589: Warning: section does not have enough alignment to ensure safe PC-relative loads
asm/code/code_0200C0.s:15616: Warning: section does not have enough alignment to ensure safe PC-relative loads
asm/code/code_0280C0.s:7252: Warning: section does not have enough alignment to ensure safe PC-relative loads
asm/code/code_0280C0.s:7254: Warning: section does not have enough alignment to ensure safe PC-relative loads
asm/code/code_0180C0.s:14187: Warning: section does not have enough alignment to ensure safe PC-relative loads
asm/code/code_0180C0.s:14217: Warning: section does not have enough alignment to ensure safe PC-relative loads
asm/code/code_0200C0.s:15634: Warning: section does not have enough alignment to ensure safe PC-relative loads
asm/code/code_0200C0.s:15649: Warning: section does not have enough alignment to ensure safe PC-relative loads
asm/code/code_0280C0.s:7259: Warning: section does not have enough alignment to ensure safe PC-relative loads
asm/code/code_0280C0.s:7282: Warning: section does not have enough alignment to ensure safe PC-relative loads
asm/code/code_0180C0.s:14227: Warning: section does not have enough alignment to ensure safe PC-relative loads
asm/code/code_0200C0.s:15682: Warning: section does not have enough alignment to ensure safe PC-relative loads
asm/code/code_0200C0.s:15685: Warning: section does not have enough alignment to ensure safe PC-relative loads
asm/code/code_0280C0.s:7283: Warning: section does not have enough alignment to ensure safe PC-relative loads
asm/code/code_0280C0.s:7285: Warning: section does not have enough alignment to ensure safe PC-relative loads
asm/code/code_0180C0.s:14282: Warning: section does not have enough alignment to ensure safe PC-relative loads
asm/code/code_0200C0.s:15702: Warning: section does not have enough alignment to ensure safe PC-relative loads
asm/code/code_0280C0.s:7313: Warning: section does not have enough alignment to ensure safe PC-relative loads
asm/code/code_0280C0.s:7323: Warning: section does not have enough alignment to ensure safe PC-relative loads
asm/code/code_0180C0.s:14286: Warning: section does not have enough alignment to ensure safe PC-relative loads
asm/code/code_0200C0.s:15705: Warning: section does not have enough alignment to ensure safe PC-relative loads
asm/code/code_0200C0.s:15714: Warning: section does not have enough alignment to ensure safe PC-relative loads
asm/code/code_0280C0.s:7324: Warning: section does not have enough alignment to ensure safe PC-relative loads
asm/code/code_0280C0.s:7342: Warning: section does not have enough alignment to ensure safe PC-relative loads
asm/code/code_0180C0.s:14443: Warning: section does not have enough alignment to ensure safe PC-relative loads
asm/code/code_0180C0.s:14508: Warning: section does not have enough alignment to ensure safe PC-relative loads
asm/code/code_0200C0.s:15750: Warning: section does not have enough alignment to ensure safe PC-relative loads
asm/code/code_0200C0.s:15776: Warning: section does not have enough alignment to ensure safe PC-relative loads
asm/code/code_0280C0.s:7347: Warning: section does not have enough alignment to ensure safe PC-relative loads
asm/code/code_0180C0.s:14533: Warning: section does not have enough alignment to ensure safe PC-relative loads
asm/code/code_0180C0.s:14683: Warning: section does not have enough alignment to ensure safe PC-relative loads
asm/code/code_0200C0.s:15811: Warning: section does not have enough alignment to ensure safe PC-relative loads
asm/code/code_0200C0.s:15863: Warning: section does not have enough alignment to ensure safe PC-relative loads
asm/code/code_0280C0.s:7351: Warning: section does not have enough alignment to ensure safe PC-relative loads
asm/code/code_0280C0.s:7353: Warning: section does not have enough alignment to ensure safe PC-relative loads
asm/code/code_0180C0.s:14725: Warning: section does not have enough alignment to ensure safe PC-relative loads
asm/code/code_0180C0.s:14861: Warning: section does not have enough alignment to ensure safe PC-relative loads
asm/code/code_0200C0.s:15871: Warning: section does not have enough alignment to ensure safe PC-relative loads
asm/code/code_0200C0.s:15917: Warning: section does not have enough alignment to ensure safe PC-relative loads
asm/code/code_0280C0.s:7397: Warning: section does not have enough alignment to ensure safe PC-relative loads
asm/code/code_0280C0.s:7429: Warning: section does not have enough alignment to ensure safe PC-relative loads
asm/code/code_0180C0.s:15159: Warning: section does not have enough alignment to ensure safe PC-relative loads
asm/code/code_0180C0.s:15249: Warning: section does not have enough alignment to ensure safe PC-relative loads
asm/code/code_0200C0.s:15948: Warning: section does not have enough alignment to ensure safe PC-relative loads
asm/code/code_0280C0.s:7434: Warning: section does not have enough alignment to ensure safe PC-relative loads
asm/code/code_0280C0.s:7453: Warning: section does not have enough alignment to ensure safe PC-relative loads
asm/code/code_0180C0.s:15311: Warning: section does not have enough alignment to ensure safe PC-relative loads
asm/code/code_0180C0.s:15315: Warning: section does not have enough alignment to ensure safe PC-relative loads
asm/code/code_0200C0.s:15999: Warning: section does not have enough alignment to ensure safe PC-relative loads
asm/code/code_0280C0.s:7454: Warning: section does not have enough alignment to ensure safe PC-relative loads
asm/code/code_0280C0.s:7456: Warning: section does not have enough alignment to ensure safe PC-relative loads
asm/code/code_0180C0.s:15388: Warning: section does not have enough alignment to ensure safe PC-relative loads
asm/code/code_0200C0.s:16036: Warning: section does not have enough alignment to ensure safe PC-relative loads
asm/code/code_0200C0.s:16040: Warning: section does not have enough alignment to ensure safe PC-relative loads
asm/code/code_0280C0.s:7467: Warning: section does not have enough alignment to ensure safe PC-relative loads
asm/code/code_0280C0.s:7469: Warning: section does not have enough alignment to ensure safe PC-relative loads
asm/code/code_0180C0.s:15391: Warning: section does not have enough alignment to ensure safe PC-relative loads
asm/code/code_0180C0.s:15401: Warning: section does not have enough alignment to ensure safe PC-relative loads
asm/code/code_0200C0.s:16059: Warning: section does not have enough alignment to ensure safe PC-relative loads
asm/code/code_0200C0.s:16084: Warning: section does not have enough alignment to ensure safe PC-relative loads
asm/code/code_0280C0.s:7511: Warning: section does not have enough alignment to ensure safe PC-relative loads
asm/code/code_0280C0.s:7538: Warning: section does not have enough alignment to ensure safe PC-relative loads
asm/code/code_0180C0.s:15556: Warning: section does not have enough alignment to ensure safe PC-relative loads
asm/code/code_0180C0.s:15617: Warning: section does not have enough alignment to ensure safe PC-relative loads
asm/code/code_0200C0.s:16101: Warning: section does not have enough alignment to ensure safe PC-relative loads
asm/code/code_0200C0.s:16124: Warning: section does not have enough alignment to ensure safe PC-relative loads
asm/code/code_0280C0.s:7539: Warning: section does not have enough alignment to ensure safe PC-relative loads
asm/code/code_0280C0.s:7543: Warning: section does not have enough alignment to ensure safe PC-relative loads
asm/code/code_0180C0.s:15681: Warning: section does not have enough alignment to ensure safe PC-relative loads
asm/code/code_0200C0.s:16161: Warning: section does not have enough alignment to ensure safe PC-relative loads
asm/code/code_0200C0.s:16166: Warning: section does not have enough alignment to ensure safe PC-relative loads
asm/code/code_0280C0.s:7576: Warning: section does not have enough alignment to ensure safe PC-relative loads
asm/code/code_0180C0.s:15685: Warning: section does not have enough alignment to ensure safe PC-relative loads
asm/code/code_0200C0.s:16167: Warning: section does not have enough alignment to ensure safe PC-relative loads
asm/code/code_0200C0.s:16217: Warning: section does not have enough alignment to ensure safe PC-relative loads
asm/code/code_0280C0.s:7607: Warning: section does not have enough alignment to ensure safe PC-relative loads
asm/code/code_0280C0.s:7655: Warning: section does not have enough alignment to ensure safe PC-relative loads
asm/code/code_0180C0.s:15856: Warning: section does not have enough alignment to ensure safe PC-relative loads
asm/code/code_0200C0.s:16237: Warning: section does not have enough alignment to ensure safe PC-relative loads
asm/code/code_0280C0.s:7671: Warning: section does not have enough alignment to ensure safe PC-relative loads
asm/code/code_0280C0.s:7691: Warning: section does not have enough alignment to ensure safe PC-relative loads
asm/code/code_0180C0.s:15911: Warning: section does not have enough alignment to ensure safe PC-relative loads
asm/code/code_0180C0.s:15933: Warning: section does not have enough alignment to ensure safe PC-relative loads
asm/code/code_0200C0.s:16264: Warning: section does not have enough alignment to ensure safe PC-relative loads
asm/code/code_0200C0.s:16309: Warning: section does not have enough alignment to ensure safe PC-relative loads
asm/code/code_0280C0.s:7778: Warning: section does not have enough alignment to ensure safe PC-relative loads
asm/code/code_0280C0.s:7779: Warning: section does not have enough alignment to ensure safe PC-relative loads
asm/code/code_0180C0.s:15956: Warning: section does not have enough alignment to ensure safe PC-relative loads
asm/code/code_0200C0.s:16351: Warning: section does not have enough alignment to ensure safe PC-relative loads
asm/code/code_0280C0.s:7802: Warning: section does not have enough alignment to ensure safe PC-relative loads
asm/code/code_0280C0.s:7858: Warning: section does not have enough alignment to ensure safe PC-relative loads
asm/code/code_0180C0.s:15964: Warning: section does not have enough alignment to ensure safe PC-relative loads
asm/code/code_0200C0.s:16355: Warning: section does not have enough alignment to ensure safe PC-relative loads
asm/code/code_0200C0.s:16373: Warning: section does not have enough alignment to ensure safe PC-relative loads
asm/code/code_0280C0.s:7876: Warning: section does not have enough alignment to ensure safe PC-relative loads
asm/code/code_0280C0.s:7962: Warning: section does not have enough alignment to ensure safe PC-relative loads
asm/code/code_0180C0.s:16092: Warning: section does not have enough alignment to ensure safe PC-relative loads
asm/code/code_0180C0.s:16096: Warning: section does not have enough alignment to ensure safe PC-relative loads
asm/code/code_0200C0.s:16376: Warning: section does not have enough alignment to ensure safe PC-relative loads
asm/code/code_0200C0.s:16379: Warning: section does not have enough alignment to ensure safe PC-relative loads
asm/code/code_0280C0.s:7995: Warning: section does not have enough alignment to ensure safe PC-relative loads
asm/code/code_0280C0.s:7996: Warning: section does not have enough alignment to ensure safe PC-relative loads
asm/code/code_0180C0.s:16114: Warning: section does not have enough alignment to ensure safe PC-relative loads
asm/code/code_0180C0.s:16171: Warning: section does not have enough alignment to ensure safe PC-relative loads
asm/code/code_0200C0.s:16388: Warning: section does not have enough alignment to ensure safe PC-relative loads
asm/code/code_0200C0.s:16489: Warning: section does not have enough alignment to ensure safe PC-relative loads
asm/code/code_0280C0.s:7998: Warning: section does not have enough alignment to ensure safe PC-relative loads
asm/code/code_0280C0.s:8000: Warning: section does not have enough alignment to ensure safe PC-relative loads
asm/code/code_0180C0.s:16210: Warning: section does not have enough alignment to ensure safe PC-relative loads
asm/code/code_0180C0.s:16267: Warning: section does not have enough alignment to ensure safe PC-relative loads
asm/code/code_0200C0.s:16529: Warning: section does not have enough alignment to ensure safe PC-relative loads
asm/code/code_0200C0.s:16549: Warning: section does not have enough alignment to ensure safe PC-relative loads
asm/code/code_0280C0.s:8001: Warning: section does not have enough alignment to ensure safe PC-relative loads
asm/code/code_0280C0.s:8002: Warning: section does not have enough alignment to ensure safe PC-relative loads
asm/code/code_0180C0.s:16311: Warning: section does not have enough alignment to ensure safe PC-relative loads
asm/code/code_0180C0.s:16525: Warning: section does not have enough alignment to ensure safe PC-relative loads
asm/code/code_0200C0.s:16619: Warning: section does not have enough alignment to ensure safe PC-relative loads
asm/code/code_0200C0.s:16642: Warning: section does not have enough alignment to ensure safe PC-relative loads
asm/code/code_0280C0.s:8016: Warning: section does not have enough alignment to ensure safe PC-relative loads
asm/code/code_0280C0.s:8019: Warning: section does not have enough alignment to ensure safe PC-relative loads
asm/code/code_0180C0.s:16598: Warning: section does not have enough alignment to ensure safe PC-relative loads
asm/code/code_0180C0.s:16641: Warning: section does not have enough alignment to ensure safe PC-relative loads
asm/code/code_0200C0.s:16646: Warning: section does not have enough alignment to ensure safe PC-relative loads
asm/code/code_0200C0.s:16651: Warning: section does not have enough alignment to ensure safe PC-relative loads
asm/code/code_0280C0.s:8043: Warning: section does not have enough alignment to ensure safe PC-relative loads
asm/code/code_0280C0.s:8044: Warning: section does not have enough alignment to ensure safe PC-relative loads
asm/code/code_0180C0.s:16674: Warning: section does not have enough alignment to ensure safe PC-relative loads
asm/code/code_0200C0.s:16674: Warning: section does not have enough alignment to ensure safe PC-relative loads
asm/code/code_0280C0.s:8055: Warning: section does not have enough alignment to ensure safe PC-relative loads
asm/code/code_0180C0.s:16782: Warning: section does not have enough alignment to ensure safe PC-relative loads
asm/code/code_0180C0.s:16923: Warning: section does not have enough alignment to ensure safe PC-relative loads
asm/code/code_0200C0.s:16727: Warning: section does not have enough alignment to ensure safe PC-relative loads
asm/code/code_0200C0.s:16730: Warning: section does not have enough alignment to ensure safe PC-relative loads
asm/code/code_0280C0.s:8104: Warning: section does not have enough alignment to ensure safe PC-relative loads
asm/code/code_0280C0.s:8181: Warning: section does not have enough alignment to ensure safe PC-relative loads
asm/code/code_0180C0.s:16928: Warning: section does not have enough alignment to ensure safe PC-relative loads
asm/code/code_0180C0.s:16952: Warning: section does not have enough alignment to ensure safe PC-relative loads
asm/code/code_0200C0.s:16743: Warning: section does not have enough alignment to ensure safe PC-relative loads
asm/code/code_0200C0.s:16786: Warning: section does not have enough alignment to ensure safe PC-relative loads
asm/code/code_0280C0.s:8185: Warning: section does not have enough alignment to ensure safe PC-relative loads
asm/code/code_0280C0.s:8222: Warning: section does not have enough alignment to ensure safe PC-relative loads
asm/code/code_0180C0.s:16961: Warning: section does not have enough alignment to ensure safe PC-relative loads
asm/code/code_0180C0.s:16968: Warning: section does not have enough alignment to ensure safe PC-relative loads
asm/code/code_0200C0.s:16791: Warning: section does not have enough alignment to ensure safe PC-relative loads
asm/code/code_0280C0.s:8223: Warning: section does not have enough alignment to ensure safe PC-relative loads
asm/code/code_0280C0.s:8225: Warning: section does not have enough alignment to ensure safe PC-relative loads
asm/code/code_0180C0.s:16971: Warning: section does not have enough alignment to ensure safe PC-relative loads
asm/code/code_0180C0.s:17000: Warning: section does not have enough alignment to ensure safe PC-relative loads
asm/code/code_0200C0.s:16792: Warning: section does not have enough alignment to ensure safe PC-relative loads
asm/code/code_0280C0.s:8262: Warning: section does not have enough alignment to ensure safe PC-relative loads
asm/code/code_0280C0.s:8267: Warning: section does not have enough alignment to ensure safe PC-relative loads
asm/code/code_0180C0.s:17005: Warning: section does not have enough alignment to ensure safe PC-relative loads
asm/code/code_0180C0.s:17014: Warning: section does not have enough alignment to ensure safe PC-relative loads
asm/code/code_0200C0.s:16815: Warning: section does not have enough alignment to ensure safe PC-relative loads
asm/code/code_0200C0.s:16821: Warning: section does not have enough alignment to ensure safe PC-relative loads
asm/code/code_0280C0.s:8287: Warning: section does not have enough alignment to ensure safe PC-relative loads
asm/code/code_0280C0.s:8288: Warning: section does not have enough alignment to ensure safe PC-relative loads
asm/code/code_0180C0.s:17054: Warning: section does not have enough alignment to ensure safe PC-relative loads
asm/code/code_0180C0.s:17064: Warning: section does not have enough alignment to ensure safe PC-relative loads
asm/code/code_0200C0.s:16946: Warning: section does not have enough alignment to ensure safe PC-relative loads
asm/code/code_0200C0.s:16992: Warning: section does not have enough alignment to ensure safe PC-relative loads
asm/code/code_0280C0.s:8289: Warning: section does not have enough alignment to ensure safe PC-relative loads
asm/code/code_0280C0.s:8297: Warning: section does not have enough alignment to ensure safe PC-relative loads
asm/code/code_0180C0.s:17118: Warning: section does not have enough alignment to ensure safe PC-relative loads
asm/code/code_0200C0.s:17013: Warning: section does not have enough alignment to ensure safe PC-relative loads
asm/code/code_0200C0.s:17039: Warning: section does not have enough alignment to ensure safe PC-relative loads
asm/code/code_0280C0.s:8329: Warning: section does not have enough alignment to ensure safe PC-relative loads
asm/code/code_0280C0.s:8330: Warning: section does not have enough alignment to ensure safe PC-relative loads
asm/code/code_0180C0.s:17186: Warning: section does not have enough alignment to ensure safe PC-relative loads
asm/code/code_0200C0.s:17121: Warning: section does not have enough alignment to ensure safe PC-relative loads
asm/code/code_0200C0.s:17125: Warning: section does not have enough alignment to ensure safe PC-relative loads
asm/code/code_0280C0.s:8338: Warning: section does not have enough alignment to ensure safe PC-relative loads
asm/code/code_0180C0.s:17210: Warning: section does not have enough alignment to ensure safe PC-relative loads
asm/code/code_0180C0.s:17253: Warning: section does not have enough alignment to ensure safe PC-relative loads
asm/code/code_0200C0.s:17136: Warning: section does not have enough alignment to ensure safe PC-relative loads
asm/code/code_0280C0.s:8341: Warning: section does not have enough alignment to ensure safe PC-relative loads
asm/code/code_0280C0.s:8342: Warning: section does not have enough alignment to ensure safe PC-relative loads
asm/code/code_0180C0.s:17284: Warning: section does not have enough alignment to ensure safe PC-relative loads
asm/code/code_0180C0.s:17341: Warning: section does not have enough alignment to ensure safe PC-relative loads
asm/code/code_0200C0.s:17540: Warning: section does not have enough alignment to ensure safe PC-relative loads
asm/code/code_0280C0.s:8343: Warning: section does not have enough alignment to ensure safe PC-relative loads
asm/code/code_0280C0.s:8391: Warning: section does not have enough alignment to ensure safe PC-relative loads
asm/code/code_0180C0.s:17344: Warning: section does not have enough alignment to ensure safe PC-relative loads
asm/code/code_0200C0.s:17544: Warning: section does not have enough alignment to ensure safe PC-relative loads
asm/code/code_0200C0.s:17621: Warning: section does not have enough alignment to ensure safe PC-relative loads
asm/code/code_0280C0.s:8402: Warning: section does not have enough alignment to ensure safe PC-relative loads
asm/code/code_0280C0.s:8411: Warning: section does not have enough alignment to ensure safe PC-relative loads
asm/code/code_0180C0.s:17389: Warning: section does not have enough alignment to ensure safe PC-relative loads
asm/code/code_0180C0.s:17423: Warning: section does not have enough alignment to ensure safe PC-relative loads
asm/code/code_0200C0.s:17622: Warning: section does not have enough alignment to ensure safe PC-relative loads
asm/code/code_0200C0.s:17632: Warning: section does not have enough alignment to ensure safe PC-relative loads
asm/code/code_0280C0.s:8484: Warning: section does not have enough alignment to ensure safe PC-relative loads
asm/code/code_0280C0.s:8488: Warning: section does not have enough alignment to ensure safe PC-relative loads
asm/code/code_0180C0.s:17428: Warning: section does not have enough alignment to ensure safe PC-relative loads
asm/code/code_0180C0.s:17435: Warning: section does not have enough alignment to ensure safe PC-relative loads
asm/code/code_0200C0.s:17673: Warning: section does not have enough alignment to ensure safe PC-relative loads
asm/code/code_0200C0.s:17762: Warning: section does not have enough alignment to ensure safe PC-relative loads
asm/code/code_0280C0.s:8496: Warning: section does not have enough alignment to ensure safe PC-relative loads
asm/code/code_0280C0.s:8505: Warning: section does not have enough alignment to ensure safe PC-relative loads
asm/code/code_0180C0.s:17438: Warning: section does not have enough alignment to ensure safe PC-relative loads
asm/code/code_0180C0.s:17538: Warning: section does not have enough alignment to ensure safe PC-relative loads
asm/code/code_0200C0.s:17940: Warning: section does not have enough alignment to ensure safe PC-relative loads
asm/code/code_0200C0.s:17944: Warning: section does not have enough alignment to ensure safe PC-relative loads
asm/code/code_0280C0.s:8674: Warning: section does not have enough alignment to ensure safe PC-relative loads
asm/code/code_0280C0.s:8680: Warning: section does not have enough alignment to ensure safe PC-relative loads
asm/code/code_0180C0.s:17582: Warning: section does not have enough alignment to ensure safe PC-relative loads
asm/code/code_0180C0.s:17616: Warning: section does not have enough alignment to ensure safe PC-relative loads
asm/code/code_0200C0.s:17967: Warning: section does not have enough alignment to ensure safe PC-relative loads
asm/code/code_0200C0.s:18154: Warning: section does not have enough alignment to ensure safe PC-relative loads
asm/code/code_0280C0.s:8911: Warning: section does not have enough alignment to ensure safe PC-relative loads
asm/code/code_0280C0.s:8912: Warning: section does not have enough alignment to ensure safe PC-relative loads
asm/code/code_0180C0.s:17676: Warning: section does not have enough alignment to ensure safe PC-relative loads
asm/code/code_0180C0.s:17759: Warning: section does not have enough alignment to ensure safe PC-relative loads
asm/code/code_0200C0.s:18183: Warning: section does not have enough alignment to ensure safe PC-relative loads
asm/code/code_0200C0.s:18292: Warning: section does not have enough alignment to ensure safe PC-relative loads
asm/code/code_0280C0.s:8914: Warning: section does not have enough alignment to ensure safe PC-relative loads
asm/code/code_0280C0.s:8916: Warning: section does not have enough alignment to ensure safe PC-relative loads
asm/code/code_0180C0.s:17899: Warning: section does not have enough alignment to ensure safe PC-relative loads
asm/code/code_0180C0.s:17979: Warning: section does not have enough alignment to ensure safe PC-relative loads
asm/code/code_0200C0.s:18556: Warning: section does not have enough alignment to ensure safe PC-relative loads
asm/code/code_0200C0.s:18557: Warning: section does not have enough alignment to ensure safe PC-relative loads
asm/code/code_0280C0.s:8917: Warning: section does not have enough alignment to ensure safe PC-relative loads
asm/code/code_0180C0.s:17984: Warning: section does not have enough alignment to ensure safe PC-relative loads
asm/code/code_0180C0.s:18105: Warning: section does not have enough alignment to ensure safe PC-relative loads
asm/code/code_0200C0.s:18568: Warning: section does not have enough alignment to ensure safe PC-relative loads
asm/code/code_0200C0.s:18569: Warning: section does not have enough alignment to ensure safe PC-relative loads
asm/code/code_0280C0.s:8918: Warning: section does not have enough alignment to ensure safe PC-relative loads
asm/code/code_0280C0.s:8924: Warning: section does not have enough alignment to ensure safe PC-relative loads
asm/code/code_0180C0.s:18152: Warning: section does not have enough alignment to ensure safe PC-relative loads
asm/code/code_0200C0.s:18620: Warning: section does not have enough alignment to ensure safe PC-relative loads
asm/code/code_0200C0.s:18621: Warning: section does not have enough alignment to ensure safe PC-relative loads
asm/code/code_0280C0.s:8937: Warning: section does not have enough alignment to ensure safe PC-relative loads
asm/code/code_0280C0.s:8944: Warning: section does not have enough alignment to ensure safe PC-relative loads
asm/code/code_0180C0.s:18193: Warning: section does not have enough alignment to ensure safe PC-relative loads
asm/code/code_0180C0.s:18250: Warning: section does not have enough alignment to ensure safe PC-relative loads
asm/code/code_0200C0.s:18667: Warning: section does not have enough alignment to ensure safe PC-relative loads
asm/code/code_0200C0.s:18668: Warning: section does not have enough alignment to ensure safe PC-relative loads
asm/code/code_0280C0.s:8945: Warning: section does not have enough alignment to ensure safe PC-relative loads
asm/code/code_0280C0.s:8948: Warning: section does not have enough alignment to ensure safe PC-relative loads
asm/code/code_0180C0.s:18288: Warning: section does not have enough alignment to ensure safe PC-relative loads
asm/code/code_0200C0.s:18762: Warning: section does not have enough alignment to ensure safe PC-relative loads
asm/code/code_0200C0.s:18763: Warning: section does not have enough alignment to ensure safe PC-relative loads
asm/code/code_0280C0.s:8950: Warning: section does not have enough alignment to ensure safe PC-relative loads
asm/code/code_0280C0.s:8998: Warning: section does not have enough alignment to ensure safe PC-relative loads
asm/code/code_0180C0.s:18474: Warning: section does not have enough alignment to ensure safe PC-relative loads
asm/code/code_0180C0.s:18500: Warning: section does not have enough alignment to ensure safe PC-relative loads
asm/code/code_0200C0.s:18794: Warning: section does not have enough alignment to ensure safe PC-relative loads
asm/code/code_0200C0.s:18795: Warning: section does not have enough alignment to ensure safe PC-relative loads
asm/code/code_0280C0.s:9114: Warning: section does not have enough alignment to ensure safe PC-relative loads
asm/code/code_0280C0.s:9115: Warning: section does not have enough alignment to ensure safe PC-relative loads
asm/code/code_0180C0.s:18510: Warning: section does not have enough alignment to ensure safe PC-relative loads
asm/code/code_0200C0.s:18878: Warning: section does not have enough alignment to ensure safe PC-relative loads
asm/code/code_0280C0.s:9129: Warning: section does not have enough alignment to ensure safe PC-relative loads
asm/code/code_0280C0.s:9135: Warning: section does not have enough alignment to ensure safe PC-relative loads
asm/code/code_0180C0.s:18518: Warning: section does not have enough alignment to ensure safe PC-relative loads
asm/code/code_0200C0.s:18879: Warning: section does not have enough alignment to ensure safe PC-relative loads
asm/code/code_0280C0.s:9204: Warning: section does not have enough alignment to ensure safe PC-relative loads
asm/code/code_0280C0.s:9215: Warning: section does not have enough alignment to ensure safe PC-relative loads
asm/code/code_0180C0.s:18557: Warning: section does not have enough alignment to ensure safe PC-relative loads
asm/code/code_0180C0.s:18561: Warning: section does not have enough alignment to ensure safe PC-relative loads
asm/code/code_0280C0.s:9217: Warning: section does not have enough alignment to ensure safe PC-relative loads
asm/code/code_0280C0.s:9219: Warning: section does not have enough alignment to ensure safe PC-relative loads
asm/code/code_0180C0.s:18564: Warning: section does not have enough alignment to ensure safe PC-relative loads
asm/code/code_0280C0.s:9230: Warning: section does not have enough alignment to ensure safe PC-relative loads
asm/code/code_0280C0.s:9280: Warning: section does not have enough alignment to ensure safe PC-relative loads
asm/code/code_0280C0.s:9288: Warning: section does not have enough alignment to ensure safe PC-relative loads
asm/code/code_0280C0.s:9303: Warning: section does not have enough alignment to ensure safe PC-relative loads
asm/code/code_0280C0.s:9338: Warning: section does not have enough alignment to ensure safe PC-relative loads
asm/code/code_0280C0.s:9343: Warning: section does not have enough alignment to ensure safe PC-relative loads
asm/code/code_0280C0.s:9347: Warning: section does not have enough alignment to ensure safe PC-relative loads
asm/code/code_0280C0.s:9350: Warning: section does not have enough alignment to ensure safe PC-relative loads
asm/code/code_0280C0.s:9444: Warning: section does not have enough alignment to ensure safe PC-relative loads
asm/code/code_0280C0.s:9510: Warning: section does not have enough alignment to ensure safe PC-relative loads
asm/code/code_0280C0.s:9511: Warning: section does not have enough alignment to ensure safe PC-relative loads
asm/code/code_0280C0.s:9519: Warning: section does not have enough alignment to ensure safe PC-relative loads
asm/code/code_0280C0.s:9634: Warning: section does not have enough alignment to ensure safe PC-relative loads
asm/code/code_0280C0.s:9640: Warning: section does not have enough alignment to ensure safe PC-relative loads
asm/code/code_0280C0.s:9874: Warning: section does not have enough alignment to ensure safe PC-relative loads
asm/code/code_0280C0.s:9907: Warning: section does not have enough alignment to ensure safe PC-relative loads
asm/code/code_0280C0.s:9919: Warning: section does not have enough alignment to ensure safe PC-relative loads
asm/code/code_0280C0.s:9926: Warning: section does not have enough alignment to ensure safe PC-relative loads
asm/code/code_0280C0.s:10067: Warning: section does not have enough alignment to ensure safe PC-relative loads
asm/code/code_0280C0.s:10111: Warning: section does not have enough alignment to ensure safe PC-relative loads
asm/code/code_0280C0.s:10219: Warning: section does not have enough alignment to ensure safe PC-relative loads
asm/code/code_0280C0.s:10221: Warning: section does not have enough alignment to ensure safe PC-relative loads
asm/code/code_0280C0.s:10227: Warning: section does not have enough alignment to ensure safe PC-relative loads
asm/code/code_0280C0.s:10261: Warning: section does not have enough alignment to ensure safe PC-relative loads
asm/code/code_0280C0.s:10273: Warning: section does not have enough alignment to ensure safe PC-relative loads
asm/code/code_0280C0.s:10321: Warning: section does not have enough alignment to ensure safe PC-relative loads
asm/code/code_0280C0.s:10445: Warning: section does not have enough alignment to ensure safe PC-relative loads
asm/code/code_0280C0.s:10460: Warning: section does not have enough alignment to ensure safe PC-relative loads
asm/code/code_0280C0.s:10472: Warning: section does not have enough alignment to ensure safe PC-relative loads
asm/code/code_0280C0.s:10505: Warning: section does not have enough alignment to ensure safe PC-relative loads
asm/code/code_0280C0.s:10532: Warning: section does not have enough alignment to ensure safe PC-relative loads
asm/code/code_0280C0.s:10549: Warning: section does not have enough alignment to ensure safe PC-relative loads
asm/code/code_0280C0.s:10557: Warning: section does not have enough alignment to ensure safe PC-relative loads
asm/code/code_0280C0.s:10618: Warning: section does not have enough alignment to ensure safe PC-relative loads
asm/code/code_0280C0.s:10621: Warning: section does not have enough alignment to ensure safe PC-relative loads
asm/code/code_0280C0.s:10641: Warning: section does not have enough alignment to ensure safe PC-relative loads
asm/code/code_0280C0.s:10693: Warning: section does not have enough alignment to ensure safe PC-relative loads
asm/code/code_0280C0.s:10697: Warning: section does not have enough alignment to ensure safe PC-relative loads
asm/code/code_0280C0.s:10713: Warning: section does not have enough alignment to ensure safe PC-relative loads
AS      asm/code/code_0300C0.s
asm/code/code_0280C0.s:10902: Warning: section does not have enough alignment to ensure safe PC-relative loads
asm/code/code_0280C0.s:10925: Warning: section does not have enough alignment to ensure safe PC-relative loads
asm/code/code_0280C0.s:10943: Warning: section does not have enough alignment to ensure safe PC-relative loads
asm/code/code_0280C0.s:10983: Warning: section does not have enough alignment to ensure safe PC-relative loads
AS      asm/code/code_0380C0.s
asm/code/code_0280C0.s:11007: Warning: section does not have enough alignment to ensure safe PC-relative loads
asm/code/code_0280C0.s:11035: Warning: section does not have enough alignment to ensure safe PC-relative loads
asm/code/code_0280C0.s:11098: Warning: section does not have enough alignment to ensure safe PC-relative loads
asm/code/code_0280C0.s:11103: Warning: section does not have enough alignment to ensure safe PC-relative loads
asm/code/code_0280C0.s:11113: Warning: section does not have enough alignment to ensure safe PC-relative loads
asm/code/code_0280C0.s:11122: Warning: section does not have enough alignment to ensure safe PC-relative loads
asm/code/code_0280C0.s:11143: Warning: section does not have enough alignment to ensure safe PC-relative loads
asm/code/code_0280C0.s:11172: Warning: section does not have enough alignment to ensure safe PC-relative loads
asm/code/code_0280C0.s:11219: Warning: section does not have enough alignment to ensure safe PC-relative loads
asm/code/code_0280C0.s:11240: Warning: section does not have enough alignment to ensure safe PC-relative loads
asm/code/code_0280C0.s:11241: Warning: section does not have enough alignment to ensure safe PC-relative loads
asm/code/code_0280C0.s:11329: Warning: section does not have enough alignment to ensure safe PC-relative loads
asm/code/code_0280C0.s:11335: Warning: section does not have enough alignment to ensure safe PC-relative loads
asm/code/code_0280C0.s:11540: Warning: section does not have enough alignment to ensure safe PC-relative loads
asm/code/code_0280C0.s:11567: Warning: section does not have enough alignment to ensure safe PC-relative loads
asm/code/code_0280C0.s:11568: Warning: section does not have enough alignment to ensure safe PC-relative loads
asm/code/code_0280C0.s:11588: Warning: section does not have enough alignment to ensure safe PC-relative loads
asm/code/code_0280C0.s:11594: Warning: section does not have enough alignment to ensure safe PC-relative loads
asm/code/code_0280C0.s:11609: Warning: section does not have enough alignment to ensure safe PC-relative loads
asm/code/code_0280C0.s:11610: Warning: section does not have enough alignment to ensure safe PC-relative loads
asm/code/code_0280C0.s:11656: Warning: section does not have enough alignment to ensure safe PC-relative loads
asm/code/code_0280C0.s:12441: Warning: section does not have enough alignment to ensure safe PC-relative loads
asm/code/code_0280C0.s:12447: Warning: section does not have enough alignment to ensure safe PC-relative loads
asm/code/code_0280C0.s:12707: Warning: section does not have enough alignment to ensure safe PC-relative loads
asm/code/code_0280C0.s:12738: Warning: section does not have enough alignment to ensure safe PC-relative loads
asm/code/code_0280C0.s:12819: Warning: section does not have enough alignment to ensure safe PC-relative loads
asm/code/code_0280C0.s:13067: Warning: section does not have enough alignment to ensure safe PC-relative loads
asm/code/code_0280C0.s:13149: Warning: section does not have enough alignment to ensure safe PC-relative loads
asm/code/code_0280C0.s:13372: Warning: section does not have enough alignment to ensure safe PC-relative loads
asm/code/code_0280C0.s:13378: Warning: section does not have enough alignment to ensure safe PC-relative loads
asm/code/code_0280C0.s:13619: Warning: section does not have enough alignment to ensure safe PC-relative loads
asm/code/code_0280C0.s:13721: Warning: section does not have enough alignment to ensure safe PC-relative loads
asm/code/code_0280C0.s:13771: Warning: section does not have enough alignment to ensure safe PC-relative loads
asm/code/code_0280C0.s:13946: Warning: section does not have enough alignment to ensure safe PC-relative loads
asm/code/code_0280C0.s:13952: Warning: section does not have enough alignment to ensure safe PC-relative loads
asm/code/code_0280C0.s:14182: Warning: section does not have enough alignment to ensure safe PC-relative loads
asm/code/code_0280C0.s:14208: Warning: section does not have enough alignment to ensure safe PC-relative loads
asm/code/code_0280C0.s:14213: Warning: section does not have enough alignment to ensure safe PC-relative loads
asm/code/code_0300C0.s: Assembler messages:
asm/code/code_0280C0.s:14300: Warning: section does not have enough alignment to ensure safe PC-relative loads
asm/code/code_0280C0.s:14331: Warning: section does not have enough alignment to ensure safe PC-relative loads
asm/code/code_0300C0.s:149: Warning: section does not have enough alignment to ensure safe PC-relative loads
asm/code/code_0300C0.s:155: Warning: section does not have enough alignment to ensure safe PC-relative loads
asm/code/code_0280C0.s:14342: Warning: section does not have enough alignment to ensure safe PC-relative loads
asm/code/code_0280C0.s:14350: Warning: section does not have enough alignment to ensure safe PC-relative loads
asm/code/code_0300C0.s:282: Warning: section does not have enough alignment to ensure safe PC-relative loads
asm/code/code_0280C0.s:14362: Warning: section does not have enough alignment to ensure safe PC-relative loads
asm/code/code_0280C0.s:14422: Warning: section does not have enough alignment to ensure safe PC-relative loads
asm/code/code_0380C0.s: Assembler messages:
asm/code/code_0300C0.s:319: Warning: section does not have enough alignment to ensure safe PC-relative loads
asm/code/code_0280C0.s:14426: Warning: section does not have enough alignment to ensure safe PC-relative loads
asm/code/code_0380C0.s:294: Warning: section does not have enough alignment to ensure safe PC-relative loads
asm/code/code_0300C0.s:375: Warning: section does not have enough alignment to ensure safe PC-relative loads
asm/code/code_0280C0.s:14450: Warning: section does not have enough alignment to ensure safe PC-relative loads
asm/code/code_0280C0.s:14477: Warning: section does not have enough alignment to ensure safe PC-relative loads
asm/code/code_0380C0.s:383: Warning: section does not have enough alignment to ensure safe PC-relative loads
asm/code/code_0380C0.s:424: Warning: section does not have enough alignment to ensure safe PC-relative loads
asm/code/code_0300C0.s:383: Warning: section does not have enough alignment to ensure safe PC-relative loads
asm/code/code_0280C0.s:14497: Warning: section does not have enough alignment to ensure safe PC-relative loads
asm/code/code_0280C0.s:14531: Warning: section does not have enough alignment to ensure safe PC-relative loads
asm/code/code_0380C0.s:461: Warning: section does not have enough alignment to ensure safe PC-relative loads
asm/code/code_0300C0.s:603: Warning: section does not have enough alignment to ensure safe PC-relative loads
asm/code/code_0280C0.s:14552: Warning: section does not have enough alignment to ensure safe PC-relative loads
asm/code/code_0380C0.s:583: Warning: section does not have enough alignment to ensure safe PC-relative loads
asm/code/code_0380C0.s:584: Warning: section does not have enough alignment to ensure safe PC-relative loads
asm/code/code_0300C0.s:618: Warning: section does not have enough alignment to ensure safe PC-relative loads
asm/code/code_0280C0.s:14589: Warning: section does not have enough alignment to ensure safe PC-relative loads
asm/code/code_0380C0.s:634: Warning: section does not have enough alignment to ensure safe PC-relative loads
asm/code/code_0300C0.s:675: Warning: section does not have enough alignment to ensure safe PC-relative loads
asm/code/code_0300C0.s:735: Warning: section does not have enough alignment to ensure safe PC-relative loads
asm/code/code_0280C0.s:14598: Warning: section does not have enough alignment to ensure safe PC-relative loads
asm/code/code_0280C0.s:14611: Warning: section does not have enough alignment to ensure safe PC-relative loads
asm/code/code_0380C0.s:981: Warning: section does not have enough alignment to ensure safe PC-relative loads
asm/code/code_0380C0.s:1138: Warning: section does not have enough alignment to ensure safe PC-relative loads
asm/code/code_0300C0.s:736: Warning: section does not have enough alignment to ensure safe PC-relative loads
asm/code/code_0280C0.s:14627: Warning: section does not have enough alignment to ensure safe PC-relative loads
asm/code/code_0280C0.s:14709: Warning: section does not have enough alignment to ensure safe PC-relative loads
asm/code/code_0380C0.s:1235: Warning: section does not have enough alignment to ensure safe PC-relative loads
asm/code/code_0380C0.s:1379: Warning: section does not have enough alignment to ensure safe PC-relative loads
asm/code/code_0300C0.s:742: Warning: section does not have enough alignment to ensure safe PC-relative loads
asm/code/code_0300C0.s:882: Warning: section does not have enough alignment to ensure safe PC-relative loads
asm/code/code_0280C0.s:14831: Warning: section does not have enough alignment to ensure safe PC-relative loads
asm/code/code_0280C0.s:14880: Warning: section does not have enough alignment to ensure safe PC-relative loads
asm/code/code_0380C0.s:1614: Warning: section does not have enough alignment to ensure safe PC-relative loads
asm/code/code_0380C0.s:1620: Warning: section does not have enough alignment to ensure safe PC-relative loads
asm/code/code_0300C0.s:886: Warning: section does not have enough alignment to ensure safe PC-relative loads
asm/code/code_0300C0.s:901: Warning: section does not have enough alignment to ensure safe PC-relative loads
asm/code/code_0280C0.s:14901: Warning: section does not have enough alignment to ensure safe PC-relative loads
asm/code/code_0280C0.s:14904: Warning: section does not have enough alignment to ensure safe PC-relative loads
asm/code/code_0380C0.s:1621: Warning: section does not have enough alignment to ensure safe PC-relative loads
asm/code/code_0380C0.s:1667: Warning: section does not have enough alignment to ensure safe PC-relative loads
asm/code/code_0300C0.s:967: Warning: section does not have enough alignment to ensure safe PC-relative loads
asm/code/code_0300C0.s:1004: Warning: section does not have enough alignment to ensure safe PC-relative loads
asm/code/code_0280C0.s:14907: Warning: section does not have enough alignment to ensure safe PC-relative loads
asm/code/code_0280C0.s:14992: Warning: section does not have enough alignment to ensure safe PC-relative loads
asm/code/code_0380C0.s:1714: Warning: section does not have enough alignment to ensure safe PC-relative loads
asm/code/code_0380C0.s:1767: Warning: section does not have enough alignment to ensure safe PC-relative loads
asm/code/code_0300C0.s:1092: Warning: section does not have enough alignment to ensure safe PC-relative loads
asm/code/code_0280C0.s:15135: Warning: section does not have enough alignment to ensure safe PC-relative loads
asm/code/code_0380C0.s:1768: Warning: section does not have enough alignment to ensure safe PC-relative loads
asm/code/code_0300C0.s:1242: Warning: section does not have enough alignment to ensure safe PC-relative loads
asm/code/code_0280C0.s:15141: Warning: section does not have enough alignment to ensure safe PC-relative loads
asm/code/code_0280C0.s:15438: Warning: section does not have enough alignment to ensure safe PC-relative loads
asm/code/code_0380C0.s:1888: Warning: section does not have enough alignment to ensure safe PC-relative loads
asm/code/code_0300C0.s:1248: Warning: section does not have enough alignment to ensure safe PC-relative loads
asm/code/code_0280C0.s:15488: Warning: section does not have enough alignment to ensure safe PC-relative loads
asm/code/code_0280C0.s:15547: Warning: section does not have enough alignment to ensure safe PC-relative loads
asm/code/code_0380C0.s:1913: Warning: section does not have enough alignment to ensure safe PC-relative loads
asm/code/code_0380C0.s:1927: Warning: section does not have enough alignment to ensure safe PC-relative loads
asm/code/code_0300C0.s:1421: Warning: section does not have enough alignment to ensure safe PC-relative loads
asm/code/code_0300C0.s:1478: Warning: section does not have enough alignment to ensure safe PC-relative loads
asm/code/code_0280C0.s:15642: Warning: section does not have enough alignment to ensure safe PC-relative loads
asm/code/code_0280C0.s:15643: Warning: section does not have enough alignment to ensure safe PC-relative loads
asm/code/code_0380C0.s:1945: Warning: section does not have enough alignment to ensure safe PC-relative loads
asm/code/code_0380C0.s:1949: Warning: section does not have enough alignment to ensure safe PC-relative loads
asm/code/code_0300C0.s:1572: Warning: section does not have enough alignment to ensure safe PC-relative loads
asm/code/code_0280C0.s:15659: Warning: section does not have enough alignment to ensure safe PC-relative loads
asm/code/code_0280C0.s:15761: Warning: section does not have enough alignment to ensure safe PC-relative loads
asm/code/code_0380C0.s:2081: Warning: section does not have enough alignment to ensure safe PC-relative loads
asm/code/code_0300C0.s:1715: Warning: section does not have enough alignment to ensure safe PC-relative loads
asm/code/code_0300C0.s:1721: Warning: section does not have enough alignment to ensure safe PC-relative loads
asm/code/code_0280C0.s:15845: Warning: section does not have enough alignment to ensure safe PC-relative loads
asm/code/code_0280C0.s:15870: Warning: section does not have enough alignment to ensure safe PC-relative loads
asm/code/code_0380C0.s:2112: Warning: section does not have enough alignment to ensure safe PC-relative loads
asm/code/code_0380C0.s:2119: Warning: section does not have enough alignment to ensure safe PC-relative loads
asm/code/code_0300C0.s:1888: Warning: section does not have enough alignment to ensure safe PC-relative loads
asm/code/code_0300C0.s:1939: Warning: section does not have enough alignment to ensure safe PC-relative loads
asm/code/code_0280C0.s:16038: Warning: section does not have enough alignment to ensure safe PC-relative loads
asm/code/code_0280C0.s:16095: Warning: section does not have enough alignment to ensure safe PC-relative loads
asm/code/code_0380C0.s:2137: Warning: section does not have enough alignment to ensure safe PC-relative loads
asm/code/code_0380C0.s:2140: Warning: section does not have enough alignment to ensure safe PC-relative loads
asm/code/code_0300C0.s:2016: Warning: section does not have enough alignment to ensure safe PC-relative loads
asm/code/code_0300C0.s:2126: Warning: section does not have enough alignment to ensure safe PC-relative loads
asm/code/code_0280C0.s:16259: Warning: section does not have enough alignment to ensure safe PC-relative loads
asm/code/code_0380C0.s:2380: Warning: section does not have enough alignment to ensure safe PC-relative loads
asm/code/code_0380C0.s:2402: Warning: section does not have enough alignment to ensure safe PC-relative loads
asm/code/code_0300C0.s:2132: Warning: section does not have enough alignment to ensure safe PC-relative loads
asm/code/code_0280C0.s:16317: Warning: section does not have enough alignment to ensure safe PC-relative loads
asm/code/code_0380C0.s:2445: Warning: section does not have enough alignment to ensure safe PC-relative loads
asm/code/code_0300C0.s:2279: Warning: section does not have enough alignment to ensure safe PC-relative loads
asm/code/code_0300C0.s:2325: Warning: section does not have enough alignment to ensure safe PC-relative loads
asm/code/code_0280C0.s:16568: Warning: section does not have enough alignment to ensure safe PC-relative loads
asm/code/code_0280C0.s:16574: Warning: section does not have enough alignment to ensure safe PC-relative loads
asm/code/code_0380C0.s:2538: Warning: section does not have enough alignment to ensure safe PC-relative loads
asm/code/code_0380C0.s:2635: Warning: section does not have enough alignment to ensure safe PC-relative loads
asm/code/code_0300C0.s:2391: Warning: section does not have enough alignment to ensure safe PC-relative loads
asm/code/code_0300C0.s:2586: Warning: section does not have enough alignment to ensure safe PC-relative loads
asm/code/code_0280C0.s:16821: Warning: section does not have enough alignment to ensure safe PC-relative loads
asm/code/code_0280C0.s:16976: Warning: section does not have enough alignment to ensure safe PC-relative loads
asm/code/code_0380C0.s:2642: Warning: section does not have enough alignment to ensure safe PC-relative loads
asm/code/code_0380C0.s:2710: Warning: section does not have enough alignment to ensure safe PC-relative loads
asm/code/code_0300C0.s:2592: Warning: section does not have enough alignment to ensure safe PC-relative loads
asm/code/code_0300C0.s:2929: Warning: section does not have enough alignment to ensure safe PC-relative loads
asm/code/code_0280C0.s:17165: Warning: section does not have enough alignment to ensure safe PC-relative loads
asm/code/code_0280C0.s:17225: Warning: section does not have enough alignment to ensure safe PC-relative loads
asm/code/code_0380C0.s:3039: Warning: section does not have enough alignment to ensure safe PC-relative loads
asm/code/code_0300C0.s:2991: Warning: section does not have enough alignment to ensure safe PC-relative loads
asm/code/code_0300C0.s:2992: Warning: section does not have enough alignment to ensure safe PC-relative loads
asm/code/code_0280C0.s:17451: Warning: section does not have enough alignment to ensure safe PC-relative loads
asm/code/code_0280C0.s:17457: Warning: section does not have enough alignment to ensure safe PC-relative loads
asm/code/code_0380C0.s:3154: Warning: section does not have enough alignment to ensure safe PC-relative loads
asm/code/code_0380C0.s:3160: Warning: section does not have enough alignment to ensure safe PC-relative loads
asm/code/code_0300C0.s:3032: Warning: section does not have enough alignment to ensure safe PC-relative loads
asm/code/code_0300C0.s:3033: Warning: section does not have enough alignment to ensure safe PC-relative loads
asm/code/code_0280C0.s:17767: Warning: section does not have enough alignment to ensure safe PC-relative loads
asm/code/code_0280C0.s:17843: Warning: section does not have enough alignment to ensure safe PC-relative loads
asm/code/code_0380C0.s:3403: Warning: section does not have enough alignment to ensure safe PC-relative loads
asm/code/code_0380C0.s:3438: Warning: section does not have enough alignment to ensure safe PC-relative loads
asm/code/code_0300C0.s:3071: Warning: section does not have enough alignment to ensure safe PC-relative loads
asm/code/code_0300C0.s:3128: Warning: section does not have enough alignment to ensure safe PC-relative loads
asm/code/code_0280C0.s:17942: Warning: section does not have enough alignment to ensure safe PC-relative loads
asm/code/code_0280C0.s:17943: Warning: section does not have enough alignment to ensure safe PC-relative loads
asm/code/code_0380C0.s:3439: Warning: section does not have enough alignment to ensure safe PC-relative loads
asm/code/code_0380C0.s:3441: Warning: section does not have enough alignment to ensure safe PC-relative loads
asm/code/code_0300C0.s:3212: Warning: section does not have enough alignment to ensure safe PC-relative loads
asm/code/code_0300C0.s:3224: Warning: section does not have enough alignment to ensure safe PC-relative loads
asm/code/code_0280C0.s:17959: Warning: section does not have enough alignment to ensure safe PC-relative loads
asm/code/code_0280C0.s:18072: Warning: section does not have enough alignment to ensure safe PC-relative loads
asm/code/code_0380C0.s:3443: Warning: section does not have enough alignment to ensure safe PC-relative loads
asm/code/code_0380C0.s:3444: Warning: section does not have enough alignment to ensure safe PC-relative loads
asm/code/code_0300C0.s:3361: Warning: section does not have enough alignment to ensure safe PC-relative loads
asm/code/code_0300C0.s:3478: Warning: section does not have enough alignment to ensure safe PC-relative loads
asm/code/code_0280C0.s:18147: Warning: section does not have enough alignment to ensure safe PC-relative loads
asm/code/code_0280C0.s:18167: Warning: section does not have enough alignment to ensure safe PC-relative loads
asm/code/code_0380C0.s:3445: Warning: section does not have enough alignment to ensure safe PC-relative loads
asm/code/code_0380C0.s:3508: Warning: section does not have enough alignment to ensure safe PC-relative loads
asm/code/code_0300C0.s:3919: Warning: section does not have enough alignment to ensure safe PC-relative loads
asm/code/code_0280C0.s:18350: Warning: section does not have enough alignment to ensure safe PC-relative loads
asm/code/code_0280C0.s:18407: Warning: section does not have enough alignment to ensure safe PC-relative loads
asm/code/code_0380C0.s:3516: Warning: section does not have enough alignment to ensure safe PC-relative loads
asm/code/code_0300C0.s:4074: Warning: section does not have enough alignment to ensure safe PC-relative loads
asm/code/code_0300C0.s:4075: Warning: section does not have enough alignment to ensure safe PC-relative loads
asm/code/code_0280C0.s:18576: Warning: section does not have enough alignment to ensure safe PC-relative loads
asm/code/code_0280C0.s:18649: Warning: section does not have enough alignment to ensure safe PC-relative loads
asm/code/code_0380C0.s:3530: Warning: section does not have enough alignment to ensure safe PC-relative loads
asm/code/code_0380C0.s:3531: Warning: section does not have enough alignment to ensure safe PC-relative loads
asm/code/code_0300C0.s:4146: Warning: section does not have enough alignment to ensure safe PC-relative loads
asm/code/code_0300C0.s:4152: Warning: section does not have enough alignment to ensure safe PC-relative loads
asm/code/code_0280C0.s:18825: Warning: section does not have enough alignment to ensure safe PC-relative loads
asm/code/code_0280C0.s:18831: Warning: section does not have enough alignment to ensure safe PC-relative loads
asm/code/code_0380C0.s:3537: Warning: section does not have enough alignment to ensure safe PC-relative loads
asm/code/code_0300C0.s:4378: Warning: section does not have enough alignment to ensure safe PC-relative loads
asm/code/code_0280C0.s:19042: Warning: section does not have enough alignment to ensure safe PC-relative loads
asm/code/code_0280C0.s:19049: Warning: section does not have enough alignment to ensure safe PC-relative loads
asm/code/code_0380C0.s:3538: Warning: section does not have enough alignment to ensure safe PC-relative loads
asm/code/code_0380C0.s:3540: Warning: section does not have enough alignment to ensure safe PC-relative loads
asm/code/code_0300C0.s:4441: Warning: section does not have enough alignment to ensure safe PC-relative loads
asm/code/code_0300C0.s:4442: Warning: section does not have enough alignment to ensure safe PC-relative loads
asm/code/code_0280C0.s:19143: Warning: section does not have enough alignment to ensure safe PC-relative loads
asm/code/code_0380C0.s:3553: Warning: section does not have enough alignment to ensure safe PC-relative loads
asm/code/code_0380C0.s:3692: Warning: section does not have enough alignment to ensure safe PC-relative loads
asm/code/code_0300C0.s:4570: Warning: section does not have enough alignment to ensure safe PC-relative loads
asm/code/code_0380C0.s:3715: Warning: section does not have enough alignment to ensure safe PC-relative loads
asm/code/code_0380C0.s:3716: Warning: section does not have enough alignment to ensure safe PC-relative loads
asm/code/code_0300C0.s:4685: Warning: section does not have enough alignment to ensure safe PC-relative loads
asm/code/code_0380C0.s:3720: Warning: section does not have enough alignment to ensure safe PC-relative loads
asm/code/code_0380C0.s:3733: Warning: section does not have enough alignment to ensure safe PC-relative loads
asm/code/code_0300C0.s:4814: Warning: section does not have enough alignment to ensure safe PC-relative loads
asm/code/code_0300C0.s:5192: Warning: section does not have enough alignment to ensure safe PC-relative loads
asm/code/code_0380C0.s:3801: Warning: section does not have enough alignment to ensure safe PC-relative loads
asm/code/code_0380C0.s:3846: Warning: section does not have enough alignment to ensure safe PC-relative loads
asm/code/code_0300C0.s:5198: Warning: section does not have enough alignment to ensure safe PC-relative loads
asm/code/code_0380C0.s:3905: Warning: section does not have enough alignment to ensure safe PC-relative loads
asm/code/code_0300C0.s:5333: Warning: section does not have enough alignment to ensure safe PC-relative loads
asm/code/code_0300C0.s:5335: Warning: section does not have enough alignment to ensure safe PC-relative loads
asm/code/code_0380C0.s:3935: Warning: section does not have enough alignment to ensure safe PC-relative loads
asm/code/code_0380C0.s:3939: Warning: section does not have enough alignment to ensure safe PC-relative loads
asm/code/code_0300C0.s:5661: Warning: section does not have enough alignment to ensure safe PC-relative loads
asm/code/code_0300C0.s:5721: Warning: section does not have enough alignment to ensure safe PC-relative loads
asm/code/code_0380C0.s:3993: Warning: section does not have enough alignment to ensure safe PC-relative loads
asm/code/code_0380C0.s:4054: Warning: section does not have enough alignment to ensure safe PC-relative loads
asm/code/code_0300C0.s:5816: Warning: section does not have enough alignment to ensure safe PC-relative loads
asm/code/code_0380C0.s:4055: Warning: section does not have enough alignment to ensure safe PC-relative loads
asm/code/code_0300C0.s:5842: Warning: section does not have enough alignment to ensure safe PC-relative loads
asm/code/code_0300C0.s:5892: Warning: section does not have enough alignment to ensure safe PC-relative loads
asm/code/code_0380C0.s:4063: Warning: section does not have enough alignment to ensure safe PC-relative loads
asm/code/code_0380C0.s:4092: Warning: section does not have enough alignment to ensure safe PC-relative loads
asm/code/code_0300C0.s:6060: Warning: section does not have enough alignment to ensure safe PC-relative loads
asm/code/code_0380C0.s:4192: Warning: section does not have enough alignment to ensure safe PC-relative loads
asm/code/code_0380C0.s:4193: Warning: section does not have enough alignment to ensure safe PC-relative loads
asm/code/code_0300C0.s:6267: Warning: section does not have enough alignment to ensure safe PC-relative loads
asm/code/code_0300C0.s:6293: Warning: section does not have enough alignment to ensure safe PC-relative loads
asm/code/code_0380C0.s:4200: Warning: section does not have enough alignment to ensure safe PC-relative loads
asm/code/code_0380C0.s:4203: Warning: section does not have enough alignment to ensure safe PC-relative loads
asm/code/code_0300C0.s:6344: Warning: section does not have enough alignment to ensure safe PC-relative loads
asm/code/code_0300C0.s:6363: Warning: section does not have enough alignment to ensure safe PC-relative loads
asm/code/code_0380C0.s:4206: Warning: section does not have enough alignment to ensure safe PC-relative loads
asm/code/code_0380C0.s:4225: Warning: section does not have enough alignment to ensure safe PC-relative loads
asm/code/code_0300C0.s:6557: Warning: section does not have enough alignment to ensure safe PC-relative loads
asm/code/code_0380C0.s:4336: Warning: section does not have enough alignment to ensure safe PC-relative loads
asm/code/code_0380C0.s:4342: Warning: section does not have enough alignment to ensure safe PC-relative loads
asm/code/code_0300C0.s:6779: Warning: section does not have enough alignment to ensure safe PC-relative loads
AS      asm/code/code_0400C0.s
asm/code/code_0380C0.s:4629: Warning: section does not have enough alignment to ensure safe PC-relative loads
asm/code/code_0380C0.s:4753: Warning: section does not have enough alignment to ensure safe PC-relative loads
asm/code/code_0300C0.s:7073: Warning: section does not have enough alignment to ensure safe PC-relative loads
asm/code/code_0380C0.s:4754: Warning: section does not have enough alignment to ensure safe PC-relative loads
asm/code/code_0380C0.s:4756: Warning: section does not have enough alignment to ensure safe PC-relative loads
asm/code/code_0300C0.s:7079: Warning: section does not have enough alignment to ensure safe PC-relative loads
asm/code/code_0300C0.s:7204: Warning: section does not have enough alignment to ensure safe PC-relative loads
asm/code/code_0380C0.s:4764: Warning: section does not have enough alignment to ensure safe PC-relative loads
asm/code/code_0380C0.s:4765: Warning: section does not have enough alignment to ensure safe PC-relative loads
asm/code/code_0300C0.s:7558: Warning: section does not have enough alignment to ensure safe PC-relative loads
asm/code/code_0300C0.s:7577: Warning: section does not have enough alignment to ensure safe PC-relative loads
asm/code/code_0380C0.s:4766: Warning: section does not have enough alignment to ensure safe PC-relative loads
asm/code/code_0380C0.s:4780: Warning: section does not have enough alignment to ensure safe PC-relative loads
asm/code/code_0300C0.s:7656: Warning: section does not have enough alignment to ensure safe PC-relative loads
asm/code/code_0300C0.s:7657: Warning: section does not have enough alignment to ensure safe PC-relative loads
asm/code/code_0380C0.s:4783: Warning: section does not have enough alignment to ensure safe PC-relative loads
asm/code/code_0300C0.s:7735: Warning: section does not have enough alignment to ensure safe PC-relative loads
asm/code/code_0300C0.s:7736: Warning: section does not have enough alignment to ensure safe PC-relative loads
asm/code/code_0380C0.s:4802: Warning: section does not have enough alignment to ensure safe PC-relative loads
asm/code/code_0380C0.s:4803: Warning: section does not have enough alignment to ensure safe PC-relative loads
asm/code/code_0300C0.s:7801: Warning: section does not have enough alignment to ensure safe PC-relative loads
asm/code/code_0380C0.s:4838: Warning: section does not have enough alignment to ensure safe PC-relative loads
asm/code/code_0380C0.s:4839: Warning: section does not have enough alignment to ensure safe PC-relative loads
asm/code/code_0300C0.s:7952: Warning: section does not have enough alignment to ensure safe PC-relative loads
asm/code/code_0300C0.s:8028: Warning: section does not have enough alignment to ensure safe PC-relative loads
asm/code/code_0380C0.s:4845: Warning: section does not have enough alignment to ensure safe PC-relative loads
asm/code/code_0380C0.s:4859: Warning: section does not have enough alignment to ensure safe PC-relative loads
asm/code/code_0300C0.s:8203: Warning: section does not have enough alignment to ensure safe PC-relative loads
asm/code/code_0380C0.s:4862: Warning: section does not have enough alignment to ensure safe PC-relative loads
asm/code/code_0380C0.s:4881: Warning: section does not have enough alignment to ensure safe PC-relative loads
asm/code/code_0300C0.s:8798: Warning: section does not have enough alignment to ensure safe PC-relative loads
asm/code/code_0300C0.s:8826: Warning: section does not have enough alignment to ensure safe PC-relative loads
asm/code/code_0380C0.s:4882: Warning: section does not have enough alignment to ensure safe PC-relative loads
asm/code/code_0380C0.s:4920: Warning: section does not have enough alignment to ensure safe PC-relative loads
asm/code/code_0300C0.s:8966: Warning: section does not have enough alignment to ensure safe PC-relative loads
asm/code/code_0300C0.s:9053: Warning: section does not have enough alignment to ensure safe PC-relative loads
asm/code/code_0380C0.s:4991: Warning: section does not have enough alignment to ensure safe PC-relative loads
asm/code/code_0380C0.s:5005: Warning: section does not have enough alignment to ensure safe PC-relative loads
asm/code/code_0300C0.s:9188: Warning: section does not have enough alignment to ensure safe PC-relative loads
asm/code/code_0300C0.s:9189: Warning: section does not have enough alignment to ensure safe PC-relative loads
asm/code/code_0380C0.s:5020: Warning: section does not have enough alignment to ensure safe PC-relative loads
asm/code/code_0380C0.s:5021: Warning: section does not have enough alignment to ensure safe PC-relative loads
asm/code/code_0300C0.s:9288: Warning: section does not have enough alignment to ensure safe PC-relative loads
asm/code/code_0300C0.s:9294: Warning: section does not have enough alignment to ensure safe PC-relative loads
asm/code/code_0380C0.s:5023: Warning: section does not have enough alignment to ensure safe PC-relative loads
asm/code/code_0380C0.s:5039: Warning: section does not have enough alignment to ensure safe PC-relative loads
asm/code/code_0400C0.s: Assembler messages:
asm/code/code_0300C0.s:9691: Warning: section does not have enough alignment to ensure safe PC-relative loads
asm/code/code_0300C0.s:9877: Warning: section does not have enough alignment to ensure safe PC-relative loads
asm/code/code_0380C0.s:5083: Warning: section does not have enough alignment to ensure safe PC-relative loads
asm/code/code_0380C0.s:5111: Warning: section does not have enough alignment to ensure safe PC-relative loads
asm/code/code_0400C0.s:29: Warning: section does not have enough alignment to ensure safe PC-relative loads
asm/code/code_0400C0.s:87: Warning: section does not have enough alignment to ensure safe PC-relative loads
asm/code/code_0300C0.s:10015: Warning: section does not have enough alignment to ensure safe PC-relative loads
asm/code/code_0300C0.s:10118: Warning: section does not have enough alignment to ensure safe PC-relative loads
asm/code/code_0380C0.s:5112: Warning: section does not have enough alignment to ensure safe PC-relative loads
asm/code/code_0380C0.s:5116: Warning: section does not have enough alignment to ensure safe PC-relative loads
asm/code/code_0400C0.s:159: Warning: section does not have enough alignment to ensure safe PC-relative loads
asm/code/code_0400C0.s:472: Warning: section does not have enough alignment to ensure safe PC-relative loads
asm/code/code_0300C0.s:10119: Warning: section does not have enough alignment to ensure safe PC-relative loads
asm/code/code_0300C0.s:10145: Warning: section does not have enough alignment to ensure safe PC-relative loads
asm/code/code_0380C0.s:5175: Warning: section does not have enough alignment to ensure safe PC-relative loads
asm/code/code_0400C0.s:562: Warning: section does not have enough alignment to ensure safe PC-relative loads
asm/code/code_0300C0.s:10231: Warning: section does not have enough alignment to ensure safe PC-relative loads
asm/code/code_0380C0.s:5300: Warning: section does not have enough alignment to ensure safe PC-relative loads
asm/code/code_0380C0.s:5364: Warning: section does not have enough alignment to ensure safe PC-relative loads
asm/code/code_0400C0.s:665: Warning: section does not have enough alignment to ensure safe PC-relative loads
asm/code/code_0300C0.s:10458: Warning: section does not have enough alignment to ensure safe PC-relative loads
asm/code/code_0380C0.s:5402: Warning: section does not have enough alignment to ensure safe PC-relative loads
asm/code/code_0400C0.s:770: Warning: section does not have enough alignment to ensure safe PC-relative loads
asm/code/code_0300C0.s:10459: Warning: section does not have enough alignment to ensure safe PC-relative loads
asm/code/code_0300C0.s:10482: Warning: section does not have enough alignment to ensure safe PC-relative loads
asm/code/code_0380C0.s:5407: Warning: section does not have enough alignment to ensure safe PC-relative loads
asm/code/code_0380C0.s:5454: Warning: section does not have enough alignment to ensure safe PC-relative loads
asm/code/code_0400C0.s:901: Warning: section does not have enough alignment to ensure safe PC-relative loads
asm/code/code_0300C0.s:10667: Warning: section does not have enough alignment to ensure safe PC-relative loads
asm/code/code_0300C0.s:10673: Warning: section does not have enough alignment to ensure safe PC-relative loads
asm/code/code_0380C0.s:5519: Warning: section does not have enough alignment to ensure safe PC-relative loads
asm/code/code_0380C0.s:5520: Warning: section does not have enough alignment to ensure safe PC-relative loads
asm/code/code_0400C0.s:1077: Warning: section does not have enough alignment to ensure safe PC-relative loads
asm/code/code_0300C0.s:10924: Warning: section does not have enough alignment to ensure safe PC-relative loads
asm/code/code_0300C0.s:10925: Warning: section does not have enough alignment to ensure safe PC-relative loads
asm/code/code_0380C0.s:5528: Warning: section does not have enough alignment to ensure safe PC-relative loads
asm/code/code_0400C0.s:1083: Warning: section does not have enough alignment to ensure safe PC-relative loads
asm/code/code_0300C0.s:10927: Warning: section does not have enough alignment to ensure safe PC-relative loads
asm/code/code_0300C0.s:10929: Warning: section does not have enough alignment to ensure safe PC-relative loads
asm/code/code_0380C0.s:5568: Warning: section does not have enough alignment to ensure safe PC-relative loads
asm/code/code_0400C0.s:1449: Warning: section does not have enough alignment to ensure safe PC-relative loads
asm/code/code_0400C0.s:1463: Warning: section does not have enough alignment to ensure safe PC-relative loads
asm/code/code_0300C0.s:10930: Warning: section does not have enough alignment to ensure safe PC-relative loads
asm/code/code_0300C0.s:10931: Warning: section does not have enough alignment to ensure safe PC-relative loads
asm/code/code_0380C0.s:5666: Warning: section does not have enough alignment to ensure safe PC-relative loads
asm/code/code_0400C0.s:1479: Warning: section does not have enough alignment to ensure safe PC-relative loads
asm/code/code_0300C0.s:10956: Warning: section does not have enough alignment to ensure safe PC-relative loads
asm/code/code_0300C0.s:10959: Warning: section does not have enough alignment to ensure safe PC-relative loads
asm/code/code_0380C0.s:5667: Warning: section does not have enough alignment to ensure safe PC-relative loads
asm/code/code_0380C0.s:5674: Warning: section does not have enough alignment to ensure safe PC-relative loads
asm/code/code_0400C0.s:1566: Warning: section does not have enough alignment to ensure safe PC-relative loads
asm/code/code_0300C0.s:10978: Warning: section does not have enough alignment to ensure safe PC-relative loads
asm/code/code_0300C0.s:10979: Warning: section does not have enough alignment to ensure safe PC-relative loads
asm/code/code_0380C0.s:5677: Warning: section does not have enough alignment to ensure safe PC-relative loads
asm/code/code_0380C0.s:5680: Warning: section does not have enough alignment to ensure safe PC-relative loads
asm/code/code_0400C0.s:1633: Warning: section does not have enough alignment to ensure safe PC-relative loads
asm/code/code_0400C0.s:1806: Warning: section does not have enough alignment to ensure safe PC-relative loads
asm/code/code_0300C0.s:10985: Warning: section does not have enough alignment to ensure safe PC-relative loads
asm/code/code_0300C0.s:10986: Warning: section does not have enough alignment to ensure safe PC-relative loads
asm/code/code_0380C0.s:5698: Warning: section does not have enough alignment to ensure safe PC-relative loads
asm/code/code_0400C0.s:1957: Warning: section does not have enough alignment to ensure safe PC-relative loads
asm/code/code_0300C0.s:10989: Warning: section does not have enough alignment to ensure safe PC-relative loads
asm/code/code_0380C0.s:5821: Warning: section does not have enough alignment to ensure safe PC-relative loads
asm/code/code_0400C0.s:2230: Warning: section does not have enough alignment to ensure safe PC-relative loads
asm/code/code_0300C0.s:11000: Warning: section does not have enough alignment to ensure safe PC-relative loads
asm/code/code_0300C0.s:11008: Warning: section does not have enough alignment to ensure safe PC-relative loads
asm/code/code_0380C0.s:5827: Warning: section does not have enough alignment to ensure safe PC-relative loads
asm/code/code_0400C0.s:2231: Warning: section does not have enough alignment to ensure safe PC-relative loads
asm/code/code_0400C0.s:2261: Warning: section does not have enough alignment to ensure safe PC-relative loads
asm/code/code_0300C0.s:11011: Warning: section does not have enough alignment to ensure safe PC-relative loads
asm/code/code_0380C0.s:6079: Warning: section does not have enough alignment to ensure safe PC-relative loads
asm/code/code_0400C0.s:2436: Warning: section does not have enough alignment to ensure safe PC-relative loads
asm/code/code_0400C0.s:2442: Warning: section does not have enough alignment to ensure safe PC-relative loads
asm/code/code_0300C0.s:11061: Warning: section does not have enough alignment to ensure safe PC-relative loads
asm/code/code_0380C0.s:6109: Warning: section does not have enough alignment to ensure safe PC-relative loads
asm/code/code_0380C0.s:6112: Warning: section does not have enough alignment to ensure safe PC-relative loads
asm/code/code_0400C0.s:2604: Warning: section does not have enough alignment to ensure safe PC-relative loads
asm/code/code_0400C0.s:2610: Warning: section does not have enough alignment to ensure safe PC-relative loads
asm/code/code_0300C0.s:11214: Warning: section does not have enough alignment to ensure safe PC-relative loads
asm/code/code_0300C0.s:11215: Warning: section does not have enough alignment to ensure safe PC-relative loads
asm/code/code_0380C0.s:6113: Warning: section does not have enough alignment to ensure safe PC-relative loads
asm/code/code_0400C0.s:2612: Warning: section does not have enough alignment to ensure safe PC-relative loads
asm/code/code_0400C0.s:2616: Warning: section does not have enough alignment to ensure safe PC-relative loads
asm/code/code_0300C0.s:11225: Warning: section does not have enough alignment to ensure safe PC-relative loads
asm/code/code_0300C0.s:11240: Warning: section does not have enough alignment to ensure safe PC-relative loads
asm/code/code_0380C0.s:6118: Warning: section does not have enough alignment to ensure safe PC-relative loads
asm/code/code_0380C0.s:6129: Warning: section does not have enough alignment to ensure safe PC-relative loads
asm/code/code_0400C0.s:2618: Warning: section does not have enough alignment to ensure safe PC-relative loads
asm/code/code_0400C0.s:2620: Warning: section does not have enough alignment to ensure safe PC-relative loads
asm/code/code_0300C0.s:11241: Warning: section does not have enough alignment to ensure safe PC-relative loads
asm/code/code_0300C0.s:11260: Warning: section does not have enough alignment to ensure safe PC-relative loads
asm/code/code_0380C0.s:6159: Warning: section does not have enough alignment to ensure safe PC-relative loads
asm/code/code_0380C0.s:6173: Warning: section does not have enough alignment to ensure safe PC-relative loads
asm/code/code_0400C0.s:2621: Warning: section does not have enough alignment to ensure safe PC-relative loads
asm/code/code_0400C0.s:2625: Warning: section does not have enough alignment to ensure safe PC-relative loads
asm/code/code_0300C0.s:11261: Warning: section does not have enough alignment to ensure safe PC-relative loads
asm/code/code_0380C0.s:6176: Warning: section does not have enough alignment to ensure safe PC-relative loads
asm/code/code_0400C0.s:2627: Warning: section does not have enough alignment to ensure safe PC-relative loads
asm/code/code_0400C0.s:2640: Warning: section does not have enough alignment to ensure safe PC-relative loads
asm/code/code_0300C0.s:11268: Warning: section does not have enough alignment to ensure safe PC-relative loads
asm/code/code_0300C0.s:11328: Warning: section does not have enough alignment to ensure safe PC-relative loads
asm/code/code_0380C0.s:6193: Warning: section does not have enough alignment to ensure safe PC-relative loads
asm/code/code_0380C0.s:6370: Warning: section does not have enough alignment to ensure safe PC-relative loads
asm/code/code_0400C0.s:2647: Warning: section does not have enough alignment to ensure safe PC-relative loads
asm/code/code_0400C0.s:2648: Warning: section does not have enough alignment to ensure safe PC-relative loads
asm/code/code_0300C0.s:11348: Warning: section does not have enough alignment to ensure safe PC-relative loads
asm/code/code_0300C0.s:11469: Warning: section does not have enough alignment to ensure safe PC-relative loads
asm/code/code_0380C0.s:6374: Warning: section does not have enough alignment to ensure safe PC-relative loads
asm/code/code_0400C0.s:2671: Warning: section does not have enough alignment to ensure safe PC-relative loads
asm/code/code_0300C0.s:11538: Warning: section does not have enough alignment to ensure safe PC-relative loads
asm/code/code_0380C0.s:6377: Warning: section does not have enough alignment to ensure safe PC-relative loads
asm/code/code_0380C0.s:6378: Warning: section does not have enough alignment to ensure safe PC-relative loads
asm/code/code_0400C0.s:2850: Warning: section does not have enough alignment to ensure safe PC-relative loads
asm/code/code_0400C0.s:2855: Warning: section does not have enough alignment to ensure safe PC-relative loads
asm/code/code_0300C0.s:11539: Warning: section does not have enough alignment to ensure safe PC-relative loads
asm/code/code_0300C0.s:11545: Warning: section does not have enough alignment to ensure safe PC-relative loads
asm/code/code_0380C0.s:6380: Warning: section does not have enough alignment to ensure safe PC-relative loads
asm/code/code_0380C0.s:6382: Warning: section does not have enough alignment to ensure safe PC-relative loads
asm/code/code_0400C0.s:2857: Warning: section does not have enough alignment to ensure safe PC-relative loads
asm/code/code_0400C0.s:2860: Warning: section does not have enough alignment to ensure safe PC-relative loads
asm/code/code_0300C0.s:11560: Warning: section does not have enough alignment to ensure safe PC-relative loads
asm/code/code_0300C0.s:11683: Warning: section does not have enough alignment to ensure safe PC-relative loads
asm/code/code_0380C0.s:6383: Warning: section does not have enough alignment to ensure safe PC-relative loads
asm/code/code_0400C0.s:2877: Warning: section does not have enough alignment to ensure safe PC-relative loads
asm/code/code_0400C0.s:2878: Warning: section does not have enough alignment to ensure safe PC-relative loads
asm/code/code_0300C0.s:11684: Warning: section does not have enough alignment to ensure safe PC-relative loads
asm/code/code_0300C0.s:11692: Warning: section does not have enough alignment to ensure safe PC-relative loads
asm/code/code_0380C0.s:6384: Warning: section does not have enough alignment to ensure safe PC-relative loads
asm/code/code_0380C0.s:6392: Warning: section does not have enough alignment to ensure safe PC-relative loads
asm/code/code_0400C0.s:2885: Warning: section does not have enough alignment to ensure safe PC-relative loads
asm/code/code_0400C0.s:2894: Warning: section does not have enough alignment to ensure safe PC-relative loads
asm/code/code_0300C0.s:11731: Warning: section does not have enough alignment to ensure safe PC-relative loads
asm/code/code_0380C0.s:6397: Warning: section does not have enough alignment to ensure safe PC-relative loads
asm/code/code_0380C0.s:6400: Warning: section does not have enough alignment to ensure safe PC-relative loads
asm/code/code_0400C0.s:2909: Warning: section does not have enough alignment to ensure safe PC-relative loads
asm/code/code_0400C0.s:2915: Warning: section does not have enough alignment to ensure safe PC-relative loads
asm/code/code_0300C0.s:11816: Warning: section does not have enough alignment to ensure safe PC-relative loads
asm/code/code_0300C0.s:11826: Warning: section does not have enough alignment to ensure safe PC-relative loads
asm/code/code_0380C0.s:6422: Warning: section does not have enough alignment to ensure safe PC-relative loads
asm/code/code_0380C0.s:6423: Warning: section does not have enough alignment to ensure safe PC-relative loads
asm/code/code_0400C0.s:2917: Warning: section does not have enough alignment to ensure safe PC-relative loads
asm/code/code_0400C0.s:2921: Warning: section does not have enough alignment to ensure safe PC-relative loads
asm/code/code_0300C0.s:11832: Warning: section does not have enough alignment to ensure safe PC-relative loads
asm/code/code_0300C0.s:11866: Warning: section does not have enough alignment to ensure safe PC-relative loads
asm/code/code_0380C0.s:6527: Warning: section does not have enough alignment to ensure safe PC-relative loads
asm/code/code_0380C0.s:6528: Warning: section does not have enough alignment to ensure safe PC-relative loads
asm/code/code_0400C0.s:2927: Warning: section does not have enough alignment to ensure safe PC-relative loads
asm/code/code_0400C0.s:2928: Warning: section does not have enough alignment to ensure safe PC-relative loads
asm/code/code_0300C0.s:11875: Warning: section does not have enough alignment to ensure safe PC-relative loads
asm/code/code_0300C0.s:11881: Warning: section does not have enough alignment to ensure safe PC-relative loads
asm/code/code_0380C0.s:6531: Warning: section does not have enough alignment to ensure safe PC-relative loads
asm/code/code_0380C0.s:6538: Warning: section does not have enough alignment to ensure safe PC-relative loads
asm/code/code_0400C0.s:2932: Warning: section does not have enough alignment to ensure safe PC-relative loads
asm/code/code_0400C0.s:2941: Warning: section does not have enough alignment to ensure safe PC-relative loads
asm/code/code_0300C0.s:11901: Warning: section does not have enough alignment to ensure safe PC-relative loads
asm/code/code_0380C0.s:6546: Warning: section does not have enough alignment to ensure safe PC-relative loads
asm/code/code_0380C0.s:6579: Warning: section does not have enough alignment to ensure safe PC-relative loads
asm/code/code_0400C0.s:2948: Warning: section does not have enough alignment to ensure safe PC-relative loads
asm/code/code_0400C0.s:2966: Warning: section does not have enough alignment to ensure safe PC-relative loads
asm/code/code_0300C0.s:12017: Warning: section does not have enough alignment to ensure safe PC-relative loads
asm/code/code_0300C0.s:12023: Warning: section does not have enough alignment to ensure safe PC-relative loads
asm/code/code_0380C0.s:6591: Warning: section does not have enough alignment to ensure safe PC-relative loads
asm/code/code_0380C0.s:6605: Warning: section does not have enough alignment to ensure safe PC-relative loads
asm/code/code_0400C0.s:3103: Warning: section does not have enough alignment to ensure safe PC-relative loads
asm/code/code_0400C0.s:3109: Warning: section does not have enough alignment to ensure safe PC-relative loads
asm/code/code_0300C0.s:12208: Warning: section does not have enough alignment to ensure safe PC-relative loads
asm/code/code_0300C0.s:12227: Warning: section does not have enough alignment to ensure safe PC-relative loads
asm/code/code_0380C0.s:6617: Warning: section does not have enough alignment to ensure safe PC-relative loads
asm/code/code_0380C0.s:6621: Warning: section does not have enough alignment to ensure safe PC-relative loads
asm/code/code_0400C0.s:3188: Warning: section does not have enough alignment to ensure safe PC-relative loads
asm/code/code_0400C0.s:3196: Warning: section does not have enough alignment to ensure safe PC-relative loads
asm/code/code_0300C0.s:12228: Warning: section does not have enough alignment to ensure safe PC-relative loads
asm/code/code_0300C0.s:12232: Warning: section does not have enough alignment to ensure safe PC-relative loads
asm/code/code_0380C0.s:6637: Warning: section does not have enough alignment to ensure safe PC-relative loads
asm/code/code_0380C0.s:6643: Warning: section does not have enough alignment to ensure safe PC-relative loads
asm/code/code_0400C0.s:3210: Warning: section does not have enough alignment to ensure safe PC-relative loads
asm/code/code_0300C0.s:12308: Warning: section does not have enough alignment to ensure safe PC-relative loads
asm/code/code_0300C0.s:12309: Warning: section does not have enough alignment to ensure safe PC-relative loads
asm/code/code_0380C0.s:6653: Warning: section does not have enough alignment to ensure safe PC-relative loads
asm/code/code_0380C0.s:6733: Warning: section does not have enough alignment to ensure safe PC-relative loads
asm/code/code_0400C0.s:3367: Warning: section does not have enough alignment to ensure safe PC-relative loads
asm/code/code_0400C0.s:3376: Warning: section does not have enough alignment to ensure safe PC-relative loads
asm/code/code_0300C0.s:12311: Warning: section does not have enough alignment to ensure safe PC-relative loads
asm/code/code_0300C0.s:12313: Warning: section does not have enough alignment to ensure safe PC-relative loads
asm/code/code_0380C0.s:6817: Warning: section does not have enough alignment to ensure safe PC-relative loads
asm/code/code_0380C0.s:6875: Warning: section does not have enough alignment to ensure safe PC-relative loads
asm/code/code_0400C0.s:3403: Warning: section does not have enough alignment to ensure safe PC-relative loads
asm/code/code_0400C0.s:3406: Warning: section does not have enough alignment to ensure safe PC-relative loads
asm/code/code_0300C0.s:12314: Warning: section does not have enough alignment to ensure safe PC-relative loads
asm/code/code_0300C0.s:12315: Warning: section does not have enough alignment to ensure safe PC-relative loads
asm/code/code_0380C0.s:6918: Warning: section does not have enough alignment to ensure safe PC-relative loads
asm/code/code_0380C0.s:6925: Warning: section does not have enough alignment to ensure safe PC-relative loads
asm/code/code_0400C0.s:3429: Warning: section does not have enough alignment to ensure safe PC-relative loads
asm/code/code_0400C0.s:3432: Warning: section does not have enough alignment to ensure safe PC-relative loads
asm/code/code_0300C0.s:12341: Warning: section does not have enough alignment to ensure safe PC-relative loads
asm/code/code_0300C0.s:12344: Warning: section does not have enough alignment to ensure safe PC-relative loads
asm/code/code_0380C0.s:6946: Warning: section does not have enough alignment to ensure safe PC-relative loads
asm/code/code_0380C0.s:6949: Warning: section does not have enough alignment to ensure safe PC-relative loads
asm/code/code_0400C0.s:3504: Warning: section does not have enough alignment to ensure safe PC-relative loads
asm/code/code_0400C0.s:3507: Warning: section does not have enough alignment to ensure safe PC-relative loads
asm/code/code_0300C0.s:12361: Warning: section does not have enough alignment to ensure safe PC-relative loads
asm/code/code_0300C0.s:12364: Warning: section does not have enough alignment to ensure safe PC-relative loads
asm/code/code_0380C0.s:6962: Warning: section does not have enough alignment to ensure safe PC-relative loads
asm/code/code_0380C0.s:6972: Warning: section does not have enough alignment to ensure safe PC-relative loads
asm/code/code_0400C0.s:3566: Warning: section does not have enough alignment to ensure safe PC-relative loads
asm/code/code_0400C0.s:3567: Warning: section does not have enough alignment to ensure safe PC-relative loads
asm/code/code_0300C0.s:12378: Warning: section does not have enough alignment to ensure safe PC-relative loads
asm/code/code_0300C0.s:12379: Warning: section does not have enough alignment to ensure safe PC-relative loads
asm/code/code_0380C0.s:6978: Warning: section does not have enough alignment to ensure safe PC-relative loads
asm/code/code_0380C0.s:6987: Warning: section does not have enough alignment to ensure safe PC-relative loads
asm/code/code_0400C0.s:3663: Warning: section does not have enough alignment to ensure safe PC-relative loads
asm/code/code_0400C0.s:3680: Warning: section does not have enough alignment to ensure safe PC-relative loads
asm/code/code_0300C0.s:12385: Warning: section does not have enough alignment to ensure safe PC-relative loads
asm/code/code_0300C0.s:12386: Warning: section does not have enough alignment to ensure safe PC-relative loads
asm/code/code_0380C0.s:7032: Warning: section does not have enough alignment to ensure safe PC-relative loads
asm/code/code_0380C0.s:7072: Warning: section does not have enough alignment to ensure safe PC-relative loads
asm/code/code_0400C0.s:3769: Warning: section does not have enough alignment to ensure safe PC-relative loads
asm/code/code_0300C0.s:12390: Warning: section does not have enough alignment to ensure safe PC-relative loads
asm/code/code_0380C0.s:7105: Warning: section does not have enough alignment to ensure safe PC-relative loads
asm/code/code_0380C0.s:7201: Warning: section does not have enough alignment to ensure safe PC-relative loads
asm/code/code_0400C0.s:3775: Warning: section does not have enough alignment to ensure safe PC-relative loads
asm/code/code_0400C0.s:3910: Warning: section does not have enough alignment to ensure safe PC-relative loads
asm/code/code_0300C0.s:12393: Warning: section does not have enough alignment to ensure safe PC-relative loads
asm/code/code_0380C0.s:7303: Warning: section does not have enough alignment to ensure safe PC-relative loads
asm/code/code_0400C0.s:3916: Warning: section does not have enough alignment to ensure safe PC-relative loads
asm/code/code_0400C0.s:3946: Warning: section does not have enough alignment to ensure safe PC-relative loads
asm/code/code_0300C0.s:12499: Warning: section does not have enough alignment to ensure safe PC-relative loads
asm/code/code_0300C0.s:12512: Warning: section does not have enough alignment to ensure safe PC-relative loads
asm/code/code_0380C0.s:7341: Warning: section does not have enough alignment to ensure safe PC-relative loads
asm/code/code_0380C0.s:7351: Warning: section does not have enough alignment to ensure safe PC-relative loads
asm/code/code_0400C0.s:4027: Warning: section does not have enough alignment to ensure safe PC-relative loads
asm/code/code_0400C0.s:4032: Warning: section does not have enough alignment to ensure safe PC-relative loads
asm/code/code_0300C0.s:12532: Warning: section does not have enough alignment to ensure safe PC-relative loads
asm/code/code_0300C0.s:12576: Warning: section does not have enough alignment to ensure safe PC-relative loads
asm/code/code_0380C0.s:7380: Warning: section does not have enough alignment to ensure safe PC-relative loads
asm/code/code_0380C0.s:7383: Warning: section does not have enough alignment to ensure safe PC-relative loads
asm/code/code_0400C0.s:4113: Warning: section does not have enough alignment to ensure safe PC-relative loads
asm/code/code_0400C0.s:4117: Warning: section does not have enough alignment to ensure safe PC-relative loads
asm/code/code_0300C0.s:12605: Warning: section does not have enough alignment to ensure safe PC-relative loads
asm/code/code_0380C0.s:7388: Warning: section does not have enough alignment to ensure safe PC-relative loads
asm/code/code_0400C0.s:4123: Warning: section does not have enough alignment to ensure safe PC-relative loads
asm/code/code_0400C0.s:4136: Warning: section does not have enough alignment to ensure safe PC-relative loads
asm/code/code_0300C0.s:12647: Warning: section does not have enough alignment to ensure safe PC-relative loads
asm/code/code_0300C0.s:12672: Warning: section does not have enough alignment to ensure safe PC-relative loads
asm/code/code_0380C0.s:7393: Warning: section does not have enough alignment to ensure safe PC-relative loads
asm/code/code_0380C0.s:7511: Warning: section does not have enough alignment to ensure safe PC-relative loads
asm/code/code_0400C0.s:4158: Warning: section does not have enough alignment to ensure safe PC-relative loads
asm/code/code_0400C0.s:4190: Warning: section does not have enough alignment to ensure safe PC-relative loads
asm/code/code_0300C0.s:12677: Warning: section does not have enough alignment to ensure safe PC-relative loads
asm/code/code_0300C0.s:12681: Warning: section does not have enough alignment to ensure safe PC-relative loads
asm/code/code_0380C0.s:7512: Warning: section does not have enough alignment to ensure safe PC-relative loads
asm/code/code_0380C0.s:7520: Warning: section does not have enough alignment to ensure safe PC-relative loads
asm/code/code_0400C0.s:4194: Warning: section does not have enough alignment to ensure safe PC-relative loads
asm/code/code_0400C0.s:4208: Warning: section does not have enough alignment to ensure safe PC-relative loads
asm/code/code_0300C0.s:12709: Warning: section does not have enough alignment to ensure safe PC-relative loads
asm/code/code_0300C0.s:12710: Warning: section does not have enough alignment to ensure safe PC-relative loads
asm/code/code_0380C0.s:7572: Warning: section does not have enough alignment to ensure safe PC-relative loads
asm/code/code_0380C0.s:7616: Warning: section does not have enough alignment to ensure safe PC-relative loads
asm/code/code_0400C0.s:4248: Warning: section does not have enough alignment to ensure safe PC-relative loads
asm/code/code_0400C0.s:4268: Warning: section does not have enough alignment to ensure safe PC-relative loads
asm/code/code_0300C0.s:12718: Warning: section does not have enough alignment to ensure safe PC-relative loads
asm/code/code_0300C0.s:12745: Warning: section does not have enough alignment to ensure safe PC-relative loads
asm/code/code_0380C0.s:7643: Warning: section does not have enough alignment to ensure safe PC-relative loads
asm/code/code_0380C0.s:7683: Warning: section does not have enough alignment to ensure safe PC-relative loads
asm/code/code_0400C0.s:4281: Warning: section does not have enough alignment to ensure safe PC-relative loads
asm/code/code_0400C0.s:4321: Warning: section does not have enough alignment to ensure safe PC-relative loads
asm/code/code_0300C0.s:12805: Warning: section does not have enough alignment to ensure safe PC-relative loads
asm/code/code_0380C0.s:7719: Warning: section does not have enough alignment to ensure safe PC-relative loads
asm/code/code_0380C0.s:7720: Warning: section does not have enough alignment to ensure safe PC-relative loads
asm/code/code_0400C0.s:4351: Warning: section does not have enough alignment to ensure safe PC-relative loads
asm/code/code_0300C0.s:12814: Warning: section does not have enough alignment to ensure safe PC-relative loads
asm/code/code_0300C0.s:12884: Warning: section does not have enough alignment to ensure safe PC-relative loads
asm/code/code_0380C0.s:7726: Warning: section does not have enough alignment to ensure safe PC-relative loads
asm/code/code_0380C0.s:7729: Warning: section does not have enough alignment to ensure safe PC-relative loads
asm/code/code_0400C0.s:4388: Warning: section does not have enough alignment to ensure safe PC-relative loads
asm/code/code_0400C0.s:4400: Warning: section does not have enough alignment to ensure safe PC-relative loads
asm/code/code_0300C0.s:12890: Warning: section does not have enough alignment to ensure safe PC-relative loads
asm/code/code_0380C0.s:7734: Warning: section does not have enough alignment to ensure safe PC-relative loads
asm/code/code_0380C0.s:7736: Warning: section does not have enough alignment to ensure safe PC-relative loads
asm/code/code_0400C0.s:4402: Warning: section does not have enough alignment to ensure safe PC-relative loads
asm/code/code_0400C0.s:4404: Warning: section does not have enough alignment to ensure safe PC-relative loads
asm/code/code_0300C0.s:13135: Warning: section does not have enough alignment to ensure safe PC-relative loads
asm/code/code_0380C0.s:7753: Warning: section does not have enough alignment to ensure safe PC-relative loads
asm/code/code_0400C0.s:4405: Warning: section does not have enough alignment to ensure safe PC-relative loads
asm/code/code_0400C0.s:4406: Warning: section does not have enough alignment to ensure safe PC-relative loads
asm/code/code_0300C0.s:13235: Warning: section does not have enough alignment to ensure safe PC-relative loads
asm/code/code_0380C0.s:7876: Warning: section does not have enough alignment to ensure safe PC-relative loads
asm/code/code_0380C0.s:7882: Warning: section does not have enough alignment to ensure safe PC-relative loads
asm/code/code_0400C0.s:4412: Warning: section does not have enough alignment to ensure safe PC-relative loads
asm/code/code_0300C0.s:13465: Warning: section does not have enough alignment to ensure safe PC-relative loads
asm/code/code_0380C0.s:7883: Warning: section does not have enough alignment to ensure safe PC-relative loads
asm/code/code_0380C0.s:7912: Warning: section does not have enough alignment to ensure safe PC-relative loads
asm/code/code_0400C0.s:4425: Warning: section does not have enough alignment to ensure safe PC-relative loads
asm/code/code_0400C0.s:4432: Warning: section does not have enough alignment to ensure safe PC-relative loads
asm/code/code_0300C0.s:13597: Warning: section does not have enough alignment to ensure safe PC-relative loads
asm/code/code_0300C0.s:13598: Warning: section does not have enough alignment to ensure safe PC-relative loads
asm/code/code_0380C0.s:7915: Warning: section does not have enough alignment to ensure safe PC-relative loads
asm/code/code_0380C0.s:7927: Warning: section does not have enough alignment to ensure safe PC-relative loads
asm/code/code_0400C0.s:4434: Warning: section does not have enough alignment to ensure safe PC-relative loads
asm/code/code_0400C0.s:4441: Warning: section does not have enough alignment to ensure safe PC-relative loads
asm/code/code_0300C0.s:13665: Warning: section does not have enough alignment to ensure safe PC-relative loads
asm/code/code_0300C0.s:13671: Warning: section does not have enough alignment to ensure safe PC-relative loads
asm/code/code_0380C0.s:7979: Warning: section does not have enough alignment to ensure safe PC-relative loads
asm/code/code_0380C0.s:8002: Warning: section does not have enough alignment to ensure safe PC-relative loads
asm/code/code_0400C0.s:4445: Warning: section does not have enough alignment to ensure safe PC-relative loads
asm/code/code_0400C0.s:4453: Warning: section does not have enough alignment to ensure safe PC-relative loads
asm/code/code_0300C0.s:13703: Warning: section does not have enough alignment to ensure safe PC-relative loads
asm/code/code_0300C0.s:13789: Warning: section does not have enough alignment to ensure safe PC-relative loads
asm/code/code_0380C0.s:8006: Warning: section does not have enough alignment to ensure safe PC-relative loads
asm/code/code_0380C0.s:8124: Warning: section does not have enough alignment to ensure safe PC-relative loads
asm/code/code_0400C0.s:4462: Warning: section does not have enough alignment to ensure safe PC-relative loads
asm/code/code_0400C0.s:4477: Warning: section does not have enough alignment to ensure safe PC-relative loads
asm/code/code_0300C0.s:13794: Warning: section does not have enough alignment to ensure safe PC-relative loads
asm/code/code_0300C0.s:13898: Warning: section does not have enough alignment to ensure safe PC-relative loads
asm/code/code_0380C0.s:8128: Warning: section does not have enough alignment to ensure safe PC-relative loads
asm/code/code_0400C0.s:4488: Warning: section does not have enough alignment to ensure safe PC-relative loads
asm/code/code_0300C0.s:13902: Warning: section does not have enough alignment to ensure safe PC-relative loads
asm/code/code_0380C0.s:8134: Warning: section does not have enough alignment to ensure safe PC-relative loads
asm/code/code_0380C0.s:8146: Warning: section does not have enough alignment to ensure safe PC-relative loads
asm/code/code_0400C0.s:4489: Warning: section does not have enough alignment to ensure safe PC-relative loads
asm/code/code_0400C0.s:4497: Warning: section does not have enough alignment to ensure safe PC-relative loads
asm/code/code_0300C0.s:13908: Warning: section does not have enough alignment to ensure safe PC-relative loads
asm/code/code_0300C0.s:13916: Warning: section does not have enough alignment to ensure safe PC-relative loads
asm/code/code_0380C0.s:8151: Warning: section does not have enough alignment to ensure safe PC-relative loads
asm/code/code_0380C0.s:8157: Warning: section does not have enough alignment to ensure safe PC-relative loads
asm/code/code_0400C0.s:4501: Warning: section does not have enough alignment to ensure safe PC-relative loads
asm/code/code_0400C0.s:4606: Warning: section does not have enough alignment to ensure safe PC-relative loads
asm/code/code_0300C0.s:13935: Warning: section does not have enough alignment to ensure safe PC-relative loads
asm/code/code_0300C0.s:13940: Warning: section does not have enough alignment to ensure safe PC-relative loads
asm/code/code_0380C0.s:8165: Warning: section does not have enough alignment to ensure safe PC-relative loads
asm/code/code_0380C0.s:8170: Warning: section does not have enough alignment to ensure safe PC-relative loads
asm/code/code_0400C0.s:4656: Warning: section does not have enough alignment to ensure safe PC-relative loads
asm/code/code_0400C0.s:4672: Warning: section does not have enough alignment to ensure safe PC-relative loads
asm/code/code_0300C0.s:13953: Warning: section does not have enough alignment to ensure safe PC-relative loads
asm/code/code_0380C0.s:8175: Warning: section does not have enough alignment to ensure safe PC-relative loads
asm/code/code_0380C0.s:8176: Warning: section does not have enough alignment to ensure safe PC-relative loads
asm/code/code_0400C0.s:4733: Warning: section does not have enough alignment to ensure safe PC-relative loads
asm/code/code_0400C0.s:4741: Warning: section does not have enough alignment to ensure safe PC-relative loads
asm/code/code_0300C0.s:13959: Warning: section does not have enough alignment to ensure safe PC-relative loads
asm/code/code_0300C0.s:13977: Warning: section does not have enough alignment to ensure safe PC-relative loads
asm/code/code_0380C0.s:8189: Warning: section does not have enough alignment to ensure safe PC-relative loads
asm/code/code_0380C0.s:8229: Warning: section does not have enough alignment to ensure safe PC-relative loads
asm/code/code_0400C0.s:4763: Warning: section does not have enough alignment to ensure safe PC-relative loads
asm/code/code_0300C0.s:13985: Warning: section does not have enough alignment to ensure safe PC-relative loads
asm/code/code_0300C0.s:13990: Warning: section does not have enough alignment to ensure safe PC-relative loads
asm/code/code_0380C0.s:8234: Warning: section does not have enough alignment to ensure safe PC-relative loads
asm/code/code_0380C0.s:8237: Warning: section does not have enough alignment to ensure safe PC-relative loads
asm/code/code_0400C0.s:4803: Warning: section does not have enough alignment to ensure safe PC-relative loads
asm/code/code_0400C0.s:4876: Warning: section does not have enough alignment to ensure safe PC-relative loads
asm/code/code_0300C0.s:14044: Warning: section does not have enough alignment to ensure safe PC-relative loads
asm/code/code_0300C0.s:14065: Warning: section does not have enough alignment to ensure safe PC-relative loads
asm/code/code_0380C0.s:8241: Warning: section does not have enough alignment to ensure safe PC-relative loads
asm/code/code_0400C0.s:4884: Warning: section does not have enough alignment to ensure safe PC-relative loads
asm/code/code_0400C0.s:4893: Warning: section does not have enough alignment to ensure safe PC-relative loads
asm/code/code_0300C0.s:14068: Warning: section does not have enough alignment to ensure safe PC-relative loads
asm/code/code_0380C0.s:8249: Warning: section does not have enough alignment to ensure safe PC-relative loads
asm/code/code_0380C0.s:8280: Warning: section does not have enough alignment to ensure safe PC-relative loads
asm/code/code_0400C0.s:4900: Warning: section does not have enough alignment to ensure safe PC-relative loads
asm/code/code_0400C0.s:4916: Warning: section does not have enough alignment to ensure safe PC-relative loads
asm/code/code_0300C0.s:14087: Warning: section does not have enough alignment to ensure safe PC-relative loads
asm/code/code_0300C0.s:14091: Warning: section does not have enough alignment to ensure safe PC-relative loads
asm/code/code_0380C0.s:8286: Warning: section does not have enough alignment to ensure safe PC-relative loads
asm/code/code_0380C0.s:8316: Warning: section does not have enough alignment to ensure safe PC-relative loads
asm/code/code_0400C0.s:4919: Warning: section does not have enough alignment to ensure safe PC-relative loads
asm/code/code_0400C0.s:4931: Warning: section does not have enough alignment to ensure safe PC-relative loads
asm/code/code_0300C0.s:14095: Warning: section does not have enough alignment to ensure safe PC-relative loads
asm/code/code_0300C0.s:14133: Warning: section does not have enough alignment to ensure safe PC-relative loads
asm/code/code_0380C0.s:8328: Warning: section does not have enough alignment to ensure safe PC-relative loads
asm/code/code_0400C0.s:4932: Warning: section does not have enough alignment to ensure safe PC-relative loads
asm/code/code_0400C0.s:4940: Warning: section does not have enough alignment to ensure safe PC-relative loads
asm/code/code_0300C0.s:14188: Warning: section does not have enough alignment to ensure safe PC-relative loads
asm/code/code_0300C0.s:14207: Warning: section does not have enough alignment to ensure safe PC-relative loads
asm/code/code_0380C0.s:8338: Warning: section does not have enough alignment to ensure safe PC-relative loads
asm/code/code_0400C0.s:4944: Warning: section does not have enough alignment to ensure safe PC-relative loads
asm/code/code_0400C0.s:4996: Warning: section does not have enough alignment to ensure safe PC-relative loads
asm/code/code_0300C0.s:14210: Warning: section does not have enough alignment to ensure safe PC-relative loads
asm/code/code_0380C0.s:8356: Warning: section does not have enough alignment to ensure safe PC-relative loads
asm/code/code_0380C0.s:8363: Warning: section does not have enough alignment to ensure safe PC-relative loads
asm/code/code_0400C0.s:4997: Warning: section does not have enough alignment to ensure safe PC-relative loads
asm/code/code_0400C0.s:5005: Warning: section does not have enough alignment to ensure safe PC-relative loads
asm/code/code_0300C0.s:14259: Warning: section does not have enough alignment to ensure safe PC-relative loads
asm/code/code_0380C0.s:8368: Warning: section does not have enough alignment to ensure safe PC-relative loads
asm/code/code_0400C0.s:5051: Warning: section does not have enough alignment to ensure safe PC-relative loads
asm/code/code_0400C0.s:5052: Warning: section does not have enough alignment to ensure safe PC-relative loads
asm/code/code_0300C0.s:14263: Warning: section does not have enough alignment to ensure safe PC-relative loads
asm/code/code_0300C0.s:14293: Warning: section does not have enough alignment to ensure safe PC-relative loads
asm/code/code_0380C0.s:8369: Warning: section does not have enough alignment to ensure safe PC-relative loads
asm/code/code_0400C0.s:5197: Warning: section does not have enough alignment to ensure safe PC-relative loads
asm/code/code_0300C0.s:14301: Warning: section does not have enough alignment to ensure safe PC-relative loads
asm/code/code_0380C0.s:8371: Warning: section does not have enough alignment to ensure safe PC-relative loads
asm/code/code_0380C0.s:8373: Warning: section does not have enough alignment to ensure safe PC-relative loads
asm/code/code_0400C0.s:5203: Warning: section does not have enough alignment to ensure safe PC-relative loads
asm/code/code_0300C0.s:14306: Warning: section does not have enough alignment to ensure safe PC-relative loads
asm/code/code_0300C0.s:14316: Warning: section does not have enough alignment to ensure safe PC-relative loads
asm/code/code_0380C0.s:8374: Warning: section does not have enough alignment to ensure safe PC-relative loads
asm/code/code_0380C0.s:8375: Warning: section does not have enough alignment to ensure safe PC-relative loads
asm/code/code_0400C0.s:5477: Warning: section does not have enough alignment to ensure safe PC-relative loads
asm/code/code_0400C0.s:5513: Warning: section does not have enough alignment to ensure safe PC-relative loads
asm/code/code_0300C0.s:14319: Warning: section does not have enough alignment to ensure safe PC-relative loads
asm/code/code_0300C0.s:14330: Warning: section does not have enough alignment to ensure safe PC-relative loads
asm/code/code_0380C0.s:8385: Warning: section does not have enough alignment to ensure safe PC-relative loads
asm/code/code_0400C0.s:5727: Warning: section does not have enough alignment to ensure safe PC-relative loads
asm/code/code_0300C0.s:14337: Warning: section does not have enough alignment to ensure safe PC-relative loads
asm/code/code_0380C0.s:8390: Warning: section does not have enough alignment to ensure safe PC-relative loads
asm/code/code_0400C0.s:5755: Warning: section does not have enough alignment to ensure safe PC-relative loads
asm/code/code_0400C0.s:5841: Warning: section does not have enough alignment to ensure safe PC-relative loads
asm/code/code_0300C0.s:14353: Warning: section does not have enough alignment to ensure safe PC-relative loads
asm/code/code_0300C0.s:14392: Warning: section does not have enough alignment to ensure safe PC-relative loads
asm/code/code_0380C0.s:8393: Warning: section does not have enough alignment to ensure safe PC-relative loads
asm/code/code_0400C0.s:6073: Warning: section does not have enough alignment to ensure safe PC-relative loads
asm/code/code_0400C0.s:6084: Warning: section does not have enough alignment to ensure safe PC-relative loads
asm/code/code_0300C0.s:14404: Warning: section does not have enough alignment to ensure safe PC-relative loads
asm/code/code_0300C0.s:14426: Warning: section does not have enough alignment to ensure safe PC-relative loads
asm/code/code_0380C0.s:8397: Warning: section does not have enough alignment to ensure safe PC-relative loads
asm/code/code_0380C0.s:8414: Warning: section does not have enough alignment to ensure safe PC-relative loads
asm/code/code_0400C0.s:6388: Warning: section does not have enough alignment to ensure safe PC-relative loads
asm/code/code_0300C0.s:14474: Warning: section does not have enough alignment to ensure safe PC-relative loads
asm/code/code_0380C0.s:8415: Warning: section does not have enough alignment to ensure safe PC-relative loads
asm/code/code_0400C0.s:6404: Warning: section does not have enough alignment to ensure safe PC-relative loads
asm/code/code_0400C0.s:6449: Warning: section does not have enough alignment to ensure safe PC-relative loads
asm/code/code_0300C0.s:14585: Warning: section does not have enough alignment to ensure safe PC-relative loads
asm/code/code_0300C0.s:14599: Warning: section does not have enough alignment to ensure safe PC-relative loads
asm/code/code_0380C0.s:8421: Warning: section does not have enough alignment to ensure safe PC-relative loads
asm/code/code_0380C0.s:8422: Warning: section does not have enough alignment to ensure safe PC-relative loads
asm/code/code_0400C0.s:6506: Warning: section does not have enough alignment to ensure safe PC-relative loads
asm/code/code_0400C0.s:6507: Warning: section does not have enough alignment to ensure safe PC-relative loads
asm/code/code_0300C0.s:14604: Warning: section does not have enough alignment to ensure safe PC-relative loads
asm/code/code_0300C0.s:14634: Warning: section does not have enough alignment to ensure safe PC-relative loads
asm/code/code_0380C0.s:8469: Warning: section does not have enough alignment to ensure safe PC-relative loads
asm/code/code_0380C0.s:8477: Warning: section does not have enough alignment to ensure safe PC-relative loads
asm/code/code_0400C0.s:6546: Warning: section does not have enough alignment to ensure safe PC-relative loads
asm/code/code_0300C0.s:14649: Warning: section does not have enough alignment to ensure safe PC-relative loads
asm/code/code_0380C0.s:8492: Warning: section does not have enough alignment to ensure safe PC-relative loads
asm/code/code_0380C0.s:8497: Warning: section does not have enough alignment to ensure safe PC-relative loads
asm/code/code_0400C0.s:6547: Warning: section does not have enough alignment to ensure safe PC-relative loads
asm/code/code_0400C0.s:6571: Warning: section does not have enough alignment to ensure safe PC-relative loads
asm/code/code_0300C0.s:14755: Warning: section does not have enough alignment to ensure safe PC-relative loads
asm/code/code_0300C0.s:14756: Warning: section does not have enough alignment to ensure safe PC-relative loads
asm/code/code_0380C0.s:8505: Warning: section does not have enough alignment to ensure safe PC-relative loads
asm/code/code_0380C0.s:8510: Warning: section does not have enough alignment to ensure safe PC-relative loads
asm/code/code_0400C0.s:6733: Warning: section does not have enough alignment to ensure safe PC-relative loads
asm/code/code_0400C0.s:6820: Warning: section does not have enough alignment to ensure safe PC-relative loads
asm/code/code_0300C0.s:14836: Warning: section does not have enough alignment to ensure safe PC-relative loads
asm/code/code_0300C0.s:14842: Warning: section does not have enough alignment to ensure safe PC-relative loads
asm/code/code_0380C0.s:8540: Warning: section does not have enough alignment to ensure safe PC-relative loads
asm/code/code_0400C0.s:6980: Warning: section does not have enough alignment to ensure safe PC-relative loads
asm/code/code_0300C0.s:15192: Warning: section does not have enough alignment to ensure safe PC-relative loads
asm/code/code_0300C0.s:15214: Warning: section does not have enough alignment to ensure safe PC-relative loads
asm/code/code_0380C0.s:8549: Warning: section does not have enough alignment to ensure safe PC-relative loads
asm/code/code_0380C0.s:8569: Warning: section does not have enough alignment to ensure safe PC-relative loads
asm/code/code_0400C0.s:6986: Warning: section does not have enough alignment to ensure safe PC-relative loads
asm/code/code_0400C0.s:7187: Warning: section does not have enough alignment to ensure safe PC-relative loads
asm/code/code_0300C0.s:15269: Warning: section does not have enough alignment to ensure safe PC-relative loads
asm/code/code_0380C0.s:8589: Warning: section does not have enough alignment to ensure safe PC-relative loads
asm/code/code_0380C0.s:8595: Warning: section does not have enough alignment to ensure safe PC-relative loads
asm/code/code_0400C0.s:7201: Warning: section does not have enough alignment to ensure safe PC-relative loads
asm/code/code_0400C0.s:7210: Warning: section does not have enough alignment to ensure safe PC-relative loads
asm/code/code_0300C0.s:15521: Warning: section does not have enough alignment to ensure safe PC-relative loads
asm/code/code_0380C0.s:8613: Warning: section does not have enough alignment to ensure safe PC-relative loads
asm/code/code_0380C0.s:8620: Warning: section does not have enough alignment to ensure safe PC-relative loads
asm/code/code_0400C0.s:7280: Warning: section does not have enough alignment to ensure safe PC-relative loads
asm/code/code_0400C0.s:7281: Warning: section does not have enough alignment to ensure safe PC-relative loads
asm/code/code_0300C0.s:15708: Warning: section does not have enough alignment to ensure safe PC-relative loads
asm/code/code_0300C0.s:15906: Warning: section does not have enough alignment to ensure safe PC-relative loads
asm/code/code_0380C0.s:8625: Warning: section does not have enough alignment to ensure safe PC-relative loads
asm/code/code_0400C0.s:7302: Warning: section does not have enough alignment to ensure safe PC-relative loads
asm/code/code_0400C0.s:7304: Warning: section does not have enough alignment to ensure safe PC-relative loads
asm/code/code_0300C0.s:16067: Warning: section does not have enough alignment to ensure safe PC-relative loads
asm/code/code_0300C0.s:16068: Warning: section does not have enough alignment to ensure safe PC-relative loads
asm/code/code_0380C0.s:8675: Warning: section does not have enough alignment to ensure safe PC-relative loads
asm/code/code_0380C0.s:8681: Warning: section does not have enough alignment to ensure safe PC-relative loads
asm/code/code_0400C0.s:7308: Warning: section does not have enough alignment to ensure safe PC-relative loads
asm/code/code_0400C0.s:7310: Warning: section does not have enough alignment to ensure safe PC-relative loads
asm/code/code_0300C0.s:16141: Warning: section does not have enough alignment to ensure safe PC-relative loads
asm/code/code_0300C0.s:16147: Warning: section does not have enough alignment to ensure safe PC-relative loads
asm/code/code_0380C0.s:8699: Warning: section does not have enough alignment to ensure safe PC-relative loads
asm/code/code_0380C0.s:8710: Warning: section does not have enough alignment to ensure safe PC-relative loads
asm/code/code_0400C0.s:7312: Warning: section does not have enough alignment to ensure safe PC-relative loads
asm/code/code_0400C0.s:7313: Warning: section does not have enough alignment to ensure safe PC-relative loads
asm/code/code_0300C0.s:16380: Warning: section does not have enough alignment to ensure safe PC-relative loads
asm/code/code_0300C0.s:16502: Warning: section does not have enough alignment to ensure safe PC-relative loads
asm/code/code_0380C0.s:8715: Warning: section does not have enough alignment to ensure safe PC-relative loads
asm/code/code_0400C0.s:7314: Warning: section does not have enough alignment to ensure safe PC-relative loads
asm/code/code_0400C0.s:7320: Warning: section does not have enough alignment to ensure safe PC-relative loads
asm/code/code_0300C0.s:16523: Warning: section does not have enough alignment to ensure safe PC-relative loads
asm/code/code_0380C0.s:8726: Warning: section does not have enough alignment to ensure safe PC-relative loads
asm/code/code_0380C0.s:8729: Warning: section does not have enough alignment to ensure safe PC-relative loads
asm/code/code_0400C0.s:7327: Warning: section does not have enough alignment to ensure safe PC-relative loads
asm/code/code_0400C0.s:7334: Warning: section does not have enough alignment to ensure safe PC-relative loads
asm/code/code_0300C0.s:16561: Warning: section does not have enough alignment to ensure safe PC-relative loads
asm/code/code_0300C0.s:16639: Warning: section does not have enough alignment to ensure safe PC-relative loads
asm/code/code_0380C0.s:8732: Warning: section does not have enough alignment to ensure safe PC-relative loads
asm/code/code_0380C0.s:8770: Warning: section does not have enough alignment to ensure safe PC-relative loads
asm/code/code_0400C0.s:7348: Warning: section does not have enough alignment to ensure safe PC-relative loads
asm/code/code_0300C0.s:16766: Warning: section does not have enough alignment to ensure safe PC-relative loads
asm/code/code_0300C0.s:16895: Warning: section does not have enough alignment to ensure safe PC-relative loads
asm/code/code_0380C0.s:8782: Warning: section does not have enough alignment to ensure safe PC-relative loads
asm/code/code_0380C0.s:8820: Warning: section does not have enough alignment to ensure safe PC-relative loads
asm/code/code_0400C0.s:7355: Warning: section does not have enough alignment to ensure safe PC-relative loads
asm/code/code_0300C0.s:17065: Warning: section does not have enough alignment to ensure safe PC-relative loads
asm/code/code_0380C0.s:8836: Warning: section does not have enough alignment to ensure safe PC-relative loads
asm/code/code_0380C0.s:8847: Warning: section does not have enough alignment to ensure safe PC-relative loads
asm/code/code_0400C0.s:7357: Warning: section does not have enough alignment to ensure safe PC-relative loads
asm/code/code_0400C0.s:7359: Warning: section does not have enough alignment to ensure safe PC-relative loads
asm/code/code_0300C0.s:17409: Warning: section does not have enough alignment to ensure safe PC-relative loads
asm/code/code_0380C0.s:8848: Warning: section does not have enough alignment to ensure safe PC-relative loads
asm/code/code_0400C0.s:7364: Warning: section does not have enough alignment to ensure safe PC-relative loads
asm/code/code_0400C0.s:7377: Warning: section does not have enough alignment to ensure safe PC-relative loads
asm/code/code_0300C0.s:17560: Warning: section does not have enough alignment to ensure safe PC-relative loads
asm/code/code_0300C0.s:17722: Warning: section does not have enough alignment to ensure safe PC-relative loads
asm/code/code_0380C0.s:8876: Warning: section does not have enough alignment to ensure safe PC-relative loads
asm/code/code_0380C0.s:8877: Warning: section does not have enough alignment to ensure safe PC-relative loads
asm/code/code_0400C0.s:7412: Warning: section does not have enough alignment to ensure safe PC-relative loads
asm/code/code_0400C0.s:7425: Warning: section does not have enough alignment to ensure safe PC-relative loads
asm/code/code_0300C0.s:17723: Warning: section does not have enough alignment to ensure safe PC-relative loads
asm/code/code_0300C0.s:17807: Warning: section does not have enough alignment to ensure safe PC-relative loads
asm/code/code_0380C0.s:8909: Warning: section does not have enough alignment to ensure safe PC-relative loads
asm/code/code_0400C0.s:7429: Warning: section does not have enough alignment to ensure safe PC-relative loads
asm/code/code_0400C0.s:7602: Warning: section does not have enough alignment to ensure safe PC-relative loads
asm/code/code_0300C0.s:17818: Warning: section does not have enough alignment to ensure safe PC-relative loads
asm/code/code_0300C0.s:18073: Warning: section does not have enough alignment to ensure safe PC-relative loads
asm/code/code_0380C0.s:8917: Warning: section does not have enough alignment to ensure safe PC-relative loads
asm/code/code_0380C0.s:8949: Warning: section does not have enough alignment to ensure safe PC-relative loads
asm/code/code_0400C0.s:7718: Warning: section does not have enough alignment to ensure safe PC-relative loads
asm/code/code_0400C0.s:7721: Warning: section does not have enough alignment to ensure safe PC-relative loads
asm/code/code_0300C0.s:18182: Warning: section does not have enough alignment to ensure safe PC-relative loads
asm/code/code_0300C0.s:18221: Warning: section does not have enough alignment to ensure safe PC-relative loads
asm/code/code_0380C0.s:8976: Warning: section does not have enough alignment to ensure safe PC-relative loads
asm/code/code_0380C0.s:8981: Warning: section does not have enough alignment to ensure safe PC-relative loads
asm/code/code_0400C0.s:7743: Warning: section does not have enough alignment to ensure safe PC-relative loads
asm/code/code_0300C0.s:18259: Warning: section does not have enough alignment to ensure safe PC-relative loads
asm/code/code_0300C0.s:18336: Warning: section does not have enough alignment to ensure safe PC-relative loads
asm/code/code_0380C0.s:8999: Warning: section does not have enough alignment to ensure safe PC-relative loads
asm/code/code_0380C0.s:9009: Warning: section does not have enough alignment to ensure safe PC-relative loads
asm/code/code_0400C0.s:7746: Warning: section does not have enough alignment to ensure safe PC-relative loads
asm/code/code_0400C0.s:7757: Warning: section does not have enough alignment to ensure safe PC-relative loads
asm/code/code_0300C0.s:18337: Warning: section does not have enough alignment to ensure safe PC-relative loads
asm/code/code_0380C0.s:9030: Warning: section does not have enough alignment to ensure safe PC-relative loads
asm/code/code_0380C0.s:9041: Warning: section does not have enough alignment to ensure safe PC-relative loads
asm/code/code_0400C0.s:7766: Warning: section does not have enough alignment to ensure safe PC-relative loads
asm/code/code_0400C0.s:7826: Warning: section does not have enough alignment to ensure safe PC-relative loads
asm/code/code_0300C0.s:18356: Warning: section does not have enough alignment to ensure safe PC-relative loads
asm/code/code_0380C0.s:9048: Warning: section does not have enough alignment to ensure safe PC-relative loads
asm/code/code_0380C0.s:9070: Warning: section does not have enough alignment to ensure safe PC-relative loads
asm/code/code_0400C0.s:7829: Warning: section does not have enough alignment to ensure safe PC-relative loads
asm/code/code_0400C0.s:7841: Warning: section does not have enough alignment to ensure safe PC-relative loads
asm/code/code_0300C0.s:18722: Warning: section does not have enough alignment to ensure safe PC-relative loads
asm/code/code_0380C0.s:9075: Warning: section does not have enough alignment to ensure safe PC-relative loads
asm/code/code_0380C0.s:9080: Warning: section does not have enough alignment to ensure safe PC-relative loads
asm/code/code_0400C0.s:7860: Warning: section does not have enough alignment to ensure safe PC-relative loads
asm/code/code_0300C0.s:18937: Warning: section does not have enough alignment to ensure safe PC-relative loads
asm/code/code_0300C0.s:18943: Warning: section does not have enough alignment to ensure safe PC-relative loads
asm/code/code_0380C0.s:9086: Warning: section does not have enough alignment to ensure safe PC-relative loads
asm/code/code_0380C0.s:9216: Warning: section does not have enough alignment to ensure safe PC-relative loads
asm/code/code_0400C0.s:7863: Warning: section does not have enough alignment to ensure safe PC-relative loads
asm/code/code_0400C0.s:7926: Warning: section does not have enough alignment to ensure safe PC-relative loads
asm/code/code_0380C0.s:9222: Warning: section does not have enough alignment to ensure safe PC-relative loads
asm/code/code_0380C0.s:9254: Warning: section does not have enough alignment to ensure safe PC-relative loads
asm/code/code_0400C0.s:7930: Warning: section does not have enough alignment to ensure safe PC-relative loads
asm/code/code_0400C0.s:7961: Warning: section does not have enough alignment to ensure safe PC-relative loads
asm/code/code_0380C0.s:9289: Warning: section does not have enough alignment to ensure safe PC-relative loads
asm/code/code_0380C0.s:9300: Warning: section does not have enough alignment to ensure safe PC-relative loads
asm/code/code_0400C0.s:8002: Warning: section does not have enough alignment to ensure safe PC-relative loads
asm/code/code_0400C0.s:8003: Warning: section does not have enough alignment to ensure safe PC-relative loads
asm/code/code_0380C0.s:9309: Warning: section does not have enough alignment to ensure safe PC-relative loads
asm/code/code_0380C0.s:9318: Warning: section does not have enough alignment to ensure safe PC-relative loads
asm/code/code_0400C0.s:8004: Warning: section does not have enough alignment to ensure safe PC-relative loads
asm/code/code_0400C0.s:8037: Warning: section does not have enough alignment to ensure safe PC-relative loads
asm/code/code_0380C0.s:9380: Warning: section does not have enough alignment to ensure safe PC-relative loads
asm/code/code_0380C0.s:9385: Warning: section does not have enough alignment to ensure safe PC-relative loads
asm/code/code_0400C0.s:8042: Warning: section does not have enough alignment to ensure safe PC-relative loads
asm/code/code_0380C0.s:9405: Warning: section does not have enough alignment to ensure safe PC-relative loads
asm/code/code_0380C0.s:9522: Warning: section does not have enough alignment to ensure safe PC-relative loads
asm/code/code_0400C0.s:8045: Warning: section does not have enough alignment to ensure safe PC-relative loads
asm/code/code_0400C0.s:8048: Warning: section does not have enough alignment to ensure safe PC-relative loads
asm/code/code_0380C0.s:9533: Warning: section does not have enough alignment to ensure safe PC-relative loads
asm/code/code_0380C0.s:9536: Warning: section does not have enough alignment to ensure safe PC-relative loads
asm/code/code_0400C0.s:8051: Warning: section does not have enough alignment to ensure safe PC-relative loads
asm/code/code_0380C0.s:9542: Warning: section does not have enough alignment to ensure safe PC-relative loads
asm/code/code_0400C0.s:8052: Warning: section does not have enough alignment to ensure safe PC-relative loads
asm/code/code_0380C0.s:9585: Warning: section does not have enough alignment to ensure safe PC-relative loads
asm/code/code_0380C0.s:9609: Warning: section does not have enough alignment to ensure safe PC-relative loads
asm/code/code_0400C0.s:8053: Warning: section does not have enough alignment to ensure safe PC-relative loads
asm/code/code_0400C0.s:8091: Warning: section does not have enough alignment to ensure safe PC-relative loads
asm/code/code_0380C0.s:9663: Warning: section does not have enough alignment to ensure safe PC-relative loads
asm/code/code_0400C0.s:8093: Warning: section does not have enough alignment to ensure safe PC-relative loads
asm/code/code_0400C0.s:8121: Warning: section does not have enough alignment to ensure safe PC-relative loads
asm/code/code_0380C0.s:9720: Warning: section does not have enough alignment to ensure safe PC-relative loads
asm/code/code_0380C0.s:9746: Warning: section does not have enough alignment to ensure safe PC-relative loads
asm/code/code_0400C0.s:8123: Warning: section does not have enough alignment to ensure safe PC-relative loads
asm/code/code_0400C0.s:8124: Warning: section does not have enough alignment to ensure safe PC-relative loads
asm/code/code_0380C0.s:9752: Warning: section does not have enough alignment to ensure safe PC-relative loads
asm/code/code_0380C0.s:9769: Warning: section does not have enough alignment to ensure safe PC-relative loads
asm/code/code_0400C0.s:8137: Warning: section does not have enough alignment to ensure safe PC-relative loads
asm/code/code_0380C0.s:9777: Warning: section does not have enough alignment to ensure safe PC-relative loads
asm/code/code_0380C0.s:9786: Warning: section does not have enough alignment to ensure safe PC-relative loads
asm/code/code_0400C0.s:8143: Warning: section does not have enough alignment to ensure safe PC-relative loads
asm/code/code_0400C0.s:8151: Warning: section does not have enough alignment to ensure safe PC-relative loads
asm/code/code_0380C0.s:9824: Warning: section does not have enough alignment to ensure safe PC-relative loads
asm/code/code_0380C0.s:9833: Warning: section does not have enough alignment to ensure safe PC-relative loads
AS      asm/code/code_0480C0.s
asm/code/code_0400C0.s:8158: Warning: section does not have enough alignment to ensure safe PC-relative loads
asm/code/code_0400C0.s:8164: Warning: section does not have enough alignment to ensure safe PC-relative loads
asm/code/code_0380C0.s:9838: Warning: section does not have enough alignment to ensure safe PC-relative loads
asm/code/code_0380C0.s:9846: Warning: section does not have enough alignment to ensure safe PC-relative loads
asm/code/code_0400C0.s:8179: Warning: section does not have enough alignment to ensure safe PC-relative loads
asm/code/code_0400C0.s:8181: Warning: section does not have enough alignment to ensure safe PC-relative loads
asm/code/code_0380C0.s:9848: Warning: section does not have enough alignment to ensure safe PC-relative loads
asm/code/code_0380C0.s:9850: Warning: section does not have enough alignment to ensure safe PC-relative loads
asm/code/code_0400C0.s:8185: Warning: section does not have enough alignment to ensure safe PC-relative loads
asm/code/code_0400C0.s:8191: Warning: section does not have enough alignment to ensure safe PC-relative loads
asm/code/code_0380C0.s:9857: Warning: section does not have enough alignment to ensure safe PC-relative loads
asm/code/code_0380C0.s:9858: Warning: section does not have enough alignment to ensure safe PC-relative loads
asm/code/code_0400C0.s:8195: Warning: section does not have enough alignment to ensure safe PC-relative loads
asm/code/code_0400C0.s:8210: Warning: section does not have enough alignment to ensure safe PC-relative loads
asm/code/code_0380C0.s:9866: Warning: section does not have enough alignment to ensure safe PC-relative loads
asm/code/code_0380C0.s:9895: Warning: section does not have enough alignment to ensure safe PC-relative loads
asm/code/code_0400C0.s:8236: Warning: section does not have enough alignment to ensure safe PC-relative loads
asm/code/code_0400C0.s:8249: Warning: section does not have enough alignment to ensure safe PC-relative loads
asm/code/code_0380C0.s:9898: Warning: section does not have enough alignment to ensure safe PC-relative loads
asm/code/code_0380C0.s:9905: Warning: section does not have enough alignment to ensure safe PC-relative loads
asm/code/code_0400C0.s:8354: Warning: section does not have enough alignment to ensure safe PC-relative loads
asm/code/code_0400C0.s:8360: Warning: section does not have enough alignment to ensure safe PC-relative loads
asm/code/code_0380C0.s:9986: Warning: section does not have enough alignment to ensure safe PC-relative loads
asm/code/code_0380C0.s:10083: Warning: section does not have enough alignment to ensure safe PC-relative loads
asm/code/code_0400C0.s:8484: Warning: section does not have enough alignment to ensure safe PC-relative loads
asm/code/code_0400C0.s:8490: Warning: section does not have enough alignment to ensure safe PC-relative loads
asm/code/code_0380C0.s:10131: Warning: section does not have enough alignment to ensure safe PC-relative loads
asm/code/code_0380C0.s:10177: Warning: section does not have enough alignment to ensure safe PC-relative loads
asm/code/code_0400C0.s:8491: Warning: section does not have enough alignment to ensure safe PC-relative loads
asm/code/code_0400C0.s:8529: Warning: section does not have enough alignment to ensure safe PC-relative loads
asm/code/code_0380C0.s:10226: Warning: section does not have enough alignment to ensure safe PC-relative loads
asm/code/code_0380C0.s:10267: Warning: section does not have enough alignment to ensure safe PC-relative loads
asm/code/code_0400C0.s:8541: Warning: section does not have enough alignment to ensure safe PC-relative loads
asm/code/code_0380C0.s:10275: Warning: section does not have enough alignment to ensure safe PC-relative loads
asm/code/code_0380C0.s:10324: Warning: section does not have enough alignment to ensure safe PC-relative loads
asm/code/code_0400C0.s:8594: Warning: section does not have enough alignment to ensure safe PC-relative loads
asm/code/code_0400C0.s:8680: Warning: section does not have enough alignment to ensure safe PC-relative loads
asm/code/code_0380C0.s:10335: Warning: section does not have enough alignment to ensure safe PC-relative loads
asm/code/code_0380C0.s:10355: Warning: section does not have enough alignment to ensure safe PC-relative loads
asm/code/code_0400C0.s:8684: Warning: section does not have enough alignment to ensure safe PC-relative loads
asm/code/code_0400C0.s:8690: Warning: section does not have enough alignment to ensure safe PC-relative loads
asm/code/code_0380C0.s:10369: Warning: section does not have enough alignment to ensure safe PC-relative loads
asm/code/code_0380C0.s:10370: Warning: section does not have enough alignment to ensure safe PC-relative loads
asm/code/code_0400C0.s:8693: Warning: section does not have enough alignment to ensure safe PC-relative loads
asm/code/code_0380C0.s:10383: Warning: section does not have enough alignment to ensure safe PC-relative loads
asm/code/code_0380C0.s:10391: Warning: section does not have enough alignment to ensure safe PC-relative loads
asm/code/code_0400C0.s:8793: Warning: section does not have enough alignment to ensure safe PC-relative loads
asm/code/code_0400C0.s:8797: Warning: section does not have enough alignment to ensure safe PC-relative loads
asm/code/code_0480C0.s: Assembler messages:
asm/code/code_0380C0.s:10399: Warning: section does not have enough alignment to ensure safe PC-relative loads
asm/code/code_0380C0.s:10412: Warning: section does not have enough alignment to ensure safe PC-relative loads
asm/code/code_0400C0.s:8804: Warning: section does not have enough alignment to ensure safe PC-relative loads
asm/code/code_0400C0.s:8805: Warning: section does not have enough alignment to ensure safe PC-relative loads
asm/code/code_0480C0.s:112: Warning: section does not have enough alignment to ensure safe PC-relative loads
asm/code/code_0480C0.s:177: Warning: section does not have enough alignment to ensure safe PC-relative loads
asm/code/code_0380C0.s:10485: Warning: section does not have enough alignment to ensure safe PC-relative loads
asm/code/code_0380C0.s:10530: Warning: section does not have enough alignment to ensure safe PC-relative loads
asm/code/code_0400C0.s:8833: Warning: section does not have enough alignment to ensure safe PC-relative loads
asm/code/code_0400C0.s:8846: Warning: section does not have enough alignment to ensure safe PC-relative loads
asm/code/code_0480C0.s:332: Warning: section does not have enough alignment to ensure safe PC-relative loads
asm/code/code_0380C0.s:10599: Warning: section does not have enough alignment to ensure safe PC-relative loads
asm/code/code_0400C0.s:8859: Warning: section does not have enough alignment to ensure safe PC-relative loads
asm/code/code_0400C0.s:8937: Warning: section does not have enough alignment to ensure safe PC-relative loads
asm/code/code_0480C0.s:376: Warning: section does not have enough alignment to ensure safe PC-relative loads
asm/code/code_0480C0.s:527: Warning: section does not have enough alignment to ensure safe PC-relative loads
asm/code/code_0380C0.s:10625: Warning: section does not have enough alignment to ensure safe PC-relative loads
asm/code/code_0380C0.s:10658: Warning: section does not have enough alignment to ensure safe PC-relative loads
asm/code/code_0400C0.s:8945: Warning: section does not have enough alignment to ensure safe PC-relative loads
asm/code/code_0400C0.s:9004: Warning: section does not have enough alignment to ensure safe PC-relative loads
asm/code/code_0480C0.s:533: Warning: section does not have enough alignment to ensure safe PC-relative loads
asm/code/code_0380C0.s:10712: Warning: section does not have enough alignment to ensure safe PC-relative loads
asm/code/code_0380C0.s:10716: Warning: section does not have enough alignment to ensure safe PC-relative loads
asm/code/code_0400C0.s:9005: Warning: section does not have enough alignment to ensure safe PC-relative loads
asm/code/code_0400C0.s:9017: Warning: section does not have enough alignment to ensure safe PC-relative loads
asm/code/code_0480C0.s:719: Warning: section does not have enough alignment to ensure safe PC-relative loads
asm/code/code_0480C0.s:731: Warning: section does not have enough alignment to ensure safe PC-relative loads
asm/code/code_0380C0.s:10731: Warning: section does not have enough alignment to ensure safe PC-relative loads
asm/code/code_0380C0.s:10758: Warning: section does not have enough alignment to ensure safe PC-relative loads
asm/code/code_0400C0.s:9094: Warning: section does not have enough alignment to ensure safe PC-relative loads
asm/code/code_0400C0.s:9111: Warning: section does not have enough alignment to ensure safe PC-relative loads
asm/code/code_0480C0.s:766: Warning: section does not have enough alignment to ensure safe PC-relative loads
asm/code/code_0380C0.s:10776: Warning: section does not have enough alignment to ensure safe PC-relative loads
asm/code/code_0380C0.s:10810: Warning: section does not have enough alignment to ensure safe PC-relative loads
asm/code/code_0400C0.s:9122: Warning: section does not have enough alignment to ensure safe PC-relative loads
asm/code/code_0480C0.s:887: Warning: section does not have enough alignment to ensure safe PC-relative loads
asm/code/code_0480C0.s:1001: Warning: section does not have enough alignment to ensure safe PC-relative loads
asm/code/code_0380C0.s:10832: Warning: section does not have enough alignment to ensure safe PC-relative loads
asm/code/code_0380C0.s:10848: Warning: section does not have enough alignment to ensure safe PC-relative loads
asm/code/code_0400C0.s:9327: Warning: section does not have enough alignment to ensure safe PC-relative loads
asm/code/code_0400C0.s:9339: Warning: section does not have enough alignment to ensure safe PC-relative loads
asm/code/code_0480C0.s:1007: Warning: section does not have enough alignment to ensure safe PC-relative loads
asm/code/code_0380C0.s:10867: Warning: section does not have enough alignment to ensure safe PC-relative loads
asm/code/code_0380C0.s:10883: Warning: section does not have enough alignment to ensure safe PC-relative loads
asm/code/code_0400C0.s:9382: Warning: section does not have enough alignment to ensure safe PC-relative loads
asm/code/code_0400C0.s:9387: Warning: section does not have enough alignment to ensure safe PC-relative loads
asm/code/code_0480C0.s:1044: Warning: section does not have enough alignment to ensure safe PC-relative loads
asm/code/code_0480C0.s:1056: Warning: section does not have enough alignment to ensure safe PC-relative loads
asm/code/code_0380C0.s:10891: Warning: section does not have enough alignment to ensure safe PC-relative loads
asm/code/code_0380C0.s:10948: Warning: section does not have enough alignment to ensure safe PC-relative loads
asm/code/code_0400C0.s:9393: Warning: section does not have enough alignment to ensure safe PC-relative loads
asm/code/code_0400C0.s:9398: Warning: section does not have enough alignment to ensure safe PC-relative loads
asm/code/code_0480C0.s:1099: Warning: section does not have enough alignment to ensure safe PC-relative loads
asm/code/code_0480C0.s:1128: Warning: section does not have enough alignment to ensure safe PC-relative loads
asm/code/code_0380C0.s:10975: Warning: section does not have enough alignment to ensure safe PC-relative loads
asm/code/code_0380C0.s:11043: Warning: section does not have enough alignment to ensure safe PC-relative loads
asm/code/code_0400C0.s:9432: Warning: section does not have enough alignment to ensure safe PC-relative loads
asm/code/code_0400C0.s:9442: Warning: section does not have enough alignment to ensure safe PC-relative loads
asm/code/code_0480C0.s:1132: Warning: section does not have enough alignment to ensure safe PC-relative loads
asm/code/code_0480C0.s:1191: Warning: section does not have enough alignment to ensure safe PC-relative loads
asm/code/code_0380C0.s:11048: Warning: section does not have enough alignment to ensure safe PC-relative loads
asm/code/code_0380C0.s:11060: Warning: section does not have enough alignment to ensure safe PC-relative loads
asm/code/code_0400C0.s:9450: Warning: section does not have enough alignment to ensure safe PC-relative loads
asm/code/code_0400C0.s:9481: Warning: section does not have enough alignment to ensure safe PC-relative loads
asm/code/code_0480C0.s:1195: Warning: section does not have enough alignment to ensure safe PC-relative loads
asm/code/code_0480C0.s:1201: Warning: section does not have enough alignment to ensure safe PC-relative loads
asm/code/code_0380C0.s:11077: Warning: section does not have enough alignment to ensure safe PC-relative loads
asm/code/code_0380C0.s:11158: Warning: section does not have enough alignment to ensure safe PC-relative loads
asm/code/code_0400C0.s:9509: Warning: section does not have enough alignment to ensure safe PC-relative loads
asm/code/code_0400C0.s:9515: Warning: section does not have enough alignment to ensure safe PC-relative loads
asm/code/code_0480C0.s:1204: Warning: section does not have enough alignment to ensure safe PC-relative loads
asm/code/code_0480C0.s:1308: Warning: section does not have enough alignment to ensure safe PC-relative loads
asm/code/code_0380C0.s:11164: Warning: section does not have enough alignment to ensure safe PC-relative loads
asm/code/code_0400C0.s:9551: Warning: section does not have enough alignment to ensure safe PC-relative loads
asm/code/code_0480C0.s:1309: Warning: section does not have enough alignment to ensure safe PC-relative loads
asm/code/code_0380C0.s:11289: Warning: section does not have enough alignment to ensure safe PC-relative loads
asm/code/code_0380C0.s:11290: Warning: section does not have enough alignment to ensure safe PC-relative loads
asm/code/code_0400C0.s:9635: Warning: section does not have enough alignment to ensure safe PC-relative loads
asm/code/code_0400C0.s:9731: Warning: section does not have enough alignment to ensure safe PC-relative loads
asm/code/code_0480C0.s:1321: Warning: section does not have enough alignment to ensure safe PC-relative loads
asm/code/code_0480C0.s:1336: Warning: section does not have enough alignment to ensure safe PC-relative loads
asm/code/code_0380C0.s:11402: Warning: section does not have enough alignment to ensure safe PC-relative loads
asm/code/code_0380C0.s:11405: Warning: section does not have enough alignment to ensure safe PC-relative loads
asm/code/code_0400C0.s:9737: Warning: section does not have enough alignment to ensure safe PC-relative loads
asm/code/code_0480C0.s:1401: Warning: section does not have enough alignment to ensure safe PC-relative loads
asm/code/code_0380C0.s:11493: Warning: section does not have enough alignment to ensure safe PC-relative loads
asm/code/code_0380C0.s:11515: Warning: section does not have enough alignment to ensure safe PC-relative loads
asm/code/code_0400C0.s:9915: Warning: section does not have enough alignment to ensure safe PC-relative loads
asm/code/code_0400C0.s:9918: Warning: section does not have enough alignment to ensure safe PC-relative loads
asm/code/code_0480C0.s:1541: Warning: section does not have enough alignment to ensure safe PC-relative loads
asm/code/code_0380C0.s:11596: Warning: section does not have enough alignment to ensure safe PC-relative loads
asm/code/code_0380C0.s:11605: Warning: section does not have enough alignment to ensure safe PC-relative loads
asm/code/code_0400C0.s:9994: Warning: section does not have enough alignment to ensure safe PC-relative loads
asm/code/code_0400C0.s:9998: Warning: section does not have enough alignment to ensure safe PC-relative loads
asm/code/code_0480C0.s:1569: Warning: section does not have enough alignment to ensure safe PC-relative loads
asm/code/code_0480C0.s:1611: Warning: section does not have enough alignment to ensure safe PC-relative loads
asm/code/code_0380C0.s:11608: Warning: section does not have enough alignment to ensure safe PC-relative loads
asm/code/code_0380C0.s:11711: Warning: section does not have enough alignment to ensure safe PC-relative loads
asm/code/code_0400C0.s:10006: Warning: section does not have enough alignment to ensure safe PC-relative loads
asm/code/code_0400C0.s:10007: Warning: section does not have enough alignment to ensure safe PC-relative loads
asm/code/code_0480C0.s:1727: Warning: section does not have enough alignment to ensure safe PC-relative loads
asm/code/code_0480C0.s:1770: Warning: section does not have enough alignment to ensure safe PC-relative loads
asm/code/code_0380C0.s:11715: Warning: section does not have enough alignment to ensure safe PC-relative loads
asm/code/code_0400C0.s:10051: Warning: section does not have enough alignment to ensure safe PC-relative loads
asm/code/code_0400C0.s:10060: Warning: section does not have enough alignment to ensure safe PC-relative loads
asm/code/code_0480C0.s:1927: Warning: section does not have enough alignment to ensure safe PC-relative loads
asm/code/code_0480C0.s:2005: Warning: section does not have enough alignment to ensure safe PC-relative loads
asm/code/code_0380C0.s:11731: Warning: section does not have enough alignment to ensure safe PC-relative loads
asm/code/code_0380C0.s:11750: Warning: section does not have enough alignment to ensure safe PC-relative loads
asm/code/code_0400C0.s:10067: Warning: section does not have enough alignment to ensure safe PC-relative loads
asm/code/code_0400C0.s:10129: Warning: section does not have enough alignment to ensure safe PC-relative loads
asm/code/code_0480C0.s:2011: Warning: section does not have enough alignment to ensure safe PC-relative loads
asm/code/code_0380C0.s:11802: Warning: section does not have enough alignment to ensure safe PC-relative loads
asm/code/code_0380C0.s:11826: Warning: section does not have enough alignment to ensure safe PC-relative loads
asm/code/code_0400C0.s:10221: Warning: section does not have enough alignment to ensure safe PC-relative loads
asm/code/code_0400C0.s:10269: Warning: section does not have enough alignment to ensure safe PC-relative loads
asm/code/code_0480C0.s:2209: Warning: section does not have enough alignment to ensure safe PC-relative loads
asm/code/code_0380C0.s:11864: Warning: section does not have enough alignment to ensure safe PC-relative loads
asm/code/code_0380C0.s:11897: Warning: section does not have enough alignment to ensure safe PC-relative loads
asm/code/code_0400C0.s:10273: Warning: section does not have enough alignment to ensure safe PC-relative loads
asm/code/code_0400C0.s:10320: Warning: section does not have enough alignment to ensure safe PC-relative loads
asm/code/code_0480C0.s:2319: Warning: section does not have enough alignment to ensure safe PC-relative loads
asm/code/code_0480C0.s:2380: Warning: section does not have enough alignment to ensure safe PC-relative loads
asm/code/code_0380C0.s:11925: Warning: section does not have enough alignment to ensure safe PC-relative loads
asm/code/code_0380C0.s:12051: Warning: section does not have enough alignment to ensure safe PC-relative loads
asm/code/code_0400C0.s:10381: Warning: section does not have enough alignment to ensure safe PC-relative loads
asm/code/code_0400C0.s:10392: Warning: section does not have enough alignment to ensure safe PC-relative loads
asm/code/code_0480C0.s:2500: Warning: section does not have enough alignment to ensure safe PC-relative loads
asm/code/code_0480C0.s:2638: Warning: section does not have enough alignment to ensure safe PC-relative loads
asm/code/code_0380C0.s:12056: Warning: section does not have enough alignment to ensure safe PC-relative loads
asm/code/code_0380C0.s:12073: Warning: section does not have enough alignment to ensure safe PC-relative loads
asm/code/code_0400C0.s:10556: Warning: section does not have enough alignment to ensure safe PC-relative loads
asm/code/code_0400C0.s:10614: Warning: section does not have enough alignment to ensure safe PC-relative loads
asm/code/code_0480C0.s:2644: Warning: section does not have enough alignment to ensure safe PC-relative loads
asm/code/code_0480C0.s:2950: Warning: section does not have enough alignment to ensure safe PC-relative loads
asm/code/code_0380C0.s:12085: Warning: section does not have enough alignment to ensure safe PC-relative loads
asm/code/code_0380C0.s:12090: Warning: section does not have enough alignment to ensure safe PC-relative loads
asm/code/code_0400C0.s:10692: Warning: section does not have enough alignment to ensure safe PC-relative loads
asm/code/code_0400C0.s:10880: Warning: section does not have enough alignment to ensure safe PC-relative loads
asm/code/code_0480C0.s:3046: Warning: section does not have enough alignment to ensure safe PC-relative loads
asm/code/code_0480C0.s:3248: Warning: section does not have enough alignment to ensure safe PC-relative loads
asm/code/code_0380C0.s:12131: Warning: section does not have enough alignment to ensure safe PC-relative loads
asm/code/code_0380C0.s:12140: Warning: section does not have enough alignment to ensure safe PC-relative loads
asm/code/code_0400C0.s:10886: Warning: section does not have enough alignment to ensure safe PC-relative loads
asm/code/code_0400C0.s:10941: Warning: section does not have enough alignment to ensure safe PC-relative loads
asm/code/code_0480C0.s:3411: Warning: section does not have enough alignment to ensure safe PC-relative loads
asm/code/code_0480C0.s:3417: Warning: section does not have enough alignment to ensure safe PC-relative loads
asm/code/code_0380C0.s:12153: Warning: section does not have enough alignment to ensure safe PC-relative loads
asm/code/code_0380C0.s:12169: Warning: section does not have enough alignment to ensure safe PC-relative loads
asm/code/code_0400C0.s:11122: Warning: section does not have enough alignment to ensure safe PC-relative loads
asm/code/code_0400C0.s:11162: Warning: section does not have enough alignment to ensure safe PC-relative loads
asm/code/code_0480C0.s:3521: Warning: section does not have enough alignment to ensure safe PC-relative loads
asm/code/code_0480C0.s:3526: Warning: section does not have enough alignment to ensure safe PC-relative loads
asm/code/code_0380C0.s:12211: Warning: section does not have enough alignment to ensure safe PC-relative loads
asm/code/code_0400C0.s:11166: Warning: section does not have enough alignment to ensure safe PC-relative loads
asm/code/code_0400C0.s:11174: Warning: section does not have enough alignment to ensure safe PC-relative loads
asm/code/code_0480C0.s:3604: Warning: section does not have enough alignment to ensure safe PC-relative loads
asm/code/code_0480C0.s:3623: Warning: section does not have enough alignment to ensure safe PC-relative loads
asm/code/code_0380C0.s:12220: Warning: section does not have enough alignment to ensure safe PC-relative loads
asm/code/code_0400C0.s:11220: Warning: section does not have enough alignment to ensure safe PC-relative loads
asm/code/code_0400C0.s:11299: Warning: section does not have enough alignment to ensure safe PC-relative loads
asm/code/code_0480C0.s:3626: Warning: section does not have enough alignment to ensure safe PC-relative loads
asm/code/code_0480C0.s:3707: Warning: section does not have enough alignment to ensure safe PC-relative loads
asm/code/code_0380C0.s:12328: Warning: section does not have enough alignment to ensure safe PC-relative loads
asm/code/code_0400C0.s:11315: Warning: section does not have enough alignment to ensure safe PC-relative loads
asm/code/code_0480C0.s:3727: Warning: section does not have enough alignment to ensure safe PC-relative loads
asm/code/code_0380C0.s:12384: Warning: section does not have enough alignment to ensure safe PC-relative loads
asm/code/code_0380C0.s:12390: Warning: section does not have enough alignment to ensure safe PC-relative loads
asm/code/code_0400C0.s:11539: Warning: section does not have enough alignment to ensure safe PC-relative loads
asm/code/code_0400C0.s:11550: Warning: section does not have enough alignment to ensure safe PC-relative loads
asm/code/code_0480C0.s:3772: Warning: section does not have enough alignment to ensure safe PC-relative loads
asm/code/code_0380C0.s:12422: Warning: section does not have enough alignment to ensure safe PC-relative loads
asm/code/code_0380C0.s:12498: Warning: section does not have enough alignment to ensure safe PC-relative loads
asm/code/code_0400C0.s:11556: Warning: section does not have enough alignment to ensure safe PC-relative loads
asm/code/code_0400C0.s:11611: Warning: section does not have enough alignment to ensure safe PC-relative loads
asm/code/code_0480C0.s:3773: Warning: section does not have enough alignment to ensure safe PC-relative loads
asm/code/code_0480C0.s:3778: Warning: section does not have enough alignment to ensure safe PC-relative loads
asm/code/code_0380C0.s:12502: Warning: section does not have enough alignment to ensure safe PC-relative loads
asm/code/code_0400C0.s:11661: Warning: section does not have enough alignment to ensure safe PC-relative loads
asm/code/code_0480C0.s:3812: Warning: section does not have enough alignment to ensure safe PC-relative loads
asm/code/code_0380C0.s:12626: Warning: section does not have enough alignment to ensure safe PC-relative loads
asm/code/code_0400C0.s:11846: Warning: section does not have enough alignment to ensure safe PC-relative loads
asm/code/code_0400C0.s:11852: Warning: section does not have enough alignment to ensure safe PC-relative loads
asm/code/code_0480C0.s:3956: Warning: section does not have enough alignment to ensure safe PC-relative loads
asm/code/code_0380C0.s:12630: Warning: section does not have enough alignment to ensure safe PC-relative loads
asm/code/code_0380C0.s:12637: Warning: section does not have enough alignment to ensure safe PC-relative loads
asm/code/code_0400C0.s:12007: Warning: section does not have enough alignment to ensure safe PC-relative loads
asm/code/code_0400C0.s:12008: Warning: section does not have enough alignment to ensure safe PC-relative loads
asm/code/code_0480C0.s:4067: Warning: section does not have enough alignment to ensure safe PC-relative loads
asm/code/code_0480C0.s:4160: Warning: section does not have enough alignment to ensure safe PC-relative loads
asm/code/code_0380C0.s:12641: Warning: section does not have enough alignment to ensure safe PC-relative loads
asm/code/code_0400C0.s:12010: Warning: section does not have enough alignment to ensure safe PC-relative loads
asm/code/code_0400C0.s:12012: Warning: section does not have enough alignment to ensure safe PC-relative loads
asm/code/code_0480C0.s:4166: Warning: section does not have enough alignment to ensure safe PC-relative loads
asm/code/code_0480C0.s:4355: Warning: section does not have enough alignment to ensure safe PC-relative loads
asm/code/code_0380C0.s:12711: Warning: section does not have enough alignment to ensure safe PC-relative loads
asm/code/code_0400C0.s:12013: Warning: section does not have enough alignment to ensure safe PC-relative loads
asm/code/code_0400C0.s:12014: Warning: section does not have enough alignment to ensure safe PC-relative loads
asm/code/code_0480C0.s:4360: Warning: section does not have enough alignment to ensure safe PC-relative loads
asm/code/code_0480C0.s:4383: Warning: section does not have enough alignment to ensure safe PC-relative loads
asm/code/code_0380C0.s:12745: Warning: section does not have enough alignment to ensure safe PC-relative loads
asm/code/code_0400C0.s:12025: Warning: section does not have enough alignment to ensure safe PC-relative loads
asm/code/code_0400C0.s:12028: Warning: section does not have enough alignment to ensure safe PC-relative loads
asm/code/code_0480C0.s:4384: Warning: section does not have enough alignment to ensure safe PC-relative loads
asm/code/code_0480C0.s:4390: Warning: section does not have enough alignment to ensure safe PC-relative loads
asm/code/code_0380C0.s:12770: Warning: section does not have enough alignment to ensure safe PC-relative loads
asm/code/code_0380C0.s:12773: Warning: section does not have enough alignment to ensure safe PC-relative loads
asm/code/code_0400C0.s:12042: Warning: section does not have enough alignment to ensure safe PC-relative loads
asm/code/code_0400C0.s:12043: Warning: section does not have enough alignment to ensure safe PC-relative loads
asm/code/code_0480C0.s:4459: Warning: section does not have enough alignment to ensure safe PC-relative loads
asm/code/code_0480C0.s:4477: Warning: section does not have enough alignment to ensure safe PC-relative loads
asm/code/code_0380C0.s:12776: Warning: section does not have enough alignment to ensure safe PC-relative loads
asm/code/code_0380C0.s:12785: Warning: section does not have enough alignment to ensure safe PC-relative loads
asm/code/code_0400C0.s:12049: Warning: section does not have enough alignment to ensure safe PC-relative loads
asm/code/code_0400C0.s:12050: Warning: section does not have enough alignment to ensure safe PC-relative loads
asm/code/code_0480C0.s:4489: Warning: section does not have enough alignment to ensure safe PC-relative loads
asm/code/code_0480C0.s:4531: Warning: section does not have enough alignment to ensure safe PC-relative loads
asm/code/code_0380C0.s:12793: Warning: section does not have enough alignment to ensure safe PC-relative loads
asm/code/code_0380C0.s:12852: Warning: section does not have enough alignment to ensure safe PC-relative loads
asm/code/code_0400C0.s:12054: Warning: section does not have enough alignment to ensure safe PC-relative loads
asm/code/code_0480C0.s:4570: Warning: section does not have enough alignment to ensure safe PC-relative loads
asm/code/code_0480C0.s:4625: Warning: section does not have enough alignment to ensure safe PC-relative loads
asm/code/code_0380C0.s:12873: Warning: section does not have enough alignment to ensure safe PC-relative loads
asm/code/code_0380C0.s:12882: Warning: section does not have enough alignment to ensure safe PC-relative loads
asm/code/code_0400C0.s:12057: Warning: section does not have enough alignment to ensure safe PC-relative loads
asm/code/code_0480C0.s:4648: Warning: section does not have enough alignment to ensure safe PC-relative loads
asm/code/code_0480C0.s:4684: Warning: section does not have enough alignment to ensure safe PC-relative loads
asm/code/code_0380C0.s:12883: Warning: section does not have enough alignment to ensure safe PC-relative loads
asm/code/code_0400C0.s:12122: Warning: section does not have enough alignment to ensure safe PC-relative loads
asm/code/code_0400C0.s:12170: Warning: section does not have enough alignment to ensure safe PC-relative loads
asm/code/code_0480C0.s:4689: Warning: section does not have enough alignment to ensure safe PC-relative loads
asm/code/code_0480C0.s:4793: Warning: section does not have enough alignment to ensure safe PC-relative loads
asm/code/code_0380C0.s:12889: Warning: section does not have enough alignment to ensure safe PC-relative loads
asm/code/code_0400C0.s:12171: Warning: section does not have enough alignment to ensure safe PC-relative loads
asm/code/code_0400C0.s:12173: Warning: section does not have enough alignment to ensure safe PC-relative loads
asm/code/code_0480C0.s:4811: Warning: section does not have enough alignment to ensure safe PC-relative loads
asm/code/code_0380C0.s:12917: Warning: section does not have enough alignment to ensure safe PC-relative loads
asm/code/code_0380C0.s:12918: Warning: section does not have enough alignment to ensure safe PC-relative loads
asm/code/code_0400C0.s:12178: Warning: section does not have enough alignment to ensure safe PC-relative loads
asm/code/code_0400C0.s:12234: Warning: section does not have enough alignment to ensure safe PC-relative loads
asm/code/code_0480C0.s:4835: Warning: section does not have enough alignment to ensure safe PC-relative loads
asm/code/code_0480C0.s:4905: Warning: section does not have enough alignment to ensure safe PC-relative loads
asm/code/code_0380C0.s:12925: Warning: section does not have enough alignment to ensure safe PC-relative loads
asm/code/code_0400C0.s:12235: Warning: section does not have enough alignment to ensure safe PC-relative loads
asm/code/code_0400C0.s:12243: Warning: section does not have enough alignment to ensure safe PC-relative loads
asm/code/code_0480C0.s:5024: Warning: section does not have enough alignment to ensure safe PC-relative loads
asm/code/code_0380C0.s:12931: Warning: section does not have enough alignment to ensure safe PC-relative loads
asm/code/code_0380C0.s:12934: Warning: section does not have enough alignment to ensure safe PC-relative loads
asm/code/code_0400C0.s:12258: Warning: section does not have enough alignment to ensure safe PC-relative loads
asm/code/code_0480C0.s:5110: Warning: section does not have enough alignment to ensure safe PC-relative loads
asm/code/code_0380C0.s:12940: Warning: section does not have enough alignment to ensure safe PC-relative loads
asm/code/code_0380C0.s:12948: Warning: section does not have enough alignment to ensure safe PC-relative loads
asm/code/code_0400C0.s:12309: Warning: section does not have enough alignment to ensure safe PC-relative loads
asm/code/code_0400C0.s:12315: Warning: section does not have enough alignment to ensure safe PC-relative loads
asm/code/code_0480C0.s:5116: Warning: section does not have enough alignment to ensure safe PC-relative loads
asm/code/code_0380C0.s:12965: Warning: section does not have enough alignment to ensure safe PC-relative loads
asm/code/code_0380C0.s:13020: Warning: section does not have enough alignment to ensure safe PC-relative loads
asm/code/code_0400C0.s:12406: Warning: section does not have enough alignment to ensure safe PC-relative loads
asm/code/code_0400C0.s:12412: Warning: section does not have enough alignment to ensure safe PC-relative loads
asm/code/code_0480C0.s:5819: Warning: section does not have enough alignment to ensure safe PC-relative loads
asm/code/code_0480C0.s:5825: Warning: section does not have enough alignment to ensure safe PC-relative loads
asm/code/code_0380C0.s:13099: Warning: section does not have enough alignment to ensure safe PC-relative loads
asm/code/code_0380C0.s:13117: Warning: section does not have enough alignment to ensure safe PC-relative loads
asm/code/code_0400C0.s:12658: Warning: section does not have enough alignment to ensure safe PC-relative loads
asm/code/code_0480C0.s:6033: Warning: section does not have enough alignment to ensure safe PC-relative loads
asm/code/code_0380C0.s:13242: Warning: section does not have enough alignment to ensure safe PC-relative loads
asm/code/code_0400C0.s:12782: Warning: section does not have enough alignment to ensure safe PC-relative loads
asm/code/code_0480C0.s:6074: Warning: section does not have enough alignment to ensure safe PC-relative loads
asm/code/code_0480C0.s:6157: Warning: section does not have enough alignment to ensure safe PC-relative loads
asm/code/code_0380C0.s:13245: Warning: section does not have enough alignment to ensure safe PC-relative loads
asm/code/code_0380C0.s:13264: Warning: section does not have enough alignment to ensure safe PC-relative loads
asm/code/code_0400C0.s:12797: Warning: section does not have enough alignment to ensure safe PC-relative loads
asm/code/code_0400C0.s:12837: Warning: section does not have enough alignment to ensure safe PC-relative loads
asm/code/code_0480C0.s:6354: Warning: section does not have enough alignment to ensure safe PC-relative loads
asm/code/code_0480C0.s:6376: Warning: section does not have enough alignment to ensure safe PC-relative loads
asm/code/code_0380C0.s:13327: Warning: section does not have enough alignment to ensure safe PC-relative loads
asm/code/code_0400C0.s:12911: Warning: section does not have enough alignment to ensure safe PC-relative loads
asm/code/code_0480C0.s:6596: Warning: section does not have enough alignment to ensure safe PC-relative loads
asm/code/code_0380C0.s:13360: Warning: section does not have enough alignment to ensure safe PC-relative loads
asm/code/code_0380C0.s:13378: Warning: section does not have enough alignment to ensure safe PC-relative loads
asm/code/code_0400C0.s:12955: Warning: section does not have enough alignment to ensure safe PC-relative loads
asm/code/code_0400C0.s:13039: Warning: section does not have enough alignment to ensure safe PC-relative loads
asm/code/code_0480C0.s:6602: Warning: section does not have enough alignment to ensure safe PC-relative loads
asm/code/code_0380C0.s:13386: Warning: section does not have enough alignment to ensure safe PC-relative loads
asm/code/code_0380C0.s:13431: Warning: section does not have enough alignment to ensure safe PC-relative loads
asm/code/code_0400C0.s:13188: Warning: section does not have enough alignment to ensure safe PC-relative loads
asm/code/code_0480C0.s:6794: Warning: section does not have enough alignment to ensure safe PC-relative loads
asm/code/code_0480C0.s:6801: Warning: section does not have enough alignment to ensure safe PC-relative loads
asm/code/code_0380C0.s:13516: Warning: section does not have enough alignment to ensure safe PC-relative loads
asm/code/code_0380C0.s:13574: Warning: section does not have enough alignment to ensure safe PC-relative loads
asm/code/code_0400C0.s:13332: Warning: section does not have enough alignment to ensure safe PC-relative loads
asm/code/code_0480C0.s:6808: Warning: section does not have enough alignment to ensure safe PC-relative loads
asm/code/code_0480C0.s:6822: Warning: section does not have enough alignment to ensure safe PC-relative loads
asm/code/code_0380C0.s:13580: Warning: section does not have enough alignment to ensure safe PC-relative loads
asm/code/code_0380C0.s:13669: Warning: section does not have enough alignment to ensure safe PC-relative loads
asm/code/code_0400C0.s:13338: Warning: section does not have enough alignment to ensure safe PC-relative loads
asm/code/code_0400C0.s:13500: Warning: section does not have enough alignment to ensure safe PC-relative loads
asm/code/code_0480C0.s:6878: Warning: section does not have enough alignment to ensure safe PC-relative loads
asm/code/code_0380C0.s:13753: Warning: section does not have enough alignment to ensure safe PC-relative loads
asm/code/code_0380C0.s:13759: Warning: section does not have enough alignment to ensure safe PC-relative loads
asm/code/code_0400C0.s:13532: Warning: section does not have enough alignment to ensure safe PC-relative loads
asm/code/code_0400C0.s:13535: Warning: section does not have enough alignment to ensure safe PC-relative loads
asm/code/code_0480C0.s:6964: Warning: section does not have enough alignment to ensure safe PC-relative loads
asm/code/code_0480C0.s:7073: Warning: section does not have enough alignment to ensure safe PC-relative loads
asm/code/code_0380C0.s:13954: Warning: section does not have enough alignment to ensure safe PC-relative loads
asm/code/code_0380C0.s:13990: Warning: section does not have enough alignment to ensure safe PC-relative loads
asm/code/code_0400C0.s:13593: Warning: section does not have enough alignment to ensure safe PC-relative loads
asm/code/code_0400C0.s:13596: Warning: section does not have enough alignment to ensure safe PC-relative loads
asm/code/code_0480C0.s:7079: Warning: section does not have enough alignment to ensure safe PC-relative loads
asm/code/code_0380C0.s:14111: Warning: section does not have enough alignment to ensure safe PC-relative loads
asm/code/code_0380C0.s:14274: Warning: section does not have enough alignment to ensure safe PC-relative loads
asm/code/code_0400C0.s:13604: Warning: section does not have enough alignment to ensure safe PC-relative loads
asm/code/code_0400C0.s:13646: Warning: section does not have enough alignment to ensure safe PC-relative loads
asm/code/code_0480C0.s:7334: Warning: section does not have enough alignment to ensure safe PC-relative loads
asm/code/code_0480C0.s:7353: Warning: section does not have enough alignment to ensure safe PC-relative loads
asm/code/code_0380C0.s:14275: Warning: section does not have enough alignment to ensure safe PC-relative loads
asm/code/code_0380C0.s:14342: Warning: section does not have enough alignment to ensure safe PC-relative loads
asm/code/code_0400C0.s:13650: Warning: section does not have enough alignment to ensure safe PC-relative loads
asm/code/code_0480C0.s:7396: Warning: section does not have enough alignment to ensure safe PC-relative loads
asm/code/code_0480C0.s:7539: Warning: section does not have enough alignment to ensure safe PC-relative loads
asm/code/code_0380C0.s:14348: Warning: section does not have enough alignment to ensure safe PC-relative loads
asm/code/code_0400C0.s:13709: Warning: section does not have enough alignment to ensure safe PC-relative loads
asm/code/code_0480C0.s:7727: Warning: section does not have enough alignment to ensure safe PC-relative loads
asm/code/code_0380C0.s:14575: Warning: section does not have enough alignment to ensure safe PC-relative loads
asm/code/code_0380C0.s:14600: Warning: section does not have enough alignment to ensure safe PC-relative loads
asm/code/code_0400C0.s:13713: Warning: section does not have enough alignment to ensure safe PC-relative loads
asm/code/code_0400C0.s:13737: Warning: section does not have enough alignment to ensure safe PC-relative loads
asm/code/code_0480C0.s:7895: Warning: section does not have enough alignment to ensure safe PC-relative loads
asm/code/code_0480C0.s:7901: Warning: section does not have enough alignment to ensure safe PC-relative loads
asm/code/code_0380C0.s:14725: Warning: section does not have enough alignment to ensure safe PC-relative loads
asm/code/code_0380C0.s:14771: Warning: section does not have enough alignment to ensure safe PC-relative loads
asm/code/code_0400C0.s:13754: Warning: section does not have enough alignment to ensure safe PC-relative loads
asm/code/code_0400C0.s:13759: Warning: section does not have enough alignment to ensure safe PC-relative loads
asm/code/code_0480C0.s:8212: Warning: section does not have enough alignment to ensure safe PC-relative loads
asm/code/code_0480C0.s:8224: Warning: section does not have enough alignment to ensure safe PC-relative loads
asm/code/code_0380C0.s:14880: Warning: section does not have enough alignment to ensure safe PC-relative loads
asm/code/code_0380C0.s:14891: Warning: section does not have enough alignment to ensure safe PC-relative loads
asm/code/code_0400C0.s:13782: Warning: section does not have enough alignment to ensure safe PC-relative loads
asm/code/code_0480C0.s:8225: Warning: section does not have enough alignment to ensure safe PC-relative loads
asm/code/code_0380C0.s:15153: Warning: section does not have enough alignment to ensure safe PC-relative loads
asm/code/code_0400C0.s:13932: Warning: section does not have enough alignment to ensure safe PC-relative loads
asm/code/code_0400C0.s:13942: Warning: section does not have enough alignment to ensure safe PC-relative loads
asm/code/code_0480C0.s:8227: Warning: section does not have enough alignment to ensure safe PC-relative loads
asm/code/code_0480C0.s:8229: Warning: section does not have enough alignment to ensure safe PC-relative loads
asm/code/code_0380C0.s:15259: Warning: section does not have enough alignment to ensure safe PC-relative loads
asm/code/code_0400C0.s:13945: Warning: section does not have enough alignment to ensure safe PC-relative loads
asm/code/code_0400C0.s:13964: Warning: section does not have enough alignment to ensure safe PC-relative loads
asm/code/code_0480C0.s:8230: Warning: section does not have enough alignment to ensure safe PC-relative loads
asm/code/code_0480C0.s:8231: Warning: section does not have enough alignment to ensure safe PC-relative loads
asm/code/code_0380C0.s:15337: Warning: section does not have enough alignment to ensure safe PC-relative loads
asm/code/code_0400C0.s:13974: Warning: section does not have enough alignment to ensure safe PC-relative loads
asm/code/code_0400C0.s:13999: Warning: section does not have enough alignment to ensure safe PC-relative loads
asm/code/code_0480C0.s:8274: Warning: section does not have enough alignment to ensure safe PC-relative loads
asm/code/code_0480C0.s:8278: Warning: section does not have enough alignment to ensure safe PC-relative loads
asm/code/code_0380C0.s:15535: Warning: section does not have enough alignment to ensure safe PC-relative loads
asm/code/code_0400C0.s:14138: Warning: section does not have enough alignment to ensure safe PC-relative loads
asm/code/code_0400C0.s:14221: Warning: section does not have enough alignment to ensure safe PC-relative loads
asm/code/code_0480C0.s:8298: Warning: section does not have enough alignment to ensure safe PC-relative loads
asm/code/code_0480C0.s:8299: Warning: section does not have enough alignment to ensure safe PC-relative loads
asm/code/code_0380C0.s:15597: Warning: section does not have enough alignment to ensure safe PC-relative loads
asm/code/code_0380C0.s:15658: Warning: section does not have enough alignment to ensure safe PC-relative loads
asm/code/code_0400C0.s:14227: Warning: section does not have enough alignment to ensure safe PC-relative loads
asm/code/code_0480C0.s:8325: Warning: section does not have enough alignment to ensure safe PC-relative loads
asm/code/code_0480C0.s:8424: Warning: section does not have enough alignment to ensure safe PC-relative loads
asm/code/code_0380C0.s:15791: Warning: section does not have enough alignment to ensure safe PC-relative loads
asm/code/code_0380C0.s:15797: Warning: section does not have enough alignment to ensure safe PC-relative loads
asm/code/code_0400C0.s:14526: Warning: section does not have enough alignment to ensure safe PC-relative loads
asm/code/code_0480C0.s:8425: Warning: section does not have enough alignment to ensure safe PC-relative loads
asm/code/code_0480C0.s:8446: Warning: section does not have enough alignment to ensure safe PC-relative loads
asm/code/code_0380C0.s:15987: Warning: section does not have enough alignment to ensure safe PC-relative loads
asm/code/code_0380C0.s:16026: Warning: section does not have enough alignment to ensure safe PC-relative loads
asm/code/code_0400C0.s:14568: Warning: section does not have enough alignment to ensure safe PC-relative loads
asm/code/code_0400C0.s:14601: Warning: section does not have enough alignment to ensure safe PC-relative loads
asm/code/code_0480C0.s:8448: Warning: section does not have enough alignment to ensure safe PC-relative loads
asm/code/code_0380C0.s:16137: Warning: section does not have enough alignment to ensure safe PC-relative loads
asm/code/code_0400C0.s:14673: Warning: section does not have enough alignment to ensure safe PC-relative loads
asm/code/code_0400C0.s:14674: Warning: section does not have enough alignment to ensure safe PC-relative loads
asm/code/code_0480C0.s:8614: Warning: section does not have enough alignment to ensure safe PC-relative loads
asm/code/code_0480C0.s:8615: Warning: section does not have enough alignment to ensure safe PC-relative loads
asm/code/code_0380C0.s:16264: Warning: section does not have enough alignment to ensure safe PC-relative loads
asm/code/code_0380C0.s:16270: Warning: section does not have enough alignment to ensure safe PC-relative loads
asm/code/code_0400C0.s:14974: Warning: section does not have enough alignment to ensure safe PC-relative loads
asm/code/code_0480C0.s:8643: Warning: section does not have enough alignment to ensure safe PC-relative loads
asm/code/code_0380C0.s:16307: Warning: section does not have enough alignment to ensure safe PC-relative loads
asm/code/code_0380C0.s:16476: Warning: section does not have enough alignment to ensure safe PC-relative loads
asm/code/code_0400C0.s:15181: Warning: section does not have enough alignment to ensure safe PC-relative loads
asm/code/code_0400C0.s:15187: Warning: section does not have enough alignment to ensure safe PC-relative loads
asm/code/code_0480C0.s:8680: Warning: section does not have enough alignment to ensure safe PC-relative loads
asm/code/code_0480C0.s:8683: Warning: section does not have enough alignment to ensure safe PC-relative loads
asm/code/code_0380C0.s:16486: Warning: section does not have enough alignment to ensure safe PC-relative loads
asm/code/code_0380C0.s:16487: Warning: section does not have enough alignment to ensure safe PC-relative loads
asm/code/code_0400C0.s:15411: Warning: section does not have enough alignment to ensure safe PC-relative loads
asm/code/code_0400C0.s:15430: Warning: section does not have enough alignment to ensure safe PC-relative loads
asm/code/code_0480C0.s:8696: Warning: section does not have enough alignment to ensure safe PC-relative loads
asm/code/code_0480C0.s:8704: Warning: section does not have enough alignment to ensure safe PC-relative loads
asm/code/code_0380C0.s:16498: Warning: section does not have enough alignment to ensure safe PC-relative loads
asm/code/code_0380C0.s:16504: Warning: section does not have enough alignment to ensure safe PC-relative loads
asm/code/code_0400C0.s:15431: Warning: section does not have enough alignment to ensure safe PC-relative loads
asm/code/code_0400C0.s:15437: Warning: section does not have enough alignment to ensure safe PC-relative loads
asm/code/code_0480C0.s:8743: Warning: section does not have enough alignment to ensure safe PC-relative loads
asm/code/code_0380C0.s:16506: Warning: section does not have enough alignment to ensure safe PC-relative loads
asm/code/code_0380C0.s:16508: Warning: section does not have enough alignment to ensure safe PC-relative loads
asm/code/code_0400C0.s:15622: Warning: section does not have enough alignment to ensure safe PC-relative loads
asm/code/code_0400C0.s:15893: Warning: section does not have enough alignment to ensure safe PC-relative loads
asm/code/code_0480C0.s:8757: Warning: section does not have enough alignment to ensure safe PC-relative loads
asm/code/code_0480C0.s:8787: Warning: section does not have enough alignment to ensure safe PC-relative loads
asm/code/code_0380C0.s:16509: Warning: section does not have enough alignment to ensure safe PC-relative loads
asm/code/code_0400C0.s:15904: Warning: section does not have enough alignment to ensure safe PC-relative loads
asm/code/code_0480C0.s:8788: Warning: section does not have enough alignment to ensure safe PC-relative loads
asm/code/code_0380C0.s:16510: Warning: section does not have enough alignment to ensure safe PC-relative loads
asm/code/code_0400C0.s:15905: Warning: section does not have enough alignment to ensure safe PC-relative loads
asm/code/code_0400C0.s:15943: Warning: section does not have enough alignment to ensure safe PC-relative loads
asm/code/code_0480C0.s:8818: Warning: section does not have enough alignment to ensure safe PC-relative loads
asm/code/code_0480C0.s:8819: Warning: section does not have enough alignment to ensure safe PC-relative loads
asm/code/code_0380C0.s:16528: Warning: section does not have enough alignment to ensure safe PC-relative loads
asm/code/code_0380C0.s:16530: Warning: section does not have enough alignment to ensure safe PC-relative loads
asm/code/code_0400C0.s:15955: Warning: section does not have enough alignment to ensure safe PC-relative loads
asm/code/code_0400C0.s:16006: Warning: section does not have enough alignment to ensure safe PC-relative loads
asm/code/code_0480C0.s:8898: Warning: section does not have enough alignment to ensure safe PC-relative loads
asm/code/code_0480C0.s:8957: Warning: section does not have enough alignment to ensure safe PC-relative loads
asm/code/code_0380C0.s:16544: Warning: section does not have enough alignment to ensure safe PC-relative loads
asm/code/code_0380C0.s:16545: Warning: section does not have enough alignment to ensure safe PC-relative loads
asm/code/code_0400C0.s:16103: Warning: section does not have enough alignment to ensure safe PC-relative loads
asm/code/code_0400C0.s:16107: Warning: section does not have enough alignment to ensure safe PC-relative loads
asm/code/code_0480C0.s:8962: Warning: section does not have enough alignment to ensure safe PC-relative loads
asm/code/code_0480C0.s:8964: Warning: section does not have enough alignment to ensure safe PC-relative loads
asm/code/code_0380C0.s:16638: Warning: section does not have enough alignment to ensure safe PC-relative loads
asm/code/code_0380C0.s:16643: Warning: section does not have enough alignment to ensure safe PC-relative loads
asm/code/code_0400C0.s:16113: Warning: section does not have enough alignment to ensure safe PC-relative loads
asm/code/code_0400C0.s:16122: Warning: section does not have enough alignment to ensure safe PC-relative loads
asm/code/code_0480C0.s:8972: Warning: section does not have enough alignment to ensure safe PC-relative loads
asm/code/code_0480C0.s:8976: Warning: section does not have enough alignment to ensure safe PC-relative loads
asm/code/code_0380C0.s:16661: Warning: section does not have enough alignment to ensure safe PC-relative loads
asm/code/code_0400C0.s:16143: Warning: section does not have enough alignment to ensure safe PC-relative loads
asm/code/code_0400C0.s:16163: Warning: section does not have enough alignment to ensure safe PC-relative loads
asm/code/code_0480C0.s:8987: Warning: section does not have enough alignment to ensure safe PC-relative loads
asm/code/code_0480C0.s:9025: Warning: section does not have enough alignment to ensure safe PC-relative loads
asm/code/code_0380C0.s:16873: Warning: section does not have enough alignment to ensure safe PC-relative loads
asm/code/code_0400C0.s:16166: Warning: section does not have enough alignment to ensure safe PC-relative loads
asm/code/code_0400C0.s:16172: Warning: section does not have enough alignment to ensure safe PC-relative loads
asm/code/code_0480C0.s:9285: Warning: section does not have enough alignment to ensure safe PC-relative loads
asm/code/code_0480C0.s:9355: Warning: section does not have enough alignment to ensure safe PC-relative loads
asm/code/code_0380C0.s:16937: Warning: section does not have enough alignment to ensure safe PC-relative loads
asm/code/code_0380C0.s:16938: Warning: section does not have enough alignment to ensure safe PC-relative loads
asm/code/code_0400C0.s:16197: Warning: section does not have enough alignment to ensure safe PC-relative loads
asm/code/code_0480C0.s:9407: Warning: section does not have enough alignment to ensure safe PC-relative loads
asm/code/code_0480C0.s:9408: Warning: section does not have enough alignment to ensure safe PC-relative loads
asm/code/code_0380C0.s:16939: Warning: section does not have enough alignment to ensure safe PC-relative loads
asm/code/code_0380C0.s:17000: Warning: section does not have enough alignment to ensure safe PC-relative loads
asm/code/code_0400C0.s:16206: Warning: section does not have enough alignment to ensure safe PC-relative loads
asm/code/code_0400C0.s:16212: Warning: section does not have enough alignment to ensure safe PC-relative loads
asm/code/code_0480C0.s:9409: Warning: section does not have enough alignment to ensure safe PC-relative loads
asm/code/code_0480C0.s:9494: Warning: section does not have enough alignment to ensure safe PC-relative loads
asm/code/code_0380C0.s:17001: Warning: section does not have enough alignment to ensure safe PC-relative loads
asm/code/code_0380C0.s:17002: Warning: section does not have enough alignment to ensure safe PC-relative loads
asm/code/code_0400C0.s:16224: Warning: section does not have enough alignment to ensure safe PC-relative loads
asm/code/code_0400C0.s:16231: Warning: section does not have enough alignment to ensure safe PC-relative loads
asm/code/code_0480C0.s:9499: Warning: section does not have enough alignment to ensure safe PC-relative loads
asm/code/code_0480C0.s:9502: Warning: section does not have enough alignment to ensure safe PC-relative loads
asm/code/code_0380C0.s:17013: Warning: section does not have enough alignment to ensure safe PC-relative loads
asm/code/code_0380C0.s:17080: Warning: section does not have enough alignment to ensure safe PC-relative loads
asm/code/code_0400C0.s:16232: Warning: section does not have enough alignment to ensure safe PC-relative loads
asm/code/code_0400C0.s:16285: Warning: section does not have enough alignment to ensure safe PC-relative loads
asm/code/code_0480C0.s:9505: Warning: section does not have enough alignment to ensure safe PC-relative loads
asm/code/code_0480C0.s:9508: Warning: section does not have enough alignment to ensure safe PC-relative loads
asm/code/code_0380C0.s:17081: Warning: section does not have enough alignment to ensure safe PC-relative loads
asm/code/code_0380C0.s:17087: Warning: section does not have enough alignment to ensure safe PC-relative loads
asm/code/code_0400C0.s:16311: Warning: section does not have enough alignment to ensure safe PC-relative loads
asm/code/code_0400C0.s:16320: Warning: section does not have enough alignment to ensure safe PC-relative loads
asm/code/code_0480C0.s:9509: Warning: section does not have enough alignment to ensure safe PC-relative loads
asm/code/code_0480C0.s:9510: Warning: section does not have enough alignment to ensure safe PC-relative loads
asm/code/code_0380C0.s:17123: Warning: section does not have enough alignment to ensure safe PC-relative loads
asm/code/code_0400C0.s:16344: Warning: section does not have enough alignment to ensure safe PC-relative loads
asm/code/code_0400C0.s:16345: Warning: section does not have enough alignment to ensure safe PC-relative loads
asm/code/code_0480C0.s:9561: Warning: section does not have enough alignment to ensure safe PC-relative loads
asm/code/code_0480C0.s:9583: Warning: section does not have enough alignment to ensure safe PC-relative loads
asm/code/code_0380C0.s:17129: Warning: section does not have enough alignment to ensure safe PC-relative loads
asm/code/code_0400C0.s:16352: Warning: section does not have enough alignment to ensure safe PC-relative loads
asm/code/code_0400C0.s:16363: Warning: section does not have enough alignment to ensure safe PC-relative loads
asm/code/code_0480C0.s:9587: Warning: section does not have enough alignment to ensure safe PC-relative loads
asm/code/code_0480C0.s:9603: Warning: section does not have enough alignment to ensure safe PC-relative loads
asm/code/code_0380C0.s:17451: Warning: section does not have enough alignment to ensure safe PC-relative loads
asm/code/code_0400C0.s:16377: Warning: section does not have enough alignment to ensure safe PC-relative loads
asm/code/code_0480C0.s:9629: Warning: section does not have enough alignment to ensure safe PC-relative loads
asm/code/code_0480C0.s:9631: Warning: section does not have enough alignment to ensure safe PC-relative loads
asm/code/code_0380C0.s:17589: Warning: section does not have enough alignment to ensure safe PC-relative loads
asm/code/code_0380C0.s:17677: Warning: section does not have enough alignment to ensure safe PC-relative loads
asm/code/code_0400C0.s:16434: Warning: section does not have enough alignment to ensure safe PC-relative loads
asm/code/code_0400C0.s:16443: Warning: section does not have enough alignment to ensure safe PC-relative loads
asm/code/code_0480C0.s:9634: Warning: section does not have enough alignment to ensure safe PC-relative loads
asm/code/code_0480C0.s:9640: Warning: section does not have enough alignment to ensure safe PC-relative loads
asm/code/code_0380C0.s:17756: Warning: section does not have enough alignment to ensure safe PC-relative loads
asm/code/code_0400C0.s:16447: Warning: section does not have enough alignment to ensure safe PC-relative loads
asm/code/code_0480C0.s:9644: Warning: section does not have enough alignment to ensure safe PC-relative loads
asm/code/code_0480C0.s:9646: Warning: section does not have enough alignment to ensure safe PC-relative loads
asm/code/code_0380C0.s:17841: Warning: section does not have enough alignment to ensure safe PC-relative loads
asm/code/code_0400C0.s:16449: Warning: section does not have enough alignment to ensure safe PC-relative loads
asm/code/code_0400C0.s:16470: Warning: section does not have enough alignment to ensure safe PC-relative loads
asm/code/code_0480C0.s:9658: Warning: section does not have enough alignment to ensure safe PC-relative loads
asm/code/code_0480C0.s:9667: Warning: section does not have enough alignment to ensure safe PC-relative loads
asm/code/code_0380C0.s:17965: Warning: section does not have enough alignment to ensure safe PC-relative loads
asm/code/code_0380C0.s:18016: Warning: section does not have enough alignment to ensure safe PC-relative loads
asm/code/code_0400C0.s:16474: Warning: section does not have enough alignment to ensure safe PC-relative loads
asm/code/code_0400C0.s:16501: Warning: section does not have enough alignment to ensure safe PC-relative loads
asm/code/code_0480C0.s:9671: Warning: section does not have enough alignment to ensure safe PC-relative loads
asm/code/code_0380C0.s:18024: Warning: section does not have enough alignment to ensure safe PC-relative loads
asm/code/code_0380C0.s:18048: Warning: section does not have enough alignment to ensure safe PC-relative loads
asm/code/code_0400C0.s:16509: Warning: section does not have enough alignment to ensure safe PC-relative loads
asm/code/code_0400C0.s:16515: Warning: section does not have enough alignment to ensure safe PC-relative loads
asm/code/code_0480C0.s:9681: Warning: section does not have enough alignment to ensure safe PC-relative loads
asm/code/code_0380C0.s:18078: Warning: section does not have enough alignment to ensure safe PC-relative loads
asm/code/code_0380C0.s:18149: Warning: section does not have enough alignment to ensure safe PC-relative loads
asm/code/code_0400C0.s:16526: Warning: section does not have enough alignment to ensure safe PC-relative loads
asm/code/code_0400C0.s:16529: Warning: section does not have enough alignment to ensure safe PC-relative loads
asm/code/code_0480C0.s:9852: Warning: section does not have enough alignment to ensure safe PC-relative loads
asm/code/code_0480C0.s:9858: Warning: section does not have enough alignment to ensure safe PC-relative loads
asm/code/code_0380C0.s:18182: Warning: section does not have enough alignment to ensure safe PC-relative loads
asm/code/code_0400C0.s:16573: Warning: section does not have enough alignment to ensure safe PC-relative loads
asm/code/code_0480C0.s:9997: Warning: section does not have enough alignment to ensure safe PC-relative loads
asm/code/code_0480C0.s:9999: Warning: section does not have enough alignment to ensure safe PC-relative loads
asm/code/code_0380C0.s:18374: Warning: section does not have enough alignment to ensure safe PC-relative loads
asm/code/code_0380C0.s:18443: Warning: section does not have enough alignment to ensure safe PC-relative loads
asm/code/code_0400C0.s:16592: Warning: section does not have enough alignment to ensure safe PC-relative loads
asm/code/code_0400C0.s:16593: Warning: section does not have enough alignment to ensure safe PC-relative loads
asm/code/code_0480C0.s:10004: Warning: section does not have enough alignment to ensure safe PC-relative loads
asm/code/code_0480C0.s:10107: Warning: section does not have enough alignment to ensure safe PC-relative loads
asm/code/code_0380C0.s:18676: Warning: section does not have enough alignment to ensure safe PC-relative loads
asm/code/code_0380C0.s:18682: Warning: section does not have enough alignment to ensure safe PC-relative loads
asm/code/code_0400C0.s:16601: Warning: section does not have enough alignment to ensure safe PC-relative loads
asm/code/code_0400C0.s:16619: Warning: section does not have enough alignment to ensure safe PC-relative loads
asm/code/code_0480C0.s:10137: Warning: section does not have enough alignment to ensure safe PC-relative loads
asm/code/code_0380C0.s:18947: Warning: section does not have enough alignment to ensure safe PC-relative loads
asm/code/code_0400C0.s:16691: Warning: section does not have enough alignment to ensure safe PC-relative loads
asm/code/code_0480C0.s:10139: Warning: section does not have enough alignment to ensure safe PC-relative loads
asm/code/code_0400C0.s:16699: Warning: section does not have enough alignment to ensure safe PC-relative loads
asm/code/code_0400C0.s:16715: Warning: section does not have enough alignment to ensure safe PC-relative loads
asm/code/code_0480C0.s:10141: Warning: section does not have enough alignment to ensure safe PC-relative loads
asm/code/code_0480C0.s:10142: Warning: section does not have enough alignment to ensure safe PC-relative loads
asm/code/code_0400C0.s:16720: Warning: section does not have enough alignment to ensure safe PC-relative loads
asm/code/code_0400C0.s:16725: Warning: section does not have enough alignment to ensure safe PC-relative loads
asm/code/code_0480C0.s:10143: Warning: section does not have enough alignment to ensure safe PC-relative loads
asm/code/code_0480C0.s:10152: Warning: section does not have enough alignment to ensure safe PC-relative loads
asm/code/code_0400C0.s:16758: Warning: section does not have enough alignment to ensure safe PC-relative loads
asm/code/code_0400C0.s:16763: Warning: section does not have enough alignment to ensure safe PC-relative loads
asm/code/code_0480C0.s:10155: Warning: section does not have enough alignment to ensure safe PC-relative loads
asm/code/code_0480C0.s:10174: Warning: section does not have enough alignment to ensure safe PC-relative loads
asm/code/code_0400C0.s:16772: Warning: section does not have enough alignment to ensure safe PC-relative loads
asm/code/code_0400C0.s:16776: Warning: section does not have enough alignment to ensure safe PC-relative loads
asm/code/code_0480C0.s:10175: Warning: section does not have enough alignment to ensure safe PC-relative loads
asm/code/code_0400C0.s:16830: Warning: section does not have enough alignment to ensure safe PC-relative loads
asm/code/code_0400C0.s:16834: Warning: section does not have enough alignment to ensure safe PC-relative loads
asm/code/code_0480C0.s:10382: Warning: section does not have enough alignment to ensure safe PC-relative loads
asm/code/code_0480C0.s:10387: Warning: section does not have enough alignment to ensure safe PC-relative loads
asm/code/code_0400C0.s:16861: Warning: section does not have enough alignment to ensure safe PC-relative loads
asm/code/code_0400C0.s:16865: Warning: section does not have enough alignment to ensure safe PC-relative loads
asm/code/code_0480C0.s:10389: Warning: section does not have enough alignment to ensure safe PC-relative loads
asm/code/code_0480C0.s:10394: Warning: section does not have enough alignment to ensure safe PC-relative loads
asm/code/code_0400C0.s:16878: Warning: section does not have enough alignment to ensure safe PC-relative loads
asm/code/code_0400C0.s:16920: Warning: section does not have enough alignment to ensure safe PC-relative loads
asm/code/code_0480C0.s:10396: Warning: section does not have enough alignment to ensure safe PC-relative loads
asm/code/code_0480C0.s:10402: Warning: section does not have enough alignment to ensure safe PC-relative loads
asm/code/code_0400C0.s:16928: Warning: section does not have enough alignment to ensure safe PC-relative loads
asm/code/code_0480C0.s:10430: Warning: section does not have enough alignment to ensure safe PC-relative loads
asm/code/code_0480C0.s:10439: Warning: section does not have enough alignment to ensure safe PC-relative loads
asm/code/code_0400C0.s:16955: Warning: section does not have enough alignment to ensure safe PC-relative loads
asm/code/code_0480C0.s:10443: Warning: section does not have enough alignment to ensure safe PC-relative loads
asm/code/code_0400C0.s:16977: Warning: section does not have enough alignment to ensure safe PC-relative loads
asm/code/code_0480C0.s:10521: Warning: section does not have enough alignment to ensure safe PC-relative loads
asm/code/code_0480C0.s:10580: Warning: section does not have enough alignment to ensure safe PC-relative loads
asm/code/code_0400C0.s:16997: Warning: section does not have enough alignment to ensure safe PC-relative loads
asm/code/code_0480C0.s:10649: Warning: section does not have enough alignment to ensure safe PC-relative loads
asm/code/code_0480C0.s:10668: Warning: section does not have enough alignment to ensure safe PC-relative loads
asm/code/code_0400C0.s:17037: Warning: section does not have enough alignment to ensure safe PC-relative loads
AS      asm/code/code_0500C0.s
asm/code/code_0480C0.s:10672: Warning: section does not have enough alignment to ensure safe PC-relative loads
asm/code/code_0480C0.s:10711: Warning: section does not have enough alignment to ensure safe PC-relative loads
asm/code/code_0400C0.s:17066: Warning: section does not have enough alignment to ensure safe PC-relative loads
asm/code/code_0480C0.s:10736: Warning: section does not have enough alignment to ensure safe PC-relative loads
asm/code/code_0400C0.s:17091: Warning: section does not have enough alignment to ensure safe PC-relative loads
asm/code/code_0400C0.s:17126: Warning: section does not have enough alignment to ensure safe PC-relative loads
asm/code/code_0480C0.s:10788: Warning: section does not have enough alignment to ensure safe PC-relative loads
asm/code/code_0400C0.s:17132: Warning: section does not have enough alignment to ensure safe PC-relative loads
asm/code/code_0480C0.s:10789: Warning: section does not have enough alignment to ensure safe PC-relative loads
asm/code/code_0400C0.s:17374: Warning: section does not have enough alignment to ensure safe PC-relative loads
asm/code/code_0400C0.s:17417: Warning: section does not have enough alignment to ensure safe PC-relative loads
asm/code/code_0480C0.s:10790: Warning: section does not have enough alignment to ensure safe PC-relative loads
asm/code/code_0400C0.s:17429: Warning: section does not have enough alignment to ensure safe PC-relative loads
asm/code/code_0400C0.s:17431: Warning: section does not have enough alignment to ensure safe PC-relative loads
asm/code/code_0480C0.s:10798: Warning: section does not have enough alignment to ensure safe PC-relative loads
asm/code/code_0480C0.s:10827: Warning: section does not have enough alignment to ensure safe PC-relative loads
asm/code/code_0400C0.s:17433: Warning: section does not have enough alignment to ensure safe PC-relative loads
asm/code/code_0400C0.s:17434: Warning: section does not have enough alignment to ensure safe PC-relative loads
asm/code/code_0480C0.s:10830: Warning: section does not have enough alignment to ensure safe PC-relative loads
asm/code/code_0400C0.s:17435: Warning: section does not have enough alignment to ensure safe PC-relative loads
asm/code/code_0400C0.s:17441: Warning: section does not have enough alignment to ensure safe PC-relative loads
asm/code/code_0480C0.s:10833: Warning: section does not have enough alignment to ensure safe PC-relative loads
asm/code/code_0480C0.s:10836: Warning: section does not have enough alignment to ensure safe PC-relative loads
asm/code/code_0400C0.s:17454: Warning: section does not have enough alignment to ensure safe PC-relative loads
asm/code/code_0400C0.s:17461: Warning: section does not have enough alignment to ensure safe PC-relative loads
asm/code/code_0480C0.s:10837: Warning: section does not have enough alignment to ensure safe PC-relative loads
asm/code/code_0480C0.s:10838: Warning: section does not have enough alignment to ensure safe PC-relative loads
asm/code/code_0400C0.s:17463: Warning: section does not have enough alignment to ensure safe PC-relative loads
asm/code/code_0400C0.s:17475: Warning: section does not have enough alignment to ensure safe PC-relative loads
asm/code/code_0480C0.s:10878: Warning: section does not have enough alignment to ensure safe PC-relative loads
asm/code/code_0480C0.s:10892: Warning: section does not have enough alignment to ensure safe PC-relative loads
asm/code/code_0400C0.s:17509: Warning: section does not have enough alignment to ensure safe PC-relative loads
asm/code/code_0400C0.s:17520: Warning: section does not have enough alignment to ensure safe PC-relative loads
asm/code/code_0480C0.s:10897: Warning: section does not have enough alignment to ensure safe PC-relative loads
asm/code/code_0480C0.s:10899: Warning: section does not have enough alignment to ensure safe PC-relative loads
asm/code/code_0400C0.s:17529: Warning: section does not have enough alignment to ensure safe PC-relative loads
asm/code/code_0400C0.s:17616: Warning: section does not have enough alignment to ensure safe PC-relative loads
asm/code/code_0480C0.s:10903: Warning: section does not have enough alignment to ensure safe PC-relative loads
asm/code/code_0480C0.s:10933: Warning: section does not have enough alignment to ensure safe PC-relative loads
asm/code/code_0500C0.s: Assembler messages:
asm/code/code_0400C0.s:17617: Warning: section does not have enough alignment to ensure safe PC-relative loads
asm/code/code_0400C0.s:17625: Warning: section does not have enough alignment to ensure safe PC-relative loads
asm/code/code_0480C0.s:10954: Warning: section does not have enough alignment to ensure safe PC-relative loads
asm/code/code_0480C0.s:10958: Warning: section does not have enough alignment to ensure safe PC-relative loads
asm/code/code_0500C0.s:17054: Warning: use of r13 is deprecated
asm/code/code_0400C0.s:17766: Warning: section does not have enough alignment to ensure safe PC-relative loads
asm/code/code_0480C0.s:10964: Warning: section does not have enough alignment to ensure safe PC-relative loads
asm/code/code_0480C0.s:10968: Warning: section does not have enough alignment to ensure safe PC-relative loads
asm/code/code_0500C0.s:17164: Warning: use of r13 is deprecated
asm/code/code_0400C0.s:17830: Warning: section does not have enough alignment to ensure safe PC-relative loads
asm/code/code_0480C0.s:10981: Warning: section does not have enough alignment to ensure safe PC-relative loads
asm/code/code_0480C0.s:11013: Warning: section does not have enough alignment to ensure safe PC-relative loads
asm/code/code_0400C0.s:17844: Warning: section does not have enough alignment to ensure safe PC-relative loads
asm/code/code_0400C0.s:17875: Warning: section does not have enough alignment to ensure safe PC-relative loads
asm/code/code_0500C0.s:63: Warning: section does not have enough alignment to ensure safe PC-relative loads
asm/code/code_0500C0.s:191: Warning: section does not have enough alignment to ensure safe PC-relative loads
asm/code/code_0480C0.s:11207: Warning: section does not have enough alignment to ensure safe PC-relative loads
asm/code/code_0480C0.s:11213: Warning: section does not have enough alignment to ensure safe PC-relative loads
asm/code/code_0400C0.s:17876: Warning: section does not have enough alignment to ensure safe PC-relative loads
asm/code/code_0400C0.s:17877: Warning: section does not have enough alignment to ensure safe PC-relative loads
asm/code/code_0500C0.s:411: Warning: section does not have enough alignment to ensure safe PC-relative loads
asm/code/code_0500C0.s:417: Warning: section does not have enough alignment to ensure safe PC-relative loads
asm/code/code_0480C0.s:11423: Warning: section does not have enough alignment to ensure safe PC-relative loads
asm/code/code_0480C0.s:11437: Warning: section does not have enough alignment to ensure safe PC-relative loads
asm/code/code_0400C0.s:17913: Warning: section does not have enough alignment to ensure safe PC-relative loads
asm/code/code_0400C0.s:17914: Warning: section does not have enough alignment to ensure safe PC-relative loads
asm/code/code_0500C0.s:668: Warning: section does not have enough alignment to ensure safe PC-relative loads
asm/code/code_0500C0.s:686: Warning: section does not have enough alignment to ensure safe PC-relative loads
asm/code/code_0480C0.s:11438: Warning: section does not have enough alignment to ensure safe PC-relative loads
asm/code/code_0480C0.s:11444: Warning: section does not have enough alignment to ensure safe PC-relative loads
asm/code/code_0400C0.s:17922: Warning: section does not have enough alignment to ensure safe PC-relative loads
asm/code/code_0400C0.s:17925: Warning: section does not have enough alignment to ensure safe PC-relative loads
asm/code/code_0500C0.s:687: Warning: section does not have enough alignment to ensure safe PC-relative loads
asm/code/code_0500C0.s:760: Warning: section does not have enough alignment to ensure safe PC-relative loads
asm/code/code_0480C0.s:11457: Warning: section does not have enough alignment to ensure safe PC-relative loads
asm/code/code_0480C0.s:11498: Warning: section does not have enough alignment to ensure safe PC-relative loads
asm/code/code_0400C0.s:17926: Warning: section does not have enough alignment to ensure safe PC-relative loads
asm/code/code_0400C0.s:17927: Warning: section does not have enough alignment to ensure safe PC-relative loads
asm/code/code_0500C0.s:837: Warning: section does not have enough alignment to ensure safe PC-relative loads
asm/code/code_0480C0.s:11815: Warning: section does not have enough alignment to ensure safe PC-relative loads
asm/code/code_0480C0.s:11821: Warning: section does not have enough alignment to ensure safe PC-relative loads
asm/code/code_0400C0.s:17967: Warning: section does not have enough alignment to ensure safe PC-relative loads
asm/code/code_0400C0.s:17968: Warning: section does not have enough alignment to ensure safe PC-relative loads
asm/code/code_0500C0.s:1049: Warning: section does not have enough alignment to ensure safe PC-relative loads
asm/code/code_0480C0.s:12025: Warning: section does not have enough alignment to ensure safe PC-relative loads
asm/code/code_0480C0.s:12081: Warning: section does not have enough alignment to ensure safe PC-relative loads
asm/code/code_0400C0.s:18034: Warning: section does not have enough alignment to ensure safe PC-relative loads
asm/code/code_0400C0.s:18045: Warning: section does not have enough alignment to ensure safe PC-relative loads
asm/code/code_0500C0.s:1280: Warning: section does not have enough alignment to ensure safe PC-relative loads
asm/code/code_0500C0.s:1286: Warning: section does not have enough alignment to ensure safe PC-relative loads
asm/code/code_0480C0.s:12141: Warning: section does not have enough alignment to ensure safe PC-relative loads
asm/code/code_0480C0.s:12287: Warning: section does not have enough alignment to ensure safe PC-relative loads
asm/code/code_0400C0.s:18077: Warning: section does not have enough alignment to ensure safe PC-relative loads
asm/code/code_0400C0.s:18089: Warning: section does not have enough alignment to ensure safe PC-relative loads
asm/code/code_0500C0.s:1287: Warning: section does not have enough alignment to ensure safe PC-relative loads
asm/code/code_0500C0.s:1326: Warning: section does not have enough alignment to ensure safe PC-relative loads
asm/code/code_0480C0.s:12374: Warning: section does not have enough alignment to ensure safe PC-relative loads
asm/code/code_0400C0.s:18136: Warning: section does not have enough alignment to ensure safe PC-relative loads
asm/code/code_0400C0.s:18237: Warning: section does not have enough alignment to ensure safe PC-relative loads
asm/code/code_0500C0.s:1343: Warning: section does not have enough alignment to ensure safe PC-relative loads
asm/code/code_0500C0.s:1407: Warning: section does not have enough alignment to ensure safe PC-relative loads
asm/code/code_0480C0.s:12530: Warning: section does not have enough alignment to ensure safe PC-relative loads
asm/code/code_0480C0.s:12531: Warning: section does not have enough alignment to ensure safe PC-relative loads
asm/code/code_0400C0.s:18241: Warning: section does not have enough alignment to ensure safe PC-relative loads
asm/code/code_0400C0.s:18247: Warning: section does not have enough alignment to ensure safe PC-relative loads
asm/code/code_0500C0.s:1567: Warning: section does not have enough alignment to ensure safe PC-relative loads
asm/code/code_0500C0.s:1571: Warning: section does not have enough alignment to ensure safe PC-relative loads
asm/code/code_0480C0.s:12608: Warning: section does not have enough alignment to ensure safe PC-relative loads
asm/code/code_0480C0.s:12614: Warning: section does not have enough alignment to ensure safe PC-relative loads
asm/code/code_0400C0.s:18250: Warning: section does not have enough alignment to ensure safe PC-relative loads
asm/code/code_0400C0.s:18258: Warning: section does not have enough alignment to ensure safe PC-relative loads
asm/code/code_0500C0.s:1577: Warning: section does not have enough alignment to ensure safe PC-relative loads
asm/code/code_0480C0.s:12895: Warning: section does not have enough alignment to ensure safe PC-relative loads
asm/code/code_0480C0.s:12952: Warning: section does not have enough alignment to ensure safe PC-relative loads
asm/code/code_0400C0.s:18261: Warning: section does not have enough alignment to ensure safe PC-relative loads
asm/code/code_0400C0.s:18276: Warning: section does not have enough alignment to ensure safe PC-relative loads
asm/code/code_0500C0.s:1587: Warning: section does not have enough alignment to ensure safe PC-relative loads
asm/code/code_0480C0.s:12980: Warning: section does not have enough alignment to ensure safe PC-relative loads
asm/code/code_0480C0.s:13003: Warning: section does not have enough alignment to ensure safe PC-relative loads
asm/code/code_0400C0.s:18302: Warning: section does not have enough alignment to ensure safe PC-relative loads
asm/code/code_0400C0.s:18308: Warning: section does not have enough alignment to ensure safe PC-relative loads
asm/code/code_0500C0.s:1607: Warning: section does not have enough alignment to ensure safe PC-relative loads
asm/code/code_0500C0.s:1618: Warning: section does not have enough alignment to ensure safe PC-relative loads
asm/code/code_0480C0.s:13036: Warning: section does not have enough alignment to ensure safe PC-relative loads
asm/code/code_0480C0.s:13343: Warning: section does not have enough alignment to ensure safe PC-relative loads
asm/code/code_0400C0.s:18316: Warning: section does not have enough alignment to ensure safe PC-relative loads
asm/code/code_0400C0.s:18372: Warning: section does not have enough alignment to ensure safe PC-relative loads
asm/code/code_0500C0.s:1662: Warning: section does not have enough alignment to ensure safe PC-relative loads
asm/code/code_0500C0.s:1663: Warning: section does not have enough alignment to ensure safe PC-relative loads
asm/code/code_0480C0.s:13433: Warning: section does not have enough alignment to ensure safe PC-relative loads
asm/code/code_0480C0.s:13621: Warning: section does not have enough alignment to ensure safe PC-relative loads
asm/code/code_0400C0.s:18380: Warning: section does not have enough alignment to ensure safe PC-relative loads
asm/code/code_0400C0.s:18390: Warning: section does not have enough alignment to ensure safe PC-relative loads
asm/code/code_0500C0.s:1691: Warning: section does not have enough alignment to ensure safe PC-relative loads
asm/code/code_0500C0.s:1692: Warning: section does not have enough alignment to ensure safe PC-relative loads
asm/code/code_0480C0.s:13725: Warning: section does not have enough alignment to ensure safe PC-relative loads
asm/code/code_0480C0.s:13745: Warning: section does not have enough alignment to ensure safe PC-relative loads
asm/code/code_0400C0.s:18392: Warning: section does not have enough alignment to ensure safe PC-relative loads
asm/code/code_0400C0.s:18398: Warning: section does not have enough alignment to ensure safe PC-relative loads
asm/code/code_0500C0.s:1703: Warning: section does not have enough alignment to ensure safe PC-relative loads
asm/code/code_0480C0.s:13904: Warning: section does not have enough alignment to ensure safe PC-relative loads
asm/code/code_0400C0.s:18400: Warning: section does not have enough alignment to ensure safe PC-relative loads
asm/code/code_0400C0.s:18402: Warning: section does not have enough alignment to ensure safe PC-relative loads
asm/code/code_0500C0.s:1704: Warning: section does not have enough alignment to ensure safe PC-relative loads
asm/code/code_0500C0.s:1713: Warning: section does not have enough alignment to ensure safe PC-relative loads
asm/code/code_0480C0.s:13905: Warning: section does not have enough alignment to ensure safe PC-relative loads
asm/code/code_0480C0.s:13992: Warning: section does not have enough alignment to ensure safe PC-relative loads
asm/code/code_0400C0.s:18403: Warning: section does not have enough alignment to ensure safe PC-relative loads
asm/code/code_0400C0.s:18404: Warning: section does not have enough alignment to ensure safe PC-relative loads
asm/code/code_0500C0.s:1718: Warning: section does not have enough alignment to ensure safe PC-relative loads
asm/code/code_0500C0.s:1725: Warning: section does not have enough alignment to ensure safe PC-relative loads
asm/code/code_0480C0.s:13998: Warning: section does not have enough alignment to ensure safe PC-relative loads
asm/code/code_0400C0.s:18415: Warning: section does not have enough alignment to ensure safe PC-relative loads
asm/code/code_0400C0.s:18418: Warning: section does not have enough alignment to ensure safe PC-relative loads
asm/code/code_0500C0.s:1767: Warning: section does not have enough alignment to ensure safe PC-relative loads
asm/code/code_0500C0.s:1839: Warning: section does not have enough alignment to ensure safe PC-relative loads
asm/code/code_0480C0.s:14204: Warning: section does not have enough alignment to ensure safe PC-relative loads
asm/code/code_0480C0.s:14206: Warning: section does not have enough alignment to ensure safe PC-relative loads
asm/code/code_0400C0.s:18421: Warning: section does not have enough alignment to ensure safe PC-relative loads
asm/code/code_0400C0.s:18428: Warning: section does not have enough alignment to ensure safe PC-relative loads
asm/code/code_0500C0.s:1857: Warning: section does not have enough alignment to ensure safe PC-relative loads
asm/code/code_0500C0.s:1997: Warning: section does not have enough alignment to ensure safe PC-relative loads
asm/code/code_0480C0.s:14213: Warning: section does not have enough alignment to ensure safe PC-relative loads
asm/code/code_0400C0.s:18431: Warning: section does not have enough alignment to ensure safe PC-relative loads
asm/code/code_0400C0.s:18441: Warning: section does not have enough alignment to ensure safe PC-relative loads
asm/code/code_0500C0.s:2049: Warning: section does not have enough alignment to ensure safe PC-relative loads
asm/code/code_0500C0.s:2062: Warning: section does not have enough alignment to ensure safe PC-relative loads
asm/code/code_0480C0.s:14215: Warning: section does not have enough alignment to ensure safe PC-relative loads
asm/code/code_0480C0.s:14216: Warning: section does not have enough alignment to ensure safe PC-relative loads
asm/code/code_0400C0.s:18448: Warning: section does not have enough alignment to ensure safe PC-relative loads
asm/code/code_0400C0.s:18450: Warning: section does not have enough alignment to ensure safe PC-relative loads
asm/code/code_0500C0.s:2153: Warning: section does not have enough alignment to ensure safe PC-relative loads
asm/code/code_0480C0.s:14217: Warning: section does not have enough alignment to ensure safe PC-relative loads
asm/code/code_0480C0.s:14223: Warning: section does not have enough alignment to ensure safe PC-relative loads
asm/code/code_0400C0.s:18452: Warning: section does not have enough alignment to ensure safe PC-relative loads
asm/code/code_0400C0.s:18464: Warning: section does not have enough alignment to ensure safe PC-relative loads
asm/code/code_0500C0.s:2223: Warning: section does not have enough alignment to ensure safe PC-relative loads
asm/code/code_0480C0.s:14236: Warning: section does not have enough alignment to ensure safe PC-relative loads
asm/code/code_0400C0.s:18468: Warning: section does not have enough alignment to ensure safe PC-relative loads
asm/code/code_0400C0.s:18473: Warning: section does not have enough alignment to ensure safe PC-relative loads
asm/code/code_0500C0.s:2401: Warning: section does not have enough alignment to ensure safe PC-relative loads
asm/code/code_0500C0.s:2414: Warning: section does not have enough alignment to ensure safe PC-relative loads
asm/code/code_0480C0.s:14245: Warning: section does not have enough alignment to ensure safe PC-relative loads
asm/code/code_0400C0.s:18478: Warning: section does not have enough alignment to ensure safe PC-relative loads
asm/code/code_0400C0.s:18496: Warning: section does not have enough alignment to ensure safe PC-relative loads
asm/code/code_0500C0.s:2437: Warning: section does not have enough alignment to ensure safe PC-relative loads
asm/code/code_0500C0.s:2442: Warning: section does not have enough alignment to ensure safe PC-relative loads
asm/code/code_0480C0.s:14269: Warning: section does not have enough alignment to ensure safe PC-relative loads
asm/code/code_0480C0.s:14317: Warning: section does not have enough alignment to ensure safe PC-relative loads
asm/code/code_0400C0.s:18499: Warning: section does not have enough alignment to ensure safe PC-relative loads
asm/code/code_0400C0.s:18508: Warning: section does not have enough alignment to ensure safe PC-relative loads
asm/code/code_0500C0.s:2447: Warning: section does not have enough alignment to ensure safe PC-relative loads
asm/code/code_0500C0.s:2560: Warning: section does not have enough alignment to ensure safe PC-relative loads
asm/code/code_0480C0.s:14325: Warning: section does not have enough alignment to ensure safe PC-relative loads
asm/code/code_0480C0.s:14326: Warning: section does not have enough alignment to ensure safe PC-relative loads
asm/code/code_0400C0.s:18515: Warning: section does not have enough alignment to ensure safe PC-relative loads
asm/code/code_0400C0.s:18541: Warning: section does not have enough alignment to ensure safe PC-relative loads
asm/code/code_0500C0.s:2655: Warning: section does not have enough alignment to ensure safe PC-relative loads
asm/code/code_0480C0.s:14373: Warning: section does not have enough alignment to ensure safe PC-relative loads
asm/code/code_0480C0.s:14459: Warning: section does not have enough alignment to ensure safe PC-relative loads
asm/code/code_0400C0.s:18655: Warning: section does not have enough alignment to ensure safe PC-relative loads
asm/code/code_0400C0.s:18673: Warning: section does not have enough alignment to ensure safe PC-relative loads
asm/code/code_0500C0.s:2736: Warning: section does not have enough alignment to ensure safe PC-relative loads
asm/code/code_0480C0.s:14561: Warning: section does not have enough alignment to ensure safe PC-relative loads
asm/code/code_0480C0.s:14696: Warning: section does not have enough alignment to ensure safe PC-relative loads
asm/code/code_0400C0.s:18712: Warning: section does not have enough alignment to ensure safe PC-relative loads
asm/code/code_0400C0.s:18720: Warning: section does not have enough alignment to ensure safe PC-relative loads
asm/code/code_0500C0.s:2742: Warning: section does not have enough alignment to ensure safe PC-relative loads
asm/code/code_0480C0.s:14726: Warning: section does not have enough alignment to ensure safe PC-relative loads
asm/code/code_0480C0.s:14736: Warning: section does not have enough alignment to ensure safe PC-relative loads
asm/code/code_0400C0.s:18723: Warning: section does not have enough alignment to ensure safe PC-relative loads
asm/code/code_0400C0.s:18734: Warning: section does not have enough alignment to ensure safe PC-relative loads
asm/code/code_0500C0.s:3044: Warning: section does not have enough alignment to ensure safe PC-relative loads
asm/code/code_0500C0.s:3061: Warning: section does not have enough alignment to ensure safe PC-relative loads
asm/code/code_0480C0.s:14739: Warning: section does not have enough alignment to ensure safe PC-relative loads
asm/code/code_0400C0.s:18776: Warning: section does not have enough alignment to ensure safe PC-relative loads
asm/code/code_0400C0.s:18779: Warning: section does not have enough alignment to ensure safe PC-relative loads
asm/code/code_0500C0.s:3087: Warning: section does not have enough alignment to ensure safe PC-relative loads
asm/code/code_0500C0.s:3088: Warning: section does not have enough alignment to ensure safe PC-relative loads
asm/code/code_0480C0.s:14742: Warning: section does not have enough alignment to ensure safe PC-relative loads
asm/code/code_0480C0.s:14744: Warning: section does not have enough alignment to ensure safe PC-relative loads
asm/code/code_0400C0.s:18792: Warning: section does not have enough alignment to ensure safe PC-relative loads
asm/code/code_0400C0.s:18795: Warning: section does not have enough alignment to ensure safe PC-relative loads
asm/code/code_0500C0.s:3161: Warning: section does not have enough alignment to ensure safe PC-relative loads
asm/code/code_0480C0.s:14759: Warning: section does not have enough alignment to ensure safe PC-relative loads
asm/code/code_0480C0.s:14876: Warning: section does not have enough alignment to ensure safe PC-relative loads
asm/code/code_0400C0.s:18804: Warning: section does not have enough alignment to ensure safe PC-relative loads
asm/code/code_0400C0.s:18810: Warning: section does not have enough alignment to ensure safe PC-relative loads
asm/code/code_0500C0.s:3236: Warning: section does not have enough alignment to ensure safe PC-relative loads
asm/code/code_0500C0.s:3289: Warning: section does not have enough alignment to ensure safe PC-relative loads
asm/code/code_0480C0.s:14996: Warning: section does not have enough alignment to ensure safe PC-relative loads
asm/code/code_0480C0.s:14997: Warning: section does not have enough alignment to ensure safe PC-relative loads
asm/code/code_0400C0.s:18813: Warning: section does not have enough alignment to ensure safe PC-relative loads
asm/code/code_0400C0.s:18827: Warning: section does not have enough alignment to ensure safe PC-relative loads
asm/code/code_0500C0.s:3302: Warning: section does not have enough alignment to ensure safe PC-relative loads
asm/code/code_0500C0.s:3496: Warning: section does not have enough alignment to ensure safe PC-relative loads
asm/code/code_0480C0.s:14998: Warning: section does not have enough alignment to ensure safe PC-relative loads
asm/code/code_0480C0.s:15060: Warning: section does not have enough alignment to ensure safe PC-relative loads
asm/code/code_0400C0.s:18834: Warning: section does not have enough alignment to ensure safe PC-relative loads
asm/code/code_0500C0.s:3691: Warning: section does not have enough alignment to ensure safe PC-relative loads
asm/code/code_0500C0.s:3697: Warning: section does not have enough alignment to ensure safe PC-relative loads
asm/code/code_0480C0.s:15123: Warning: section does not have enough alignment to ensure safe PC-relative loads
asm/code/code_0480C0.s:15124: Warning: section does not have enough alignment to ensure safe PC-relative loads
asm/code/code_0400C0.s:18868: Warning: section does not have enough alignment to ensure safe PC-relative loads
asm/code/code_0500C0.s:3793: Warning: section does not have enough alignment to ensure safe PC-relative loads
asm/code/code_0500C0.s:3799: Warning: section does not have enough alignment to ensure safe PC-relative loads
asm/code/code_0480C0.s:15132: Warning: section does not have enough alignment to ensure safe PC-relative loads
asm/code/code_0480C0.s:15135: Warning: section does not have enough alignment to ensure safe PC-relative loads
asm/code/code_0400C0.s:18942: Warning: section does not have enough alignment to ensure safe PC-relative loads
asm/code/code_0400C0.s:18960: Warning: section does not have enough alignment to ensure safe PC-relative loads
asm/code/code_0500C0.s:4042: Warning: section does not have enough alignment to ensure safe PC-relative loads
asm/code/code_0500C0.s:4056: Warning: section does not have enough alignment to ensure safe PC-relative loads
asm/code/code_0480C0.s:15136: Warning: section does not have enough alignment to ensure safe PC-relative loads
asm/code/code_0480C0.s:15137: Warning: section does not have enough alignment to ensure safe PC-relative loads
asm/code/code_0400C0.s:18987: Warning: section does not have enough alignment to ensure safe PC-relative loads
asm/code/code_0400C0.s:19025: Warning: section does not have enough alignment to ensure safe PC-relative loads
asm/code/code_0500C0.s:4121: Warning: section does not have enough alignment to ensure safe PC-relative loads
asm/code/code_0500C0.s:4244: Warning: section does not have enough alignment to ensure safe PC-relative loads
asm/code/code_0480C0.s:15185: Warning: section does not have enough alignment to ensure safe PC-relative loads
asm/code/code_0480C0.s:15203: Warning: section does not have enough alignment to ensure safe PC-relative loads
asm/code/code_0400C0.s:19033: Warning: section does not have enough alignment to ensure safe PC-relative loads
asm/code/code_0400C0.s:19037: Warning: section does not have enough alignment to ensure safe PC-relative loads
asm/code/code_0500C0.s:4294: Warning: section does not have enough alignment to ensure safe PC-relative loads
asm/code/code_0480C0.s:15213: Warning: section does not have enough alignment to ensure safe PC-relative loads
asm/code/code_0480C0.s:15246: Warning: section does not have enough alignment to ensure safe PC-relative loads
asm/code/code_0400C0.s:19044: Warning: section does not have enough alignment to ensure safe PC-relative loads
asm/code/code_0400C0.s:19059: Warning: section does not have enough alignment to ensure safe PC-relative loads
asm/code/code_0500C0.s:4930: Warning: section does not have enough alignment to ensure safe PC-relative loads
asm/code/code_0500C0.s:4984: Warning: section does not have enough alignment to ensure safe PC-relative loads
asm/code/code_0480C0.s:15249: Warning: section does not have enough alignment to ensure safe PC-relative loads
asm/code/code_0480C0.s:15254: Warning: section does not have enough alignment to ensure safe PC-relative loads
asm/code/code_0400C0.s:19066: Warning: section does not have enough alignment to ensure safe PC-relative loads
asm/code/code_0400C0.s:19069: Warning: section does not have enough alignment to ensure safe PC-relative loads
asm/code/code_0500C0.s:4985: Warning: section does not have enough alignment to ensure safe PC-relative loads
asm/code/code_0500C0.s:4997: Warning: section does not have enough alignment to ensure safe PC-relative loads
asm/code/code_0480C0.s:15255: Warning: section does not have enough alignment to ensure safe PC-relative loads
asm/code/code_0480C0.s:15258: Warning: section does not have enough alignment to ensure safe PC-relative loads
asm/code/code_0400C0.s:19108: Warning: section does not have enough alignment to ensure safe PC-relative loads
asm/code/code_0400C0.s:19134: Warning: section does not have enough alignment to ensure safe PC-relative loads
asm/code/code_0500C0.s:5003: Warning: section does not have enough alignment to ensure safe PC-relative loads
asm/code/code_0500C0.s:5028: Warning: section does not have enough alignment to ensure safe PC-relative loads
asm/code/code_0480C0.s:15287: Warning: section does not have enough alignment to ensure safe PC-relative loads
asm/code/code_0480C0.s:15288: Warning: section does not have enough alignment to ensure safe PC-relative loads
asm/code/code_0400C0.s:19135: Warning: section does not have enough alignment to ensure safe PC-relative loads
asm/code/code_0400C0.s:19136: Warning: section does not have enough alignment to ensure safe PC-relative loads
asm/code/code_0500C0.s:5035: Warning: section does not have enough alignment to ensure safe PC-relative loads
asm/code/code_0500C0.s:5045: Warning: section does not have enough alignment to ensure safe PC-relative loads
asm/code/code_0480C0.s:15428: Warning: section does not have enough alignment to ensure safe PC-relative loads
asm/code/code_0480C0.s:15434: Warning: section does not have enough alignment to ensure safe PC-relative loads
asm/code/code_0400C0.s:19144: Warning: section does not have enough alignment to ensure safe PC-relative loads
asm/code/code_0400C0.s:19167: Warning: section does not have enough alignment to ensure safe PC-relative loads
asm/code/code_0500C0.s:5214: Warning: section does not have enough alignment to ensure safe PC-relative loads
asm/code/code_0500C0.s:5376: Warning: section does not have enough alignment to ensure safe PC-relative loads
asm/code/code_0480C0.s:15661: Warning: section does not have enough alignment to ensure safe PC-relative loads
asm/code/code_0480C0.s:15710: Warning: section does not have enough alignment to ensure safe PC-relative loads
asm/code/code_0400C0.s:19172: Warning: section does not have enough alignment to ensure safe PC-relative loads
asm/code/code_0400C0.s:19175: Warning: section does not have enough alignment to ensure safe PC-relative loads
asm/code/code_0500C0.s:5379: Warning: section does not have enough alignment to ensure safe PC-relative loads
asm/code/code_0480C0.s:15711: Warning: section does not have enough alignment to ensure safe PC-relative loads
asm/code/code_0480C0.s:15713: Warning: section does not have enough alignment to ensure safe PC-relative loads
asm/code/code_0400C0.s:19178: Warning: section does not have enough alignment to ensure safe PC-relative loads
asm/code/code_0400C0.s:19181: Warning: section does not have enough alignment to ensure safe PC-relative loads
asm/code/code_0500C0.s:5456: Warning: section does not have enough alignment to ensure safe PC-relative loads
asm/code/code_0500C0.s:5457: Warning: section does not have enough alignment to ensure safe PC-relative loads
asm/code/code_0480C0.s:15715: Warning: section does not have enough alignment to ensure safe PC-relative loads
asm/code/code_0480C0.s:15716: Warning: section does not have enough alignment to ensure safe PC-relative loads
asm/code/code_0400C0.s:19182: Warning: section does not have enough alignment to ensure safe PC-relative loads
asm/code/code_0400C0.s:19183: Warning: section does not have enough alignment to ensure safe PC-relative loads
asm/code/code_0500C0.s:5461: Warning: section does not have enough alignment to ensure safe PC-relative loads
asm/code/code_0480C0.s:15717: Warning: section does not have enough alignment to ensure safe PC-relative loads
asm/code/code_0400C0.s:19201: Warning: section does not have enough alignment to ensure safe PC-relative loads
asm/code/code_0400C0.s:19248: Warning: section does not have enough alignment to ensure safe PC-relative loads
asm/code/code_0500C0.s:5477: Warning: section does not have enough alignment to ensure safe PC-relative loads
asm/code/code_0500C0.s:5479: Warning: section does not have enough alignment to ensure safe PC-relative loads
asm/code/code_0480C0.s:15728: Warning: section does not have enough alignment to ensure safe PC-relative loads
asm/code/code_0480C0.s:15751: Warning: section does not have enough alignment to ensure safe PC-relative loads
asm/code/code_0400C0.s:19254: Warning: section does not have enough alignment to ensure safe PC-relative loads
asm/code/code_0400C0.s:19262: Warning: section does not have enough alignment to ensure safe PC-relative loads
asm/code/code_0500C0.s:5481: Warning: section does not have enough alignment to ensure safe PC-relative loads
asm/code/code_0500C0.s:5519: Warning: section does not have enough alignment to ensure safe PC-relative loads
asm/code/code_0480C0.s:15822: Warning: section does not have enough alignment to ensure safe PC-relative loads
asm/code/code_0480C0.s:15823: Warning: section does not have enough alignment to ensure safe PC-relative loads
asm/code/code_0400C0.s:19288: Warning: section does not have enough alignment to ensure safe PC-relative loads
asm/code/code_0500C0.s:5580: Warning: section does not have enough alignment to ensure safe PC-relative loads
asm/code/code_0500C0.s:5618: Warning: section does not have enough alignment to ensure safe PC-relative loads
asm/code/code_0480C0.s:15870: Warning: section does not have enough alignment to ensure safe PC-relative loads
asm/code/code_0480C0.s:15886: Warning: section does not have enough alignment to ensure safe PC-relative loads
asm/code/code_0400C0.s:19289: Warning: section does not have enough alignment to ensure safe PC-relative loads
asm/code/code_0400C0.s:19304: Warning: section does not have enough alignment to ensure safe PC-relative loads
asm/code/code_0500C0.s:5621: Warning: section does not have enough alignment to ensure safe PC-relative loads
asm/code/code_0480C0.s:15919: Warning: section does not have enough alignment to ensure safe PC-relative loads
asm/code/code_0480C0.s:15920: Warning: section does not have enough alignment to ensure safe PC-relative loads
asm/code/code_0400C0.s:19306: Warning: section does not have enough alignment to ensure safe PC-relative loads
asm/code/code_0400C0.s:19324: Warning: section does not have enough alignment to ensure safe PC-relative loads
asm/code/code_0500C0.s:5631: Warning: section does not have enough alignment to ensure safe PC-relative loads
asm/code/code_0500C0.s:5822: Warning: section does not have enough alignment to ensure safe PC-relative loads
asm/code/code_0480C0.s:15928: Warning: section does not have enough alignment to ensure safe PC-relative loads
asm/code/code_0480C0.s:15936: Warning: section does not have enough alignment to ensure safe PC-relative loads
asm/code/code_0400C0.s:19333: Warning: section does not have enough alignment to ensure safe PC-relative loads
asm/code/code_0400C0.s:19342: Warning: section does not have enough alignment to ensure safe PC-relative loads
asm/code/code_0500C0.s:5866: Warning: section does not have enough alignment to ensure safe PC-relative loads
asm/code/code_0500C0.s:5878: Warning: section does not have enough alignment to ensure safe PC-relative loads
asm/code/code_0480C0.s:15940: Warning: section does not have enough alignment to ensure safe PC-relative loads
asm/code/code_0480C0.s:16051: Warning: section does not have enough alignment to ensure safe PC-relative loads
asm/code/code_0400C0.s:19357: Warning: section does not have enough alignment to ensure safe PC-relative loads
asm/code/code_0400C0.s:19359: Warning: section does not have enough alignment to ensure safe PC-relative loads
asm/code/code_0500C0.s:5880: Warning: section does not have enough alignment to ensure safe PC-relative loads
asm/code/code_0500C0.s:5882: Warning: section does not have enough alignment to ensure safe PC-relative loads
asm/code/code_0480C0.s:16052: Warning: section does not have enough alignment to ensure safe PC-relative loads
asm/code/code_0480C0.s:16054: Warning: section does not have enough alignment to ensure safe PC-relative loads
asm/code/code_0400C0.s:19363: Warning: section does not have enough alignment to ensure safe PC-relative loads
asm/code/code_0400C0.s:19369: Warning: section does not have enough alignment to ensure safe PC-relative loads
asm/code/code_0500C0.s:5910: Warning: section does not have enough alignment to ensure safe PC-relative loads
asm/code/code_0500C0.s:5918: Warning: section does not have enough alignment to ensure safe PC-relative loads
asm/code/code_0480C0.s:16063: Warning: section does not have enough alignment to ensure safe PC-relative loads
asm/code/code_0400C0.s:19373: Warning: section does not have enough alignment to ensure safe PC-relative loads
asm/code/code_0400C0.s:19388: Warning: section does not have enough alignment to ensure safe PC-relative loads
asm/code/code_0500C0.s:5919: Warning: section does not have enough alignment to ensure safe PC-relative loads
asm/code/code_0500C0.s:5921: Warning: section does not have enough alignment to ensure safe PC-relative loads
asm/code/code_0480C0.s:16095: Warning: section does not have enough alignment to ensure safe PC-relative loads
asm/code/code_0480C0.s:16103: Warning: section does not have enough alignment to ensure safe PC-relative loads
asm/code/code_0400C0.s:19398: Warning: section does not have enough alignment to ensure safe PC-relative loads
asm/code/code_0400C0.s:19411: Warning: section does not have enough alignment to ensure safe PC-relative loads
asm/code/code_0500C0.s:5923: Warning: section does not have enough alignment to ensure safe PC-relative loads
asm/code/code_0500C0.s:5925: Warning: section does not have enough alignment to ensure safe PC-relative loads
asm/code/code_0480C0.s:16144: Warning: section does not have enough alignment to ensure safe PC-relative loads
asm/code/code_0480C0.s:16145: Warning: section does not have enough alignment to ensure safe PC-relative loads
asm/code/code_0400C0.s:19423: Warning: section does not have enough alignment to ensure safe PC-relative loads
asm/code/code_0400C0.s:19441: Warning: section does not have enough alignment to ensure safe PC-relative loads
asm/code/code_0500C0.s:5933: Warning: section does not have enough alignment to ensure safe PC-relative loads
asm/code/code_0500C0.s:5980: Warning: section does not have enough alignment to ensure safe PC-relative loads
asm/code/code_0480C0.s:16153: Warning: section does not have enough alignment to ensure safe PC-relative loads
asm/code/code_0400C0.s:19446: Warning: section does not have enough alignment to ensure safe PC-relative loads
asm/code/code_0400C0.s:19575: Warning: section does not have enough alignment to ensure safe PC-relative loads
asm/code/code_0500C0.s:5991: Warning: section does not have enough alignment to ensure safe PC-relative loads
asm/code/code_0500C0.s:6002: Warning: section does not have enough alignment to ensure safe PC-relative loads
asm/code/code_0480C0.s:16866: Warning: section does not have enough alignment to ensure safe PC-relative loads
asm/code/code_0480C0.s:16872: Warning: section does not have enough alignment to ensure safe PC-relative loads
asm/code/code_0400C0.s:19603: Warning: section does not have enough alignment to ensure safe PC-relative loads
asm/code/code_0400C0.s:19626: Warning: section does not have enough alignment to ensure safe PC-relative loads
asm/code/code_0500C0.s:6003: Warning: section does not have enough alignment to ensure safe PC-relative loads
asm/code/code_0500C0.s:6064: Warning: section does not have enough alignment to ensure safe PC-relative loads
asm/code/code_0480C0.s:17086: Warning: section does not have enough alignment to ensure safe PC-relative loads
asm/code/code_0400C0.s:19669: Warning: section does not have enough alignment to ensure safe PC-relative loads
asm/code/code_0400C0.s:19675: Warning: section does not have enough alignment to ensure safe PC-relative loads
asm/code/code_0500C0.s:6093: Warning: section does not have enough alignment to ensure safe PC-relative loads
asm/code/code_0500C0.s:6161: Warning: section does not have enough alignment to ensure safe PC-relative loads
asm/code/code_0480C0.s:17214: Warning: section does not have enough alignment to ensure safe PC-relative loads
asm/code/code_0500C0.s:6183: Warning: section does not have enough alignment to ensure safe PC-relative loads
asm/code/code_0480C0.s:17234: Warning: section does not have enough alignment to ensure safe PC-relative loads
asm/code/code_0480C0.s:17246: Warning: section does not have enough alignment to ensure safe PC-relative loads
asm/code/code_0500C0.s:6222: Warning: section does not have enough alignment to ensure safe PC-relative loads
asm/code/code_0500C0.s:6267: Warning: section does not have enough alignment to ensure safe PC-relative loads
asm/code/code_0480C0.s:17321: Warning: section does not have enough alignment to ensure safe PC-relative loads
asm/code/code_0480C0.s:17332: Warning: section does not have enough alignment to ensure safe PC-relative loads
asm/code/code_0500C0.s:6329: Warning: section does not have enough alignment to ensure safe PC-relative loads
asm/code/code_0480C0.s:17392: Warning: section does not have enough alignment to ensure safe PC-relative loads
asm/code/code_0500C0.s:6373: Warning: section does not have enough alignment to ensure safe PC-relative loads
asm/code/code_0480C0.s:17593: Warning: section does not have enough alignment to ensure safe PC-relative loads
asm/code/code_0480C0.s:17599: Warning: section does not have enough alignment to ensure safe PC-relative loads
asm/code/code_0500C0.s:6526: Warning: section does not have enough alignment to ensure safe PC-relative loads
asm/code/code_0500C0.s:6552: Warning: section does not have enough alignment to ensure safe PC-relative loads
asm/code/code_0480C0.s:17882: Warning: section does not have enough alignment to ensure safe PC-relative loads
asm/code/code_0480C0.s:17913: Warning: section does not have enough alignment to ensure safe PC-relative loads
asm/code/code_0500C0.s:6622: Warning: section does not have enough alignment to ensure safe PC-relative loads
asm/code/code_0500C0.s:6650: Warning: section does not have enough alignment to ensure safe PC-relative loads
asm/code/code_0480C0.s:17996: Warning: section does not have enough alignment to ensure safe PC-relative loads
asm/code/code_0500C0.s:6722: Warning: section does not have enough alignment to ensure safe PC-relative loads
asm/code/code_0500C0.s:6750: Warning: section does not have enough alignment to ensure safe PC-relative loads
asm/code/code_0480C0.s:18048: Warning: section does not have enough alignment to ensure safe PC-relative loads
asm/code/code_0480C0.s:18105: Warning: section does not have enough alignment to ensure safe PC-relative loads
asm/code/code_0500C0.s:6827: Warning: section does not have enough alignment to ensure safe PC-relative loads
asm/code/code_0500C0.s:6855: Warning: section does not have enough alignment to ensure safe PC-relative loads
asm/code/code_0480C0.s:18118: Warning: section does not have enough alignment to ensure safe PC-relative loads
asm/code/code_0500C0.s:6985: Warning: section does not have enough alignment to ensure safe PC-relative loads
asm/code/code_0480C0.s:18196: Warning: section does not have enough alignment to ensure safe PC-relative loads
asm/code/code_0500C0.s:7056: Warning: section does not have enough alignment to ensure safe PC-relative loads
asm/code/code_0480C0.s:18319: Warning: section does not have enough alignment to ensure safe PC-relative loads
asm/code/code_0480C0.s:18334: Warning: section does not have enough alignment to ensure safe PC-relative loads
asm/code/code_0500C0.s:7114: Warning: section does not have enough alignment to ensure safe PC-relative loads
asm/code/code_0500C0.s:7183: Warning: section does not have enough alignment to ensure safe PC-relative loads
asm/code/code_0480C0.s:18352: Warning: section does not have enough alignment to ensure safe PC-relative loads
asm/code/code_0500C0.s:7296: Warning: section does not have enough alignment to ensure safe PC-relative loads
asm/code/code_0500C0.s:7297: Warning: section does not have enough alignment to ensure safe PC-relative loads
asm/code/code_0480C0.s:18442: Warning: section does not have enough alignment to ensure safe PC-relative loads
asm/code/code_0480C0.s:18518: Warning: section does not have enough alignment to ensure safe PC-relative loads
asm/code/code_0500C0.s:7355: Warning: section does not have enough alignment to ensure safe PC-relative loads
asm/code/code_0500C0.s:7365: Warning: section does not have enough alignment to ensure safe PC-relative loads
asm/code/code_0480C0.s:18721: Warning: section does not have enough alignment to ensure safe PC-relative loads
asm/code/code_0480C0.s:18727: Warning: section does not have enough alignment to ensure safe PC-relative loads
asm/code/code_0500C0.s:7430: Warning: section does not have enough alignment to ensure safe PC-relative loads
asm/code/code_0500C0.s:7474: Warning: section does not have enough alignment to ensure safe PC-relative loads
AS      asm/code/code_0580C0.s
asm/code/code_0480C0.s:19086: Warning: section does not have enough alignment to ensure safe PC-relative loads
asm/code/code_0480C0.s:19098: Warning: section does not have enough alignment to ensure safe PC-relative loads
asm/code/code_0500C0.s:7546: Warning: section does not have enough alignment to ensure safe PC-relative loads
asm/code/code_0500C0.s:7625: Warning: section does not have enough alignment to ensure safe PC-relative loads
asm/code/code_0480C0.s:19113: Warning: section does not have enough alignment to ensure safe PC-relative loads
asm/code/code_0480C0.s:19144: Warning: section does not have enough alignment to ensure safe PC-relative loads
asm/code/code_0500C0.s:7628: Warning: section does not have enough alignment to ensure safe PC-relative loads
asm/code/code_0500C0.s:7680: Warning: section does not have enough alignment to ensure safe PC-relative loads
asm/code/code_0480C0.s:19145: Warning: section does not have enough alignment to ensure safe PC-relative loads
asm/code/code_0500C0.s:7694: Warning: section does not have enough alignment to ensure safe PC-relative loads
asm/code/code_0480C0.s:19235: Warning: section does not have enough alignment to ensure safe PC-relative loads
asm/code/code_0500C0.s:7700: Warning: section does not have enough alignment to ensure safe PC-relative loads
asm/code/code_0500C0.s:7703: Warning: section does not have enough alignment to ensure safe PC-relative loads
asm/code/code_0480C0.s:19311: Warning: section does not have enough alignment to ensure safe PC-relative loads
asm/code/code_0500C0.s:7732: Warning: section does not have enough alignment to ensure safe PC-relative loads
asm/code/code_0480C0.s:19453: Warning: section does not have enough alignment to ensure safe PC-relative loads
asm/code/code_0500C0.s:7776: Warning: section does not have enough alignment to ensure safe PC-relative loads
asm/code/code_0500C0.s:7789: Warning: section does not have enough alignment to ensure safe PC-relative loads
asm/code/code_0500C0.s:7817: Warning: section does not have enough alignment to ensure safe PC-relative loads
asm/code/code_0500C0.s:7833: Warning: section does not have enough alignment to ensure safe PC-relative loads
asm/code/code_0500C0.s:7838: Warning: section does not have enough alignment to ensure safe PC-relative loads
asm/code/code_0500C0.s:7841: Warning: section does not have enough alignment to ensure safe PC-relative loads
asm/code/code_0500C0.s:7846: Warning: section does not have enough alignment to ensure safe PC-relative loads
asm/code/code_0500C0.s:7932: Warning: section does not have enough alignment to ensure safe PC-relative loads
asm/code/code_0500C0.s:7935: Warning: section does not have enough alignment to ensure safe PC-relative loads
asm/code/code_0500C0.s:7938: Warning: section does not have enough alignment to ensure safe PC-relative loads
asm/code/code_0500C0.s:8041: Warning: section does not have enough alignment to ensure safe PC-relative loads
asm/code/code_0500C0.s:8115: Warning: section does not have enough alignment to ensure safe PC-relative loads
asm/code/code_0500C0.s:8118: Warning: section does not have enough alignment to ensure safe PC-relative loads
asm/code/code_0500C0.s:8121: Warning: section does not have enough alignment to ensure safe PC-relative loads
asm/code/code_0500C0.s:8218: Warning: section does not have enough alignment to ensure safe PC-relative loads
asm/code/code_0500C0.s:8262: Warning: section does not have enough alignment to ensure safe PC-relative loads
asm/code/code_0500C0.s:8267: Warning: section does not have enough alignment to ensure safe PC-relative loads
asm/code/code_0500C0.s:8294: Warning: section does not have enough alignment to ensure safe PC-relative loads
asm/code/code_0500C0.s:8349: Warning: section does not have enough alignment to ensure safe PC-relative loads
asm/code/code_0500C0.s:8353: Warning: section does not have enough alignment to ensure safe PC-relative loads
asm/code/code_0500C0.s:8354: Warning: section does not have enough alignment to ensure safe PC-relative loads
asm/code/code_0500C0.s:8361: Warning: section does not have enough alignment to ensure safe PC-relative loads
asm/code/code_0500C0.s:8404: Warning: section does not have enough alignment to ensure safe PC-relative loads
asm/code/code_0500C0.s:8405: Warning: section does not have enough alignment to ensure safe PC-relative loads
asm/code/code_0500C0.s:8409: Warning: section does not have enough alignment to ensure safe PC-relative loads
asm/code/code_0500C0.s:8464: Warning: section does not have enough alignment to ensure safe PC-relative loads
asm/code/code_0500C0.s:8472: Warning: section does not have enough alignment to ensure safe PC-relative loads
asm/code/code_0580C0.s: Assembler messages:
asm/code/code_0500C0.s:8544: Warning: section does not have enough alignment to ensure safe PC-relative loads
asm/code/code_0500C0.s:8623: Warning: section does not have enough alignment to ensure safe PC-relative loads
asm/code/code_0580C0.s:38: Warning: section does not have enough alignment to ensure safe PC-relative loads
asm/code/code_0500C0.s:8624: Warning: section does not have enough alignment to ensure safe PC-relative loads
asm/code/code_0500C0.s:8682: Warning: section does not have enough alignment to ensure safe PC-relative loads
asm/code/code_0580C0.s:116: Warning: section does not have enough alignment to ensure safe PC-relative loads
asm/code/code_0500C0.s:8690: Warning: section does not have enough alignment to ensure safe PC-relative loads
asm/code/code_0500C0.s:8693: Warning: section does not have enough alignment to ensure safe PC-relative loads
asm/code/code_0580C0.s:230: Warning: section does not have enough alignment to ensure safe PC-relative loads
asm/code/code_0580C0.s:261: Warning: section does not have enough alignment to ensure safe PC-relative loads
asm/code/code_0500C0.s:8710: Warning: section does not have enough alignment to ensure safe PC-relative loads
asm/code/code_0500C0.s:8728: Warning: section does not have enough alignment to ensure safe PC-relative loads
asm/code/code_0580C0.s:275: Warning: section does not have enough alignment to ensure safe PC-relative loads
asm/code/code_0500C0.s:8746: Warning: section does not have enough alignment to ensure safe PC-relative loads
asm/code/code_0500C0.s:8753: Warning: section does not have enough alignment to ensure safe PC-relative loads
asm/code/code_0580C0.s:289: Warning: section does not have enough alignment to ensure safe PC-relative loads
AS      asm/code/code_0600C0.s
asm/code/code_0500C0.s:8766: Warning: section does not have enough alignment to ensure safe PC-relative loads
asm/code/code_0500C0.s:8802: Warning: section does not have enough alignment to ensure safe PC-relative loads
asm/code/code_0580C0.s:293: Warning: section does not have enough alignment to ensure safe PC-relative loads
asm/code/code_0580C0.s:372: Warning: section does not have enough alignment to ensure safe PC-relative loads
asm/code/code_0500C0.s:8813: Warning: section does not have enough alignment to ensure safe PC-relative loads
asm/code/code_0500C0.s:8821: Warning: section does not have enough alignment to ensure safe PC-relative loads
asm/code/code_0580C0.s:415: Warning: section does not have enough alignment to ensure safe PC-relative loads
asm/code/code_0500C0.s:8833: Warning: section does not have enough alignment to ensure safe PC-relative loads
asm/code/code_0500C0.s:9447: Warning: section does not have enough alignment to ensure safe PC-relative loads
asm/code/code_0580C0.s:431: Warning: section does not have enough alignment to ensure safe PC-relative loads
asm/code/code_0580C0.s:437: Warning: section does not have enough alignment to ensure safe PC-relative loads
asm/code/code_0500C0.s:9516: Warning: section does not have enough alignment to ensure safe PC-relative loads
asm/code/code_0500C0.s:9564: Warning: section does not have enough alignment to ensure safe PC-relative loads
asm/code/code_0580C0.s:442: Warning: section does not have enough alignment to ensure safe PC-relative loads
asm/code/code_0580C0.s:453: Warning: section does not have enough alignment to ensure safe PC-relative loads
asm/code/code_0500C0.s:9682: Warning: section does not have enough alignment to ensure safe PC-relative loads
asm/code/code_0500C0.s:9688: Warning: section does not have enough alignment to ensure safe PC-relative loads
asm/code/code_0580C0.s:550: Warning: section does not have enough alignment to ensure safe PC-relative loads
asm/code/code_0500C0.s:9764: Warning: section does not have enough alignment to ensure safe PC-relative loads
asm/code/code_0500C0.s:9851: Warning: section does not have enough alignment to ensure safe PC-relative loads
asm/code/code_0580C0.s:556: Warning: section does not have enough alignment to ensure safe PC-relative loads
asm/code/code_0580C0.s:558: Warning: section does not have enough alignment to ensure safe PC-relative loads
asm/code/code_0500C0.s:9852: Warning: section does not have enough alignment to ensure safe PC-relative loads
asm/code/code_0580C0.s:560: Warning: section does not have enough alignment to ensure safe PC-relative loads
asm/code/code_0580C0.s:562: Warning: section does not have enough alignment to ensure safe PC-relative loads
asm/code/code_0500C0.s:9870: Warning: section does not have enough alignment to ensure safe PC-relative loads
asm/code/code_0500C0.s:9874: Warning: section does not have enough alignment to ensure safe PC-relative loads
asm/code/code_0580C0.s:564: Warning: section does not have enough alignment to ensure safe PC-relative loads
asm/code/code_0500C0.s:9897: Warning: section does not have enough alignment to ensure safe PC-relative loads
asm/code/code_0580C0.s:566: Warning: section does not have enough alignment to ensure safe PC-relative loads
asm/code/code_0580C0.s:568: Warning: section does not have enough alignment to ensure safe PC-relative loads
asm/code/code_0500C0.s:9898: Warning: section does not have enough alignment to ensure safe PC-relative loads
asm/code/code_0580C0.s:582: Warning: section does not have enough alignment to ensure safe PC-relative loads
asm/code/code_0580C0.s:596: Warning: section does not have enough alignment to ensure safe PC-relative loads
asm/code/code_0500C0.s:9920: Warning: section does not have enough alignment to ensure safe PC-relative loads
asm/code/code_0500C0.s:9924: Warning: section does not have enough alignment to ensure safe PC-relative loads
asm/code/code_0580C0.s:597: Warning: section does not have enough alignment to ensure safe PC-relative loads
asm/code/code_0580C0.s:650: Warning: section does not have enough alignment to ensure safe PC-relative loads
asm/code/code_0500C0.s:9940: Warning: section does not have enough alignment to ensure safe PC-relative loads
asm/code/code_0500C0.s:9944: Warning: section does not have enough alignment to ensure safe PC-relative loads
asm/code/code_0600C0.s: Assembler messages:
asm/code/code_0580C0.s:660: Warning: section does not have enough alignment to ensure safe PC-relative loads
asm/code/code_0580C0.s:662: Warning: section does not have enough alignment to ensure safe PC-relative loads
asm/code/code_0500C0.s:9951: Warning: section does not have enough alignment to ensure safe PC-relative loads
asm/code/code_0500C0.s:9952: Warning: section does not have enough alignment to ensure safe PC-relative loads
asm/code/code_0600C0.s:65: Warning: section does not have enough alignment to ensure safe PC-relative loads
asm/code/code_0600C0.s:69: Warning: section does not have enough alignment to ensure safe PC-relative loads
asm/code/code_0580C0.s:666: Warning: section does not have enough alignment to ensure safe PC-relative loads
asm/code/code_0580C0.s:675: Warning: section does not have enough alignment to ensure safe PC-relative loads
asm/code/code_0500C0.s:9972: Warning: section does not have enough alignment to ensure safe PC-relative loads
asm/code/code_0600C0.s:105: Warning: section does not have enough alignment to ensure safe PC-relative loads
asm/code/code_0600C0.s:109: Warning: section does not have enough alignment to ensure safe PC-relative loads
asm/code/code_0580C0.s:686: Warning: section does not have enough alignment to ensure safe PC-relative loads
asm/code/code_0580C0.s:690: Warning: section does not have enough alignment to ensure safe PC-relative loads
asm/code/code_0500C0.s:9976: Warning: section does not have enough alignment to ensure safe PC-relative loads
asm/code/code_0500C0.s:9998: Warning: section does not have enough alignment to ensure safe PC-relative loads
asm/code/code_0600C0.s:124: Warning: section does not have enough alignment to ensure safe PC-relative loads
asm/code/code_0580C0.s:696: Warning: section does not have enough alignment to ensure safe PC-relative loads
asm/code/code_0580C0.s:698: Warning: section does not have enough alignment to ensure safe PC-relative loads
asm/code/code_0500C0.s:10002: Warning: section does not have enough alignment to ensure safe PC-relative loads
asm/code/code_0500C0.s:10009: Warning: section does not have enough alignment to ensure safe PC-relative loads
asm/code/code_0600C0.s:149: Warning: section does not have enough alignment to ensure safe PC-relative loads
asm/code/code_0600C0.s:174: Warning: section does not have enough alignment to ensure safe PC-relative loads
asm/code/code_0580C0.s:702: Warning: section does not have enough alignment to ensure safe PC-relative loads
asm/code/code_0580C0.s:706: Warning: section does not have enough alignment to ensure safe PC-relative loads
asm/code/code_0500C0.s:10010: Warning: section does not have enough alignment to ensure safe PC-relative loads
asm/code/code_0500C0.s:10032: Warning: section does not have enough alignment to ensure safe PC-relative loads
asm/code/code_0600C0.s:194: Warning: section does not have enough alignment to ensure safe PC-relative loads
asm/code/code_0580C0.s:710: Warning: section does not have enough alignment to ensure safe PC-relative loads
asm/code/code_0580C0.s:717: Warning: section does not have enough alignment to ensure safe PC-relative loads
asm/code/code_0500C0.s:10033: Warning: section does not have enough alignment to ensure safe PC-relative loads
asm/code/code_0500C0.s:10052: Warning: section does not have enough alignment to ensure safe PC-relative loads
asm/code/code_0600C0.s:219: Warning: section does not have enough alignment to ensure safe PC-relative loads
asm/code/code_0600C0.s:226: Warning: section does not have enough alignment to ensure safe PC-relative loads
asm/code/code_0580C0.s:719: Warning: section does not have enough alignment to ensure safe PC-relative loads
asm/code/code_0580C0.s:723: Warning: section does not have enough alignment to ensure safe PC-relative loads
asm/code/code_0500C0.s:10056: Warning: section does not have enough alignment to ensure safe PC-relative loads
asm/code/code_0500C0.s:10061: Warning: section does not have enough alignment to ensure safe PC-relative loads
asm/code/code_0600C0.s:242: Warning: section does not have enough alignment to ensure safe PC-relative loads
asm/code/code_0600C0.s:248: Warning: section does not have enough alignment to ensure safe PC-relative loads
asm/code/code_0580C0.s:726: Warning: section does not have enough alignment to ensure safe PC-relative loads
asm/code/code_0580C0.s:732: Warning: section does not have enough alignment to ensure safe PC-relative loads
asm/code/code_0500C0.s:10080: Warning: section does not have enough alignment to ensure safe PC-relative loads
asm/code/code_0500C0.s:10081: Warning: section does not have enough alignment to ensure safe PC-relative loads
asm/code/code_0600C0.s:255: Warning: section does not have enough alignment to ensure safe PC-relative loads
asm/code/code_0600C0.s:260: Warning: section does not have enough alignment to ensure safe PC-relative loads
asm/code/code_0580C0.s:754: Warning: section does not have enough alignment to ensure safe PC-relative loads
asm/code/code_0580C0.s:757: Warning: section does not have enough alignment to ensure safe PC-relative loads
asm/code/code_0500C0.s:10112: Warning: section does not have enough alignment to ensure safe PC-relative loads
asm/code/code_0500C0.s:10113: Warning: section does not have enough alignment to ensure safe PC-relative loads
asm/code/code_0600C0.s:267: Warning: section does not have enough alignment to ensure safe PC-relative loads
asm/code/code_0600C0.s:282: Warning: section does not have enough alignment to ensure safe PC-relative loads
asm/code/code_0580C0.s:762: Warning: section does not have enough alignment to ensure safe PC-relative loads
asm/code/code_0580C0.s:801: Warning: section does not have enough alignment to ensure safe PC-relative loads
asm/code/code_0500C0.s:10126: Warning: section does not have enough alignment to ensure safe PC-relative loads
asm/code/code_0500C0.s:10127: Warning: section does not have enough alignment to ensure safe PC-relative loads
asm/code/code_0600C0.s:294: Warning: section does not have enough alignment to ensure safe PC-relative loads
asm/code/code_0600C0.s:303: Warning: section does not have enough alignment to ensure safe PC-relative loads
asm/code/code_0580C0.s:804: Warning: section does not have enough alignment to ensure safe PC-relative loads
asm/code/code_0580C0.s:854: Warning: section does not have enough alignment to ensure safe PC-relative loads
asm/code/code_0500C0.s:10187: Warning: section does not have enough alignment to ensure safe PC-relative loads
asm/code/code_0600C0.s:320: Warning: section does not have enough alignment to ensure safe PC-relative loads
asm/code/code_0600C0.s:325: Warning: section does not have enough alignment to ensure safe PC-relative loads
asm/code/code_0580C0.s:858: Warning: section does not have enough alignment to ensure safe PC-relative loads
asm/code/code_0580C0.s:861: Warning: section does not have enough alignment to ensure safe PC-relative loads
asm/code/code_0500C0.s:10405: Warning: section does not have enough alignment to ensure safe PC-relative loads
asm/code/code_0600C0.s:441: Warning: section does not have enough alignment to ensure safe PC-relative loads
asm/code/code_0600C0.s:448: Warning: section does not have enough alignment to ensure safe PC-relative loads
asm/code/code_0580C0.s:878: Warning: section does not have enough alignment to ensure safe PC-relative loads
asm/code/code_0580C0.s:898: Warning: section does not have enough alignment to ensure safe PC-relative loads
asm/code/code_0500C0.s:10671: Warning: section does not have enough alignment to ensure safe PC-relative loads
asm/code/code_0500C0.s:10672: Warning: section does not have enough alignment to ensure safe PC-relative loads
asm/code/code_0600C0.s:477: Warning: section does not have enough alignment to ensure safe PC-relative loads
asm/code/code_0600C0.s:488: Warning: section does not have enough alignment to ensure safe PC-relative loads
asm/code/code_0580C0.s:901: Warning: section does not have enough alignment to ensure safe PC-relative loads
asm/code/code_0580C0.s:932: Warning: section does not have enough alignment to ensure safe PC-relative loads
asm/code/code_0500C0.s:10708: Warning: section does not have enough alignment to ensure safe PC-relative loads
asm/code/code_0600C0.s:489: Warning: section does not have enough alignment to ensure safe PC-relative loads
asm/code/code_0600C0.s:495: Warning: section does not have enough alignment to ensure safe PC-relative loads
asm/code/code_0580C0.s:948: Warning: section does not have enough alignment to ensure safe PC-relative loads
asm/code/code_0580C0.s:956: Warning: section does not have enough alignment to ensure safe PC-relative loads
asm/code/code_0500C0.s:10908: Warning: section does not have enough alignment to ensure safe PC-relative loads
asm/code/code_0500C0.s:10909: Warning: section does not have enough alignment to ensure safe PC-relative loads
asm/code/code_0600C0.s:499: Warning: section does not have enough alignment to ensure safe PC-relative loads
asm/code/code_0600C0.s:500: Warning: section does not have enough alignment to ensure safe PC-relative loads
asm/code/code_0580C0.s:960: Warning: section does not have enough alignment to ensure safe PC-relative loads
asm/code/code_0580C0.s:976: Warning: section does not have enough alignment to ensure safe PC-relative loads
asm/code/code_0500C0.s:11047: Warning: section does not have enough alignment to ensure safe PC-relative loads
asm/code/code_0500C0.s:11062: Warning: section does not have enough alignment to ensure safe PC-relative loads
asm/code/code_0600C0.s:511: Warning: section does not have enough alignment to ensure safe PC-relative loads
asm/code/code_0580C0.s:980: Warning: section does not have enough alignment to ensure safe PC-relative loads
asm/code/code_0500C0.s:11064: Warning: section does not have enough alignment to ensure safe PC-relative loads
asm/code/code_0600C0.s:551: Warning: section does not have enough alignment to ensure safe PC-relative loads
asm/code/code_0580C0.s:1095: Warning: section does not have enough alignment to ensure safe PC-relative loads
asm/code/code_0500C0.s:11066: Warning: section does not have enough alignment to ensure safe PC-relative loads
asm/code/code_0500C0.s:11068: Warning: section does not have enough alignment to ensure safe PC-relative loads
asm/code/code_0600C0.s:561: Warning: section does not have enough alignment to ensure safe PC-relative loads
asm/code/code_0600C0.s:565: Warning: section does not have enough alignment to ensure safe PC-relative loads
asm/code/code_0580C0.s:1121: Warning: section does not have enough alignment to ensure safe PC-relative loads
asm/code/code_0580C0.s:1123: Warning: section does not have enough alignment to ensure safe PC-relative loads
asm/code/code_0500C0.s:11076: Warning: section does not have enough alignment to ensure safe PC-relative loads
asm/code/code_0500C0.s:11079: Warning: section does not have enough alignment to ensure safe PC-relative loads
asm/code/code_0600C0.s:568: Warning: section does not have enough alignment to ensure safe PC-relative loads
asm/code/code_0600C0.s:572: Warning: section does not have enough alignment to ensure safe PC-relative loads
asm/code/code_0580C0.s:1156: Warning: section does not have enough alignment to ensure safe PC-relative loads
asm/code/code_0580C0.s:1169: Warning: section does not have enough alignment to ensure safe PC-relative loads
asm/code/code_0500C0.s:11100: Warning: section does not have enough alignment to ensure safe PC-relative loads
asm/code/code_0600C0.s:577: Warning: section does not have enough alignment to ensure safe PC-relative loads
asm/code/code_0600C0.s:586: Warning: section does not have enough alignment to ensure safe PC-relative loads
asm/code/code_0580C0.s:1225: Warning: section does not have enough alignment to ensure safe PC-relative loads
asm/code/code_0500C0.s:11168: Warning: section does not have enough alignment to ensure safe PC-relative loads
asm/code/code_0600C0.s:588: Warning: section does not have enough alignment to ensure safe PC-relative loads
asm/code/code_0600C0.s:590: Warning: section does not have enough alignment to ensure safe PC-relative loads
asm/code/code_0580C0.s:1242: Warning: section does not have enough alignment to ensure safe PC-relative loads
asm/code/code_0580C0.s:1248: Warning: section does not have enough alignment to ensure safe PC-relative loads
asm/code/code_0500C0.s:11209: Warning: section does not have enough alignment to ensure safe PC-relative loads
asm/code/code_0600C0.s:594: Warning: section does not have enough alignment to ensure safe PC-relative loads
asm/code/code_0600C0.s:600: Warning: section does not have enough alignment to ensure safe PC-relative loads
asm/code/code_0580C0.s:1262: Warning: section does not have enough alignment to ensure safe PC-relative loads
asm/code/code_0580C0.s:1284: Warning: section does not have enough alignment to ensure safe PC-relative loads
asm/code/code_0500C0.s:11213: Warning: section does not have enough alignment to ensure safe PC-relative loads
asm/code/code_0500C0.s:11224: Warning: section does not have enough alignment to ensure safe PC-relative loads
asm/code/code_0600C0.s:602: Warning: section does not have enough alignment to ensure safe PC-relative loads
asm/code/code_0600C0.s:604: Warning: section does not have enough alignment to ensure safe PC-relative loads
asm/code/code_0580C0.s:1290: Warning: section does not have enough alignment to ensure safe PC-relative loads
asm/code/code_0580C0.s:1297: Warning: section does not have enough alignment to ensure safe PC-relative loads
asm/code/code_0500C0.s:11237: Warning: section does not have enough alignment to ensure safe PC-relative loads
asm/code/code_0500C0.s:11251: Warning: section does not have enough alignment to ensure safe PC-relative loads
asm/code/code_0600C0.s:606: Warning: section does not have enough alignment to ensure safe PC-relative loads
asm/code/code_0600C0.s:610: Warning: section does not have enough alignment to ensure safe PC-relative loads
asm/code/code_0580C0.s:1313: Warning: section does not have enough alignment to ensure safe PC-relative loads
asm/code/code_0580C0.s:1321: Warning: section does not have enough alignment to ensure safe PC-relative loads
asm/code/code_0500C0.s:11281: Warning: section does not have enough alignment to ensure safe PC-relative loads
asm/code/code_0500C0.s:11299: Warning: section does not have enough alignment to ensure safe PC-relative loads
asm/code/code_0600C0.s:614: Warning: section does not have enough alignment to ensure safe PC-relative loads
asm/code/code_0600C0.s:616: Warning: section does not have enough alignment to ensure safe PC-relative loads
asm/code/code_0580C0.s:1333: Warning: section does not have enough alignment to ensure safe PC-relative loads
asm/code/code_0580C0.s:1352: Warning: section does not have enough alignment to ensure safe PC-relative loads
asm/code/code_0500C0.s:11340: Warning: section does not have enough alignment to ensure safe PC-relative loads
asm/code/code_0500C0.s:11374: Warning: section does not have enough alignment to ensure safe PC-relative loads
asm/code/code_0600C0.s:620: Warning: section does not have enough alignment to ensure safe PC-relative loads
asm/code/code_0580C0.s:1357: Warning: section does not have enough alignment to ensure safe PC-relative loads
asm/code/code_0500C0.s:11393: Warning: section does not have enough alignment to ensure safe PC-relative loads
asm/code/code_0500C0.s:11402: Warning: section does not have enough alignment to ensure safe PC-relative loads
asm/code/code_0600C0.s:633: Warning: section does not have enough alignment to ensure safe PC-relative loads
asm/code/code_0600C0.s:722: Warning: section does not have enough alignment to ensure safe PC-relative loads
asm/code/code_0580C0.s:1452: Warning: section does not have enough alignment to ensure safe PC-relative loads
asm/code/code_0580C0.s:1464: Warning: section does not have enough alignment to ensure safe PC-relative loads
asm/code/code_0500C0.s:11419: Warning: section does not have enough alignment to ensure safe PC-relative loads
asm/code/code_0600C0.s:725: Warning: section does not have enough alignment to ensure safe PC-relative loads
asm/code/code_0600C0.s:727: Warning: section does not have enough alignment to ensure safe PC-relative loads
asm/code/code_0580C0.s:1468: Warning: section does not have enough alignment to ensure safe PC-relative loads
asm/code/code_0580C0.s:1480: Warning: section does not have enough alignment to ensure safe PC-relative loads
asm/code/code_0500C0.s:11453: Warning: section does not have enough alignment to ensure safe PC-relative loads
asm/code/code_0500C0.s:11457: Warning: section does not have enough alignment to ensure safe PC-relative loads
asm/code/code_0600C0.s:730: Warning: section does not have enough alignment to ensure safe PC-relative loads
asm/code/code_0600C0.s:735: Warning: section does not have enough alignment to ensure safe PC-relative loads
asm/code/code_0580C0.s:1537: Warning: section does not have enough alignment to ensure safe PC-relative loads
asm/code/code_0580C0.s:1540: Warning: section does not have enough alignment to ensure safe PC-relative loads
asm/code/code_0500C0.s:11484: Warning: section does not have enough alignment to ensure safe PC-relative loads
asm/code/code_0500C0.s:11493: Warning: section does not have enough alignment to ensure safe PC-relative loads
asm/code/code_0600C0.s:768: Warning: section does not have enough alignment to ensure safe PC-relative loads
asm/code/code_0600C0.s:783: Warning: section does not have enough alignment to ensure safe PC-relative loads
asm/code/code_0580C0.s:1551: Warning: section does not have enough alignment to ensure safe PC-relative loads
asm/code/code_0580C0.s:1558: Warning: section does not have enough alignment to ensure safe PC-relative loads
asm/code/code_0500C0.s:11527: Warning: section does not have enough alignment to ensure safe PC-relative loads
asm/code/code_0600C0.s:803: Warning: section does not have enough alignment to ensure safe PC-relative loads
asm/code/code_0580C0.s:1581: Warning: section does not have enough alignment to ensure safe PC-relative loads
asm/code/code_0580C0.s:1591: Warning: section does not have enough alignment to ensure safe PC-relative loads
asm/code/code_0500C0.s:11590: Warning: section does not have enough alignment to ensure safe PC-relative loads
asm/code/code_0600C0.s:811: Warning: section does not have enough alignment to ensure safe PC-relative loads
asm/code/code_0600C0.s:870: Warning: section does not have enough alignment to ensure safe PC-relative loads
asm/code/code_0580C0.s:1594: Warning: section does not have enough alignment to ensure safe PC-relative loads
asm/code/code_0580C0.s:1599: Warning: section does not have enough alignment to ensure safe PC-relative loads
asm/code/code_0500C0.s:11593: Warning: section does not have enough alignment to ensure safe PC-relative loads
asm/code/code_0500C0.s:11633: Warning: section does not have enough alignment to ensure safe PC-relative loads
asm/code/code_0600C0.s:879: Warning: section does not have enough alignment to ensure safe PC-relative loads
asm/code/code_0600C0.s:928: Warning: section does not have enough alignment to ensure safe PC-relative loads
asm/code/code_0580C0.s:1605: Warning: section does not have enough alignment to ensure safe PC-relative loads
asm/code/code_0580C0.s:1608: Warning: section does not have enough alignment to ensure safe PC-relative loads
asm/code/code_0500C0.s:11726: Warning: section does not have enough alignment to ensure safe PC-relative loads
asm/code/code_0600C0.s:944: Warning: section does not have enough alignment to ensure safe PC-relative loads
asm/code/code_0600C0.s:963: Warning: section does not have enough alignment to ensure safe PC-relative loads
asm/code/code_0580C0.s:1620: Warning: section does not have enough alignment to ensure safe PC-relative loads
asm/code/code_0580C0.s:1624: Warning: section does not have enough alignment to ensure safe PC-relative loads
asm/code/code_0500C0.s:11767: Warning: section does not have enough alignment to ensure safe PC-relative loads
asm/code/code_0500C0.s:11776: Warning: section does not have enough alignment to ensure safe PC-relative loads
asm/code/code_0600C0.s:967: Warning: section does not have enough alignment to ensure safe PC-relative loads
asm/code/code_0580C0.s:1630: Warning: section does not have enough alignment to ensure safe PC-relative loads
asm/code/code_0580C0.s:1637: Warning: section does not have enough alignment to ensure safe PC-relative loads
asm/code/code_0500C0.s:11777: Warning: section does not have enough alignment to ensure safe PC-relative loads
asm/code/code_0500C0.s:11785: Warning: section does not have enough alignment to ensure safe PC-relative loads
asm/code/code_0600C0.s:980: Warning: section does not have enough alignment to ensure safe PC-relative loads
asm/code/code_0600C0.s:983: Warning: section does not have enough alignment to ensure safe PC-relative loads
asm/code/code_0580C0.s:1673: Warning: section does not have enough alignment to ensure safe PC-relative loads
asm/code/code_0580C0.s:1711: Warning: section does not have enough alignment to ensure safe PC-relative loads
asm/code/code_0500C0.s:11808: Warning: section does not have enough alignment to ensure safe PC-relative loads
asm/code/code_0500C0.s:11926: Warning: section does not have enough alignment to ensure safe PC-relative loads
asm/code/code_0600C0.s:990: Warning: section does not have enough alignment to ensure safe PC-relative loads
asm/code/code_0600C0.s:1005: Warning: section does not have enough alignment to ensure safe PC-relative loads
asm/code/code_0580C0.s:1739: Warning: section does not have enough alignment to ensure safe PC-relative loads
asm/code/code_0580C0.s:1742: Warning: section does not have enough alignment to ensure safe PC-relative loads
asm/code/code_0500C0.s:11967: Warning: section does not have enough alignment to ensure safe PC-relative loads
asm/code/code_0500C0.s:11992: Warning: section does not have enough alignment to ensure safe PC-relative loads
asm/code/code_0600C0.s:1013: Warning: section does not have enough alignment to ensure safe PC-relative loads
asm/code/code_0600C0.s:1019: Warning: section does not have enough alignment to ensure safe PC-relative loads
asm/code/code_0580C0.s:1745: Warning: section does not have enough alignment to ensure safe PC-relative loads
asm/code/code_0580C0.s:1746: Warning: section does not have enough alignment to ensure safe PC-relative loads
asm/code/code_0500C0.s:12011: Warning: section does not have enough alignment to ensure safe PC-relative loads
asm/code/code_0500C0.s:12029: Warning: section does not have enough alignment to ensure safe PC-relative loads
asm/code/code_0600C0.s:1043: Warning: section does not have enough alignment to ensure safe PC-relative loads
asm/code/code_0600C0.s:1055: Warning: section does not have enough alignment to ensure safe PC-relative loads
asm/code/code_0580C0.s:1750: Warning: section does not have enough alignment to ensure safe PC-relative loads
asm/code/code_0500C0.s:12088: Warning: section does not have enough alignment to ensure safe PC-relative loads
asm/code/code_0500C0.s:12132: Warning: section does not have enough alignment to ensure safe PC-relative loads
asm/code/code_0600C0.s:1072: Warning: section does not have enough alignment to ensure safe PC-relative loads
asm/code/code_0600C0.s:1074: Warning: section does not have enough alignment to ensure safe PC-relative loads
asm/code/code_0580C0.s:1757: Warning: section does not have enough alignment to ensure safe PC-relative loads
asm/code/code_0580C0.s:1769: Warning: section does not have enough alignment to ensure safe PC-relative loads
asm/code/code_0500C0.s:12138: Warning: section does not have enough alignment to ensure safe PC-relative loads
asm/code/code_0600C0.s:1102: Warning: section does not have enough alignment to ensure safe PC-relative loads
asm/code/code_0600C0.s:1109: Warning: section does not have enough alignment to ensure safe PC-relative loads
asm/code/code_0580C0.s:1772: Warning: section does not have enough alignment to ensure safe PC-relative loads
asm/code/code_0580C0.s:1775: Warning: section does not have enough alignment to ensure safe PC-relative loads
asm/code/code_0500C0.s:12140: Warning: section does not have enough alignment to ensure safe PC-relative loads
asm/code/code_0500C0.s:12142: Warning: section does not have enough alignment to ensure safe PC-relative loads
asm/code/code_0600C0.s:1127: Warning: section does not have enough alignment to ensure safe PC-relative loads
asm/code/code_0600C0.s:1130: Warning: section does not have enough alignment to ensure safe PC-relative loads
asm/code/code_0580C0.s:1778: Warning: section does not have enough alignment to ensure safe PC-relative loads
asm/code/code_0580C0.s:1792: Warning: section does not have enough alignment to ensure safe PC-relative loads
asm/code/code_0500C0.s:12144: Warning: section does not have enough alignment to ensure safe PC-relative loads
asm/code/code_0500C0.s:12146: Warning: section does not have enough alignment to ensure safe PC-relative loads
asm/code/code_0600C0.s:1138: Warning: section does not have enough alignment to ensure safe PC-relative loads
asm/code/code_0600C0.s:1167: Warning: section does not have enough alignment to ensure safe PC-relative loads
asm/code/code_0580C0.s:1859: Warning: section does not have enough alignment to ensure safe PC-relative loads
asm/code/code_0500C0.s:12148: Warning: section does not have enough alignment to ensure safe PC-relative loads
asm/code/code_0500C0.s:12150: Warning: section does not have enough alignment to ensure safe PC-relative loads
asm/code/code_0600C0.s:1176: Warning: section does not have enough alignment to ensure safe PC-relative loads
asm/code/code_0600C0.s:1183: Warning: section does not have enough alignment to ensure safe PC-relative loads
asm/code/code_0580C0.s:1862: Warning: section does not have enough alignment to ensure safe PC-relative loads
asm/code/code_0580C0.s:1907: Warning: section does not have enough alignment to ensure safe PC-relative loads
asm/code/code_0500C0.s:12164: Warning: section does not have enough alignment to ensure safe PC-relative loads
asm/code/code_0500C0.s:12178: Warning: section does not have enough alignment to ensure safe PC-relative loads
asm/code/code_0600C0.s:1192: Warning: section does not have enough alignment to ensure safe PC-relative loads
asm/code/code_0580C0.s:1910: Warning: section does not have enough alignment to ensure safe PC-relative loads
asm/code/code_0580C0.s:1912: Warning: section does not have enough alignment to ensure safe PC-relative loads
asm/code/code_0500C0.s:12182: Warning: section does not have enough alignment to ensure safe PC-relative loads
asm/code/code_0500C0.s:12183: Warning: section does not have enough alignment to ensure safe PC-relative loads
asm/code/code_0600C0.s:1194: Warning: section does not have enough alignment to ensure safe PC-relative loads
asm/code/code_0600C0.s:1204: Warning: section does not have enough alignment to ensure safe PC-relative loads
asm/code/code_0580C0.s:1941: Warning: section does not have enough alignment to ensure safe PC-relative loads
asm/code/code_0580C0.s:1989: Warning: section does not have enough alignment to ensure safe PC-relative loads
asm/code/code_0500C0.s:12258: Warning: section does not have enough alignment to ensure safe PC-relative loads
asm/code/code_0600C0.s:1292: Warning: section does not have enough alignment to ensure safe PC-relative loads
asm/code/code_0600C0.s:1327: Warning: section does not have enough alignment to ensure safe PC-relative loads
asm/code/code_0580C0.s:1997: Warning: section does not have enough alignment to ensure safe PC-relative loads
asm/code/code_0500C0.s:12271: Warning: section does not have enough alignment to ensure safe PC-relative loads
asm/code/code_0500C0.s:12291: Warning: section does not have enough alignment to ensure safe PC-relative loads
asm/code/code_0600C0.s:1334: Warning: section does not have enough alignment to ensure safe PC-relative loads
asm/code/code_0600C0.s:1365: Warning: section does not have enough alignment to ensure safe PC-relative loads
asm/code/code_0580C0.s:2038: Warning: section does not have enough alignment to ensure safe PC-relative loads
asm/code/code_0580C0.s:2055: Warning: section does not have enough alignment to ensure safe PC-relative loads
asm/code/code_0500C0.s:12315: Warning: section does not have enough alignment to ensure safe PC-relative loads
asm/code/code_0500C0.s:12316: Warning: section does not have enough alignment to ensure safe PC-relative loads
asm/code/code_0600C0.s:1372: Warning: section does not have enough alignment to ensure safe PC-relative loads
asm/code/code_0600C0.s:1374: Warning: section does not have enough alignment to ensure safe PC-relative loads
asm/code/code_0580C0.s:2099: Warning: section does not have enough alignment to ensure safe PC-relative loads
asm/code/code_0580C0.s:2116: Warning: section does not have enough alignment to ensure safe PC-relative loads
asm/code/code_0500C0.s:12348: Warning: section does not have enough alignment to ensure safe PC-relative loads
asm/code/code_0500C0.s:12362: Warning: section does not have enough alignment to ensure safe PC-relative loads
asm/code/code_0600C0.s:1396: Warning: section does not have enough alignment to ensure safe PC-relative loads
asm/code/code_0600C0.s:1402: Warning: section does not have enough alignment to ensure safe PC-relative loads
asm/code/code_0580C0.s:2178: Warning: section does not have enough alignment to ensure safe PC-relative loads
asm/code/code_0580C0.s:2218: Warning: section does not have enough alignment to ensure safe PC-relative loads
asm/code/code_0500C0.s:12369: Warning: section does not have enough alignment to ensure safe PC-relative loads
asm/code/code_0600C0.s:1419: Warning: section does not have enough alignment to ensure safe PC-relative loads
asm/code/code_0580C0.s:2226: Warning: section does not have enough alignment to ensure safe PC-relative loads
asm/code/code_0500C0.s:12417: Warning: section does not have enough alignment to ensure safe PC-relative loads
asm/code/code_0600C0.s:1436: Warning: section does not have enough alignment to ensure safe PC-relative loads
asm/code/code_0600C0.s:1437: Warning: section does not have enough alignment to ensure safe PC-relative loads
asm/code/code_0580C0.s:2350: Warning: section does not have enough alignment to ensure safe PC-relative loads
asm/code/code_0580C0.s:2357: Warning: section does not have enough alignment to ensure safe PC-relative loads
asm/code/code_0500C0.s:12450: Warning: section does not have enough alignment to ensure safe PC-relative loads
asm/code/code_0500C0.s:12462: Warning: section does not have enough alignment to ensure safe PC-relative loads
asm/code/code_0600C0.s:1440: Warning: section does not have enough alignment to ensure safe PC-relative loads
asm/code/code_0600C0.s:1546: Warning: section does not have enough alignment to ensure safe PC-relative loads
asm/code/code_0580C0.s:2363: Warning: section does not have enough alignment to ensure safe PC-relative loads
asm/code/code_0580C0.s:2397: Warning: section does not have enough alignment to ensure safe PC-relative loads
asm/code/code_0500C0.s:12472: Warning: section does not have enough alignment to ensure safe PC-relative loads
asm/code/code_0600C0.s:1580: Warning: section does not have enough alignment to ensure safe PC-relative loads
asm/code/code_0600C0.s:1633: Warning: section does not have enough alignment to ensure safe PC-relative loads
asm/code/code_0580C0.s:2407: Warning: section does not have enough alignment to ensure safe PC-relative loads
asm/code/code_0500C0.s:12503: Warning: section does not have enough alignment to ensure safe PC-relative loads
asm/code/code_0500C0.s:12504: Warning: section does not have enough alignment to ensure safe PC-relative loads
asm/code/code_0600C0.s:1635: Warning: section does not have enough alignment to ensure safe PC-relative loads
asm/code/code_0600C0.s:1637: Warning: section does not have enough alignment to ensure safe PC-relative loads
asm/code/code_0580C0.s:2412: Warning: section does not have enough alignment to ensure safe PC-relative loads
asm/code/code_0580C0.s:2417: Warning: section does not have enough alignment to ensure safe PC-relative loads
asm/code/code_0500C0.s:12516: Warning: section does not have enough alignment to ensure safe PC-relative loads
asm/code/code_0500C0.s:12533: Warning: section does not have enough alignment to ensure safe PC-relative loads
asm/code/code_0600C0.s:1641: Warning: section does not have enough alignment to ensure safe PC-relative loads
asm/code/code_0580C0.s:2422: Warning: section does not have enough alignment to ensure safe PC-relative loads
asm/code/code_0580C0.s:2454: Warning: section does not have enough alignment to ensure safe PC-relative loads
asm/code/code_0500C0.s:12536: Warning: section does not have enough alignment to ensure safe PC-relative loads
asm/code/code_0500C0.s:12539: Warning: section does not have enough alignment to ensure safe PC-relative loads
asm/code/code_0600C0.s:1674: Warning: section does not have enough alignment to ensure safe PC-relative loads
asm/code/code_0600C0.s:1677: Warning: section does not have enough alignment to ensure safe PC-relative loads
asm/code/code_0580C0.s:2537: Warning: section does not have enough alignment to ensure safe PC-relative loads
asm/code/code_0580C0.s:2543: Warning: section does not have enough alignment to ensure safe PC-relative loads
asm/code/code_0500C0.s:12544: Warning: section does not have enough alignment to ensure safe PC-relative loads
asm/code/code_0600C0.s:1741: Warning: section does not have enough alignment to ensure safe PC-relative loads
asm/code/code_0600C0.s:1797: Warning: section does not have enough alignment to ensure safe PC-relative loads
asm/code/code_0580C0.s:2558: Warning: section does not have enough alignment to ensure safe PC-relative loads
asm/code/code_0580C0.s:2578: Warning: section does not have enough alignment to ensure safe PC-relative loads
asm/code/code_0500C0.s:12598: Warning: section does not have enough alignment to ensure safe PC-relative loads
asm/code/code_0600C0.s:1844: Warning: section does not have enough alignment to ensure safe PC-relative loads
asm/code/code_0600C0.s:1860: Warning: section does not have enough alignment to ensure safe PC-relative loads
asm/code/code_0580C0.s:2601: Warning: section does not have enough alignment to ensure safe PC-relative loads
asm/code/code_0500C0.s:12607: Warning: section does not have enough alignment to ensure safe PC-relative loads
asm/code/code_0500C0.s:12624: Warning: section does not have enough alignment to ensure safe PC-relative loads
asm/code/code_0600C0.s:1904: Warning: section does not have enough alignment to ensure safe PC-relative loads
asm/code/code_0600C0.s:1908: Warning: section does not have enough alignment to ensure safe PC-relative loads
asm/code/code_0580C0.s:2632: Warning: section does not have enough alignment to ensure safe PC-relative loads
asm/code/code_0500C0.s:12679: Warning: section does not have enough alignment to ensure safe PC-relative loads
asm/code/code_0500C0.s:12686: Warning: section does not have enough alignment to ensure safe PC-relative loads
asm/code/code_0600C0.s:1916: Warning: section does not have enough alignment to ensure safe PC-relative loads
asm/code/code_0580C0.s:2638: Warning: section does not have enough alignment to ensure safe PC-relative loads
asm/code/code_0580C0.s:2653: Warning: section does not have enough alignment to ensure safe PC-relative loads
asm/code/code_0500C0.s:12731: Warning: section does not have enough alignment to ensure safe PC-relative loads
asm/code/code_0600C0.s:1933: Warning: section does not have enough alignment to ensure safe PC-relative loads
asm/code/code_0600C0.s:2004: Warning: section does not have enough alignment to ensure safe PC-relative loads
asm/code/code_0580C0.s:2661: Warning: section does not have enough alignment to ensure safe PC-relative loads
asm/code/code_0580C0.s:2673: Warning: section does not have enough alignment to ensure safe PC-relative loads
asm/code/code_0500C0.s:12813: Warning: section does not have enough alignment to ensure safe PC-relative loads
asm/code/code_0500C0.s:12822: Warning: section does not have enough alignment to ensure safe PC-relative loads
asm/code/code_0600C0.s:2103: Warning: section does not have enough alignment to ensure safe PC-relative loads
asm/code/code_0600C0.s:2108: Warning: section does not have enough alignment to ensure safe PC-relative loads
asm/code/code_0580C0.s:2704: Warning: section does not have enough alignment to ensure safe PC-relative loads
asm/code/code_0580C0.s:2714: Warning: section does not have enough alignment to ensure safe PC-relative loads
asm/code/code_0500C0.s:12834: Warning: section does not have enough alignment to ensure safe PC-relative loads
asm/code/code_0500C0.s:12836: Warning: section does not have enough alignment to ensure safe PC-relative loads
asm/code/code_0600C0.s:2192: Warning: section does not have enough alignment to ensure safe PC-relative loads
asm/code/code_0600C0.s:2201: Warning: section does not have enough alignment to ensure safe PC-relative loads
asm/code/code_0580C0.s:2775: Warning: section does not have enough alignment to ensure safe PC-relative loads
asm/code/code_0500C0.s:12840: Warning: section does not have enough alignment to ensure safe PC-relative loads
asm/code/code_0500C0.s:12844: Warning: section does not have enough alignment to ensure safe PC-relative loads
asm/code/code_0600C0.s:2205: Warning: section does not have enough alignment to ensure safe PC-relative loads
asm/code/code_0600C0.s:2210: Warning: section does not have enough alignment to ensure safe PC-relative loads
asm/code/code_0580C0.s:2786: Warning: section does not have enough alignment to ensure safe PC-relative loads
asm/code/code_0580C0.s:2795: Warning: section does not have enough alignment to ensure safe PC-relative loads
asm/code/code_0500C0.s:12849: Warning: section does not have enough alignment to ensure safe PC-relative loads
asm/code/code_0500C0.s:12854: Warning: section does not have enough alignment to ensure safe PC-relative loads
asm/code/code_0600C0.s:2216: Warning: section does not have enough alignment to ensure safe PC-relative loads
asm/code/code_0600C0.s:2357: Warning: section does not have enough alignment to ensure safe PC-relative loads
asm/code/code_0580C0.s:2798: Warning: section does not have enough alignment to ensure safe PC-relative loads
asm/code/code_0500C0.s:12857: Warning: section does not have enough alignment to ensure safe PC-relative loads
asm/code/code_0500C0.s:12859: Warning: section does not have enough alignment to ensure safe PC-relative loads
asm/code/code_0600C0.s:2482: Warning: section does not have enough alignment to ensure safe PC-relative loads
asm/code/code_0600C0.s:2517: Warning: section does not have enough alignment to ensure safe PC-relative loads
asm/code/code_0580C0.s:2842: Warning: section does not have enough alignment to ensure safe PC-relative loads
asm/code/code_0500C0.s:12866: Warning: section does not have enough alignment to ensure safe PC-relative loads
asm/code/code_0500C0.s:12869: Warning: section does not have enough alignment to ensure safe PC-relative loads
asm/code/code_0600C0.s:2559: Warning: section does not have enough alignment to ensure safe PC-relative loads
asm/code/code_0600C0.s:2575: Warning: section does not have enough alignment to ensure safe PC-relative loads
asm/code/code_0580C0.s:2848: Warning: section does not have enough alignment to ensure safe PC-relative loads
asm/code/code_0580C0.s:2857: Warning: section does not have enough alignment to ensure safe PC-relative loads
asm/code/code_0500C0.s:12873: Warning: section does not have enough alignment to ensure safe PC-relative loads
asm/code/code_0500C0.s:12875: Warning: section does not have enough alignment to ensure safe PC-relative loads
asm/code/code_0600C0.s:2579: Warning: section does not have enough alignment to ensure safe PC-relative loads
asm/code/code_0600C0.s:2615: Warning: section does not have enough alignment to ensure safe PC-relative loads
asm/code/code_0580C0.s:2865: Warning: section does not have enough alignment to ensure safe PC-relative loads
asm/code/code_0580C0.s:2875: Warning: section does not have enough alignment to ensure safe PC-relative loads
asm/code/code_0500C0.s:12877: Warning: section does not have enough alignment to ensure safe PC-relative loads
asm/code/code_0500C0.s:12882: Warning: section does not have enough alignment to ensure safe PC-relative loads
asm/code/code_0600C0.s:2625: Warning: section does not have enough alignment to ensure safe PC-relative loads
asm/code/code_0600C0.s:2647: Warning: section does not have enough alignment to ensure safe PC-relative loads
asm/code/code_0580C0.s:2914: Warning: section does not have enough alignment to ensure safe PC-relative loads
asm/code/code_0580C0.s:2951: Warning: section does not have enough alignment to ensure safe PC-relative loads
asm/code/code_0500C0.s:12885: Warning: section does not have enough alignment to ensure safe PC-relative loads
asm/code/code_0500C0.s:12898: Warning: section does not have enough alignment to ensure safe PC-relative loads
asm/code/code_0600C0.s:2658: Warning: section does not have enough alignment to ensure safe PC-relative loads
asm/code/code_0600C0.s:2675: Warning: section does not have enough alignment to ensure safe PC-relative loads
asm/code/code_0580C0.s:2960: Warning: section does not have enough alignment to ensure safe PC-relative loads
asm/code/code_0580C0.s:2982: Warning: section does not have enough alignment to ensure safe PC-relative loads
asm/code/code_0500C0.s:12908: Warning: section does not have enough alignment to ensure safe PC-relative loads
asm/code/code_0500C0.s:13003: Warning: section does not have enough alignment to ensure safe PC-relative loads
asm/code/code_0600C0.s:2691: Warning: section does not have enough alignment to ensure safe PC-relative loads
asm/code/code_0600C0.s:2707: Warning: section does not have enough alignment to ensure safe PC-relative loads
asm/code/code_0580C0.s:2991: Warning: section does not have enough alignment to ensure safe PC-relative loads
asm/code/code_0580C0.s:2994: Warning: section does not have enough alignment to ensure safe PC-relative loads
asm/code/code_0500C0.s:13005: Warning: section does not have enough alignment to ensure safe PC-relative loads
asm/code/code_0500C0.s:13040: Warning: section does not have enough alignment to ensure safe PC-relative loads
asm/code/code_0600C0.s:2722: Warning: section does not have enough alignment to ensure safe PC-relative loads
asm/code/code_0600C0.s:2724: Warning: section does not have enough alignment to ensure safe PC-relative loads
asm/code/code_0580C0.s:3035: Warning: section does not have enough alignment to ensure safe PC-relative loads
asm/code/code_0580C0.s:3041: Warning: section does not have enough alignment to ensure safe PC-relative loads
asm/code/code_0500C0.s:13041: Warning: section does not have enough alignment to ensure safe PC-relative loads
asm/code/code_0500C0.s:13042: Warning: section does not have enough alignment to ensure safe PC-relative loads
asm/code/code_0600C0.s:2795: Warning: section does not have enough alignment to ensure safe PC-relative loads
asm/code/code_0600C0.s:2847: Warning: section does not have enough alignment to ensure safe PC-relative loads
asm/code/code_0580C0.s:3049: Warning: section does not have enough alignment to ensure safe PC-relative loads
asm/code/code_0580C0.s:3056: Warning: section does not have enough alignment to ensure safe PC-relative loads
asm/code/code_0500C0.s:13049: Warning: section does not have enough alignment to ensure safe PC-relative loads
asm/code/code_0500C0.s:13056: Warning: section does not have enough alignment to ensure safe PC-relative loads
asm/code/code_0600C0.s:2853: Warning: section does not have enough alignment to ensure safe PC-relative loads
asm/code/code_0600C0.s:2855: Warning: section does not have enough alignment to ensure safe PC-relative loads
asm/code/code_0580C0.s:3058: Warning: section does not have enough alignment to ensure safe PC-relative loads
asm/code/code_0580C0.s:3060: Warning: section does not have enough alignment to ensure safe PC-relative loads
asm/code/code_0500C0.s:13098: Warning: section does not have enough alignment to ensure safe PC-relative loads
asm/code/code_0500C0.s:13470: Warning: section does not have enough alignment to ensure safe PC-relative loads
asm/code/code_0600C0.s:2862: Warning: section does not have enough alignment to ensure safe PC-relative loads
asm/code/code_0600C0.s:2864: Warning: section does not have enough alignment to ensure safe PC-relative loads
asm/code/code_0580C0.s:3068: Warning: section does not have enough alignment to ensure safe PC-relative loads
asm/code/code_0580C0.s:3070: Warning: section does not have enough alignment to ensure safe PC-relative loads
asm/code/code_0500C0.s:13511: Warning: section does not have enough alignment to ensure safe PC-relative loads
asm/code/code_0600C0.s:2866: Warning: section does not have enough alignment to ensure safe PC-relative loads
asm/code/code_0580C0.s:3072: Warning: section does not have enough alignment to ensure safe PC-relative loads
asm/code/code_0580C0.s:3077: Warning: section does not have enough alignment to ensure safe PC-relative loads
asm/code/code_0500C0.s:13570: Warning: section does not have enough alignment to ensure safe PC-relative loads
asm/code/code_0500C0.s:13571: Warning: section does not have enough alignment to ensure safe PC-relative loads
asm/code/code_0600C0.s:2868: Warning: section does not have enough alignment to ensure safe PC-relative loads
asm/code/code_0600C0.s:2870: Warning: section does not have enough alignment to ensure safe PC-relative loads
asm/code/code_0580C0.s:3104: Warning: section does not have enough alignment to ensure safe PC-relative loads
asm/code/code_0580C0.s:3169: Warning: section does not have enough alignment to ensure safe PC-relative loads
asm/code/code_0500C0.s:13575: Warning: section does not have enough alignment to ensure safe PC-relative loads
asm/code/code_0500C0.s:13676: Warning: section does not have enough alignment to ensure safe PC-relative loads
asm/code/code_0600C0.s:2872: Warning: section does not have enough alignment to ensure safe PC-relative loads
asm/code/code_0600C0.s:2874: Warning: section does not have enough alignment to ensure safe PC-relative loads
asm/code/code_0580C0.s:3175: Warning: section does not have enough alignment to ensure safe PC-relative loads
asm/code/code_0500C0.s:13679: Warning: section does not have enough alignment to ensure safe PC-relative loads
asm/code/code_0500C0.s:13724: Warning: section does not have enough alignment to ensure safe PC-relative loads
asm/code/code_0600C0.s:2888: Warning: section does not have enough alignment to ensure safe PC-relative loads
asm/code/code_0600C0.s:2897: Warning: section does not have enough alignment to ensure safe PC-relative loads
asm/code/code_0580C0.s:3179: Warning: section does not have enough alignment to ensure safe PC-relative loads
asm/code/code_0500C0.s:13727: Warning: section does not have enough alignment to ensure safe PC-relative loads
asm/code/code_0500C0.s:13789: Warning: section does not have enough alignment to ensure safe PC-relative loads
asm/code/code_0600C0.s:2898: Warning: section does not have enough alignment to ensure safe PC-relative loads
asm/code/code_0600C0.s:2903: Warning: section does not have enough alignment to ensure safe PC-relative loads
asm/code/code_0580C0.s:3229: Warning: section does not have enough alignment to ensure safe PC-relative loads
asm/code/code_0580C0.s:3234: Warning: section does not have enough alignment to ensure safe PC-relative loads
asm/code/code_0500C0.s:13790: Warning: section does not have enough alignment to ensure safe PC-relative loads
asm/code/code_0500C0.s:13801: Warning: section does not have enough alignment to ensure safe PC-relative loads
asm/code/code_0600C0.s:2904: Warning: section does not have enough alignment to ensure safe PC-relative loads
asm/code/code_0600C0.s:2911: Warning: section does not have enough alignment to ensure safe PC-relative loads
asm/code/code_0580C0.s:3253: Warning: section does not have enough alignment to ensure safe PC-relative loads
asm/code/code_0580C0.s:3262: Warning: section does not have enough alignment to ensure safe PC-relative loads
asm/code/code_0500C0.s:13823: Warning: section does not have enough alignment to ensure safe PC-relative loads
asm/code/code_0500C0.s:13824: Warning: section does not have enough alignment to ensure safe PC-relative loads
asm/code/code_0600C0.s:2989: Warning: section does not have enough alignment to ensure safe PC-relative loads
asm/code/code_0600C0.s:2994: Warning: section does not have enough alignment to ensure safe PC-relative loads
asm/code/code_0580C0.s:3272: Warning: section does not have enough alignment to ensure safe PC-relative loads
asm/code/code_0580C0.s:3292: Warning: section does not have enough alignment to ensure safe PC-relative loads
asm/code/code_0500C0.s:13835: Warning: section does not have enough alignment to ensure safe PC-relative loads
asm/code/code_0500C0.s:13860: Warning: section does not have enough alignment to ensure safe PC-relative loads
asm/code/code_0600C0.s:2997: Warning: section does not have enough alignment to ensure safe PC-relative loads
asm/code/code_0600C0.s:3000: Warning: section does not have enough alignment to ensure safe PC-relative loads
asm/code/code_0580C0.s:3295: Warning: section does not have enough alignment to ensure safe PC-relative loads
asm/code/code_0500C0.s:13861: Warning: section does not have enough alignment to ensure safe PC-relative loads
asm/code/code_0500C0.s:13864: Warning: section does not have enough alignment to ensure safe PC-relative loads
asm/code/code_0600C0.s:3004: Warning: section does not have enough alignment to ensure safe PC-relative loads
asm/code/code_0580C0.s:3357: Warning: section does not have enough alignment to ensure safe PC-relative loads
asm/code/code_0580C0.s:3414: Warning: section does not have enough alignment to ensure safe PC-relative loads
asm/code/code_0500C0.s:13890: Warning: section does not have enough alignment to ensure safe PC-relative loads
asm/code/code_0500C0.s:13891: Warning: section does not have enough alignment to ensure safe PC-relative loads
asm/code/code_0600C0.s:3019: Warning: section does not have enough alignment to ensure safe PC-relative loads
asm/code/code_0600C0.s:3041: Warning: section does not have enough alignment to ensure safe PC-relative loads
asm/code/code_0580C0.s:3429: Warning: section does not have enough alignment to ensure safe PC-relative loads
asm/code/code_0580C0.s:3434: Warning: section does not have enough alignment to ensure safe PC-relative loads
asm/code/code_0500C0.s:13918: Warning: section does not have enough alignment to ensure safe PC-relative loads
asm/code/code_0500C0.s:13921: Warning: section does not have enough alignment to ensure safe PC-relative loads
asm/code/code_0600C0.s:3049: Warning: section does not have enough alignment to ensure safe PC-relative loads
asm/code/code_0600C0.s:3051: Warning: section does not have enough alignment to ensure safe PC-relative loads
asm/code/code_0580C0.s:3455: Warning: section does not have enough alignment to ensure safe PC-relative loads
asm/code/code_0580C0.s:3483: Warning: section does not have enough alignment to ensure safe PC-relative loads
asm/code/code_0500C0.s:13951: Warning: section does not have enough alignment to ensure safe PC-relative loads
asm/code/code_0500C0.s:13952: Warning: section does not have enough alignment to ensure safe PC-relative loads
asm/code/code_0600C0.s:3053: Warning: section does not have enough alignment to ensure safe PC-relative loads
asm/code/code_0600C0.s:3056: Warning: section does not have enough alignment to ensure safe PC-relative loads
asm/code/code_0580C0.s:3486: Warning: section does not have enough alignment to ensure safe PC-relative loads
asm/code/code_0580C0.s:3489: Warning: section does not have enough alignment to ensure safe PC-relative loads
asm/code/code_0500C0.s:13975: Warning: section does not have enough alignment to ensure safe PC-relative loads
asm/code/code_0500C0.s:14014: Warning: section does not have enough alignment to ensure safe PC-relative loads
asm/code/code_0600C0.s:3060: Warning: section does not have enough alignment to ensure safe PC-relative loads
asm/code/code_0600C0.s:3070: Warning: section does not have enough alignment to ensure safe PC-relative loads
asm/code/code_0580C0.s:3498: Warning: section does not have enough alignment to ensure safe PC-relative loads
asm/code/code_0580C0.s:3500: Warning: section does not have enough alignment to ensure safe PC-relative loads
asm/code/code_0500C0.s:14015: Warning: section does not have enough alignment to ensure safe PC-relative loads
asm/code/code_0600C0.s:3072: Warning: section does not have enough alignment to ensure safe PC-relative loads
asm/code/code_0580C0.s:3515: Warning: section does not have enough alignment to ensure safe PC-relative loads
asm/code/code_0500C0.s:14048: Warning: section does not have enough alignment to ensure safe PC-relative loads
asm/code/code_0500C0.s:14087: Warning: section does not have enough alignment to ensure safe PC-relative loads
asm/code/code_0600C0.s:3076: Warning: section does not have enough alignment to ensure safe PC-relative loads
asm/code/code_0580C0.s:3531: Warning: section does not have enough alignment to ensure safe PC-relative loads
asm/code/code_0580C0.s:3533: Warning: section does not have enough alignment to ensure safe PC-relative loads
asm/code/code_0500C0.s:14088: Warning: section does not have enough alignment to ensure safe PC-relative loads
asm/code/code_0500C0.s:14091: Warning: section does not have enough alignment to ensure safe PC-relative loads
asm/code/code_0600C0.s:3079: Warning: section does not have enough alignment to ensure safe PC-relative loads
asm/code/code_0600C0.s:3085: Warning: section does not have enough alignment to ensure safe PC-relative loads
asm/code/code_0580C0.s:3550: Warning: section does not have enough alignment to ensure safe PC-relative loads
asm/code/code_0580C0.s:3622: Warning: section does not have enough alignment to ensure safe PC-relative loads
asm/code/code_0500C0.s:14094: Warning: section does not have enough alignment to ensure safe PC-relative loads
asm/code/code_0500C0.s:14127: Warning: section does not have enough alignment to ensure safe PC-relative loads
asm/code/code_0600C0.s:3103: Warning: section does not have enough alignment to ensure safe PC-relative loads
asm/code/code_0580C0.s:3631: Warning: section does not have enough alignment to ensure safe PC-relative loads
asm/code/code_0500C0.s:14128: Warning: section does not have enough alignment to ensure safe PC-relative loads
asm/code/code_0500C0.s:14131: Warning: section does not have enough alignment to ensure safe PC-relative loads
asm/code/code_0600C0.s:3107: Warning: section does not have enough alignment to ensure safe PC-relative loads
asm/code/code_0600C0.s:3112: Warning: section does not have enough alignment to ensure safe PC-relative loads
asm/code/code_0580C0.s:3670: Warning: section does not have enough alignment to ensure safe PC-relative loads
asm/code/code_0500C0.s:14139: Warning: section does not have enough alignment to ensure safe PC-relative loads
asm/code/code_0500C0.s:14173: Warning: section does not have enough alignment to ensure safe PC-relative loads
asm/code/code_0600C0.s:3142: Warning: section does not have enough alignment to ensure safe PC-relative loads
asm/code/code_0600C0.s:3150: Warning: section does not have enough alignment to ensure safe PC-relative loads
asm/code/code_0580C0.s:3733: Warning: section does not have enough alignment to ensure safe PC-relative loads
asm/code/code_0580C0.s:3747: Warning: section does not have enough alignment to ensure safe PC-relative loads
asm/code/code_0500C0.s:14174: Warning: section does not have enough alignment to ensure safe PC-relative loads
asm/code/code_0500C0.s:14197: Warning: section does not have enough alignment to ensure safe PC-relative loads
asm/code/code_0600C0.s:3152: Warning: section does not have enough alignment to ensure safe PC-relative loads
asm/code/code_0600C0.s:3154: Warning: section does not have enough alignment to ensure safe PC-relative loads
asm/code/code_0580C0.s:3758: Warning: section does not have enough alignment to ensure safe PC-relative loads
asm/code/code_0500C0.s:14230: Warning: section does not have enough alignment to ensure safe PC-relative loads
asm/code/code_0500C0.s:14240: Warning: section does not have enough alignment to ensure safe PC-relative loads
asm/code/code_0600C0.s:3172: Warning: section does not have enough alignment to ensure safe PC-relative loads
asm/code/code_0600C0.s:3268: Warning: section does not have enough alignment to ensure safe PC-relative loads
asm/code/code_0580C0.s:3768: Warning: section does not have enough alignment to ensure safe PC-relative loads
asm/code/code_0580C0.s:3837: Warning: section does not have enough alignment to ensure safe PC-relative loads
asm/code/code_0500C0.s:14282: Warning: section does not have enough alignment to ensure safe PC-relative loads
asm/code/code_0500C0.s:14293: Warning: section does not have enough alignment to ensure safe PC-relative loads
asm/code/code_0600C0.s:3269: Warning: section does not have enough alignment to ensure safe PC-relative loads
asm/code/code_0600C0.s:3275: Warning: section does not have enough alignment to ensure safe PC-relative loads
asm/code/code_0580C0.s:3840: Warning: section does not have enough alignment to ensure safe PC-relative loads
asm/code/code_0580C0.s:3844: Warning: section does not have enough alignment to ensure safe PC-relative loads
asm/code/code_0500C0.s:14367: Warning: section does not have enough alignment to ensure safe PC-relative loads
asm/code/code_0500C0.s:14370: Warning: section does not have enough alignment to ensure safe PC-relative loads
asm/code/code_0600C0.s:3294: Warning: section does not have enough alignment to ensure safe PC-relative loads
asm/code/code_0600C0.s:3304: Warning: section does not have enough alignment to ensure safe PC-relative loads
asm/code/code_0580C0.s:3846: Warning: section does not have enough alignment to ensure safe PC-relative loads
asm/code/code_0580C0.s:3848: Warning: section does not have enough alignment to ensure safe PC-relative loads
asm/code/code_0500C0.s:14390: Warning: section does not have enough alignment to ensure safe PC-relative loads
asm/code/code_0500C0.s:14405: Warning: section does not have enough alignment to ensure safe PC-relative loads
asm/code/code_0600C0.s:3322: Warning: section does not have enough alignment to ensure safe PC-relative loads
asm/code/code_0600C0.s:3344: Warning: section does not have enough alignment to ensure safe PC-relative loads
asm/code/code_0580C0.s:3853: Warning: section does not have enough alignment to ensure safe PC-relative loads
asm/code/code_0580C0.s:3884: Warning: section does not have enough alignment to ensure safe PC-relative loads
asm/code/code_0500C0.s:14420: Warning: section does not have enough alignment to ensure safe PC-relative loads
asm/code/code_0500C0.s:14434: Warning: section does not have enough alignment to ensure safe PC-relative loads
asm/code/code_0600C0.s:3351: Warning: section does not have enough alignment to ensure safe PC-relative loads
asm/code/code_0600C0.s:3368: Warning: section does not have enough alignment to ensure safe PC-relative loads
asm/code/code_0580C0.s:3955: Warning: section does not have enough alignment to ensure safe PC-relative loads
asm/code/code_0580C0.s:3958: Warning: section does not have enough alignment to ensure safe PC-relative loads
asm/code/code_0500C0.s:14453: Warning: section does not have enough alignment to ensure safe PC-relative loads
asm/code/code_0500C0.s:14472: Warning: section does not have enough alignment to ensure safe PC-relative loads
asm/code/code_0600C0.s:3372: Warning: section does not have enough alignment to ensure safe PC-relative loads
asm/code/code_0600C0.s:3410: Warning: section does not have enough alignment to ensure safe PC-relative loads
asm/code/code_0580C0.s:3967: Warning: section does not have enough alignment to ensure safe PC-relative loads
asm/code/code_0580C0.s:3969: Warning: section does not have enough alignment to ensure safe PC-relative loads
asm/code/code_0500C0.s:14491: Warning: section does not have enough alignment to ensure safe PC-relative loads
asm/code/code_0500C0.s:14512: Warning: section does not have enough alignment to ensure safe PC-relative loads
asm/code/code_0600C0.s:3423: Warning: section does not have enough alignment to ensure safe PC-relative loads
asm/code/code_0600C0.s:3431: Warning: section does not have enough alignment to ensure safe PC-relative loads
asm/code/code_0580C0.s:3983: Warning: section does not have enough alignment to ensure safe PC-relative loads
asm/code/code_0580C0.s:3993: Warning: section does not have enough alignment to ensure safe PC-relative loads
asm/code/code_0500C0.s:14528: Warning: section does not have enough alignment to ensure safe PC-relative loads
asm/code/code_0500C0.s:14547: Warning: section does not have enough alignment to ensure safe PC-relative loads
asm/code/code_0600C0.s:3477: Warning: section does not have enough alignment to ensure safe PC-relative loads
asm/code/code_0580C0.s:4026: Warning: section does not have enough alignment to ensure safe PC-relative loads
asm/code/code_0580C0.s:4067: Warning: section does not have enough alignment to ensure safe PC-relative loads
asm/code/code_0500C0.s:14572: Warning: section does not have enough alignment to ensure safe PC-relative loads
asm/code/code_0500C0.s:14635: Warning: section does not have enough alignment to ensure safe PC-relative loads
asm/code/code_0600C0.s:3490: Warning: section does not have enough alignment to ensure safe PC-relative loads
asm/code/code_0600C0.s:3494: Warning: section does not have enough alignment to ensure safe PC-relative loads
asm/code/code_0580C0.s:4070: Warning: section does not have enough alignment to ensure safe PC-relative loads
asm/code/code_0580C0.s:4078: Warning: section does not have enough alignment to ensure safe PC-relative loads
asm/code/code_0500C0.s:14636: Warning: section does not have enough alignment to ensure safe PC-relative loads
asm/code/code_0500C0.s:14639: Warning: section does not have enough alignment to ensure safe PC-relative loads
asm/code/code_0600C0.s:3501: Warning: section does not have enough alignment to ensure safe PC-relative loads
asm/code/code_0600C0.s:3671: Warning: section does not have enough alignment to ensure safe PC-relative loads
asm/code/code_0580C0.s:4087: Warning: section does not have enough alignment to ensure safe PC-relative loads
asm/code/code_0580C0.s:4094: Warning: section does not have enough alignment to ensure safe PC-relative loads
asm/code/code_0500C0.s:14766: Warning: section does not have enough alignment to ensure safe PC-relative loads
asm/code/code_0500C0.s:14784: Warning: section does not have enough alignment to ensure safe PC-relative loads
asm/code/code_0600C0.s:3673: Warning: section does not have enough alignment to ensure safe PC-relative loads
asm/code/code_0580C0.s:4109: Warning: section does not have enough alignment to ensure safe PC-relative loads
asm/code/code_0580C0.s:4125: Warning: section does not have enough alignment to ensure safe PC-relative loads
asm/code/code_0500C0.s:14792: Warning: section does not have enough alignment to ensure safe PC-relative loads
asm/code/code_0500C0.s:14793: Warning: section does not have enough alignment to ensure safe PC-relative loads
asm/code/code_0600C0.s:3724: Warning: section does not have enough alignment to ensure safe PC-relative loads
asm/code/code_0600C0.s:3725: Warning: section does not have enough alignment to ensure safe PC-relative loads
asm/code/code_0580C0.s:4132: Warning: section does not have enough alignment to ensure safe PC-relative loads
asm/code/code_0580C0.s:4144: Warning: section does not have enough alignment to ensure safe PC-relative loads
asm/code/code_0500C0.s:14796: Warning: section does not have enough alignment to ensure safe PC-relative loads
asm/code/code_0600C0.s:3783: Warning: section does not have enough alignment to ensure safe PC-relative loads
asm/code/code_0580C0.s:4165: Warning: section does not have enough alignment to ensure safe PC-relative loads
asm/code/code_0580C0.s:4170: Warning: section does not have enough alignment to ensure safe PC-relative loads
asm/code/code_0500C0.s:14848: Warning: section does not have enough alignment to ensure safe PC-relative loads
asm/code/code_0600C0.s:4150: Warning: section does not have enough alignment to ensure safe PC-relative loads
asm/code/code_0580C0.s:4173: Warning: section does not have enough alignment to ensure safe PC-relative loads
asm/code/code_0580C0.s:4177: Warning: section does not have enough alignment to ensure safe PC-relative loads
asm/code/code_0500C0.s:14952: Warning: section does not have enough alignment to ensure safe PC-relative loads
asm/code/code_0500C0.s:14953: Warning: section does not have enough alignment to ensure safe PC-relative loads
asm/code/code_0600C0.s:4186: Warning: section does not have enough alignment to ensure safe PC-relative loads
asm/code/code_0600C0.s:4187: Warning: section does not have enough alignment to ensure safe PC-relative loads
asm/code/code_0580C0.s:4187: Warning: section does not have enough alignment to ensure safe PC-relative loads
asm/code/code_0580C0.s:4191: Warning: section does not have enough alignment to ensure safe PC-relative loads
asm/code/code_0500C0.s:14957: Warning: section does not have enough alignment to ensure safe PC-relative loads
asm/code/code_0600C0.s:4193: Warning: section does not have enough alignment to ensure safe PC-relative loads
asm/code/code_0600C0.s:4196: Warning: section does not have enough alignment to ensure safe PC-relative loads
asm/code/code_0580C0.s:4195: Warning: section does not have enough alignment to ensure safe PC-relative loads
asm/code/code_0500C0.s:15023: Warning: section does not have enough alignment to ensure safe PC-relative loads
asm/code/code_0500C0.s:15024: Warning: section does not have enough alignment to ensure safe PC-relative loads
asm/code/code_0600C0.s:4199: Warning: section does not have enough alignment to ensure safe PC-relative loads
asm/code/code_0600C0.s:4204: Warning: section does not have enough alignment to ensure safe PC-relative loads
asm/code/code_0580C0.s:4430: Warning: section does not have enough alignment to ensure safe PC-relative loads
asm/code/code_0500C0.s:15027: Warning: section does not have enough alignment to ensure safe PC-relative loads
asm/code/code_0600C0.s:4213: Warning: section does not have enough alignment to ensure safe PC-relative loads
asm/code/code_0580C0.s:4472: Warning: section does not have enough alignment to ensure safe PC-relative loads
asm/code/code_0500C0.s:15170: Warning: section does not have enough alignment to ensure safe PC-relative loads
asm/code/code_0500C0.s:15171: Warning: section does not have enough alignment to ensure safe PC-relative loads
asm/code/code_0600C0.s:4234: Warning: section does not have enough alignment to ensure safe PC-relative loads
asm/code/code_0600C0.s:4242: Warning: section does not have enough alignment to ensure safe PC-relative loads
asm/code/code_0580C0.s:4534: Warning: section does not have enough alignment to ensure safe PC-relative loads
asm/code/code_0580C0.s:4576: Warning: section does not have enough alignment to ensure safe PC-relative loads
asm/code/code_0500C0.s:15174: Warning: section does not have enough alignment to ensure safe PC-relative loads
asm/code/code_0600C0.s:4353: Warning: section does not have enough alignment to ensure safe PC-relative loads
asm/code/code_0600C0.s:4356: Warning: section does not have enough alignment to ensure safe PC-relative loads
asm/code/code_0580C0.s:4595: Warning: section does not have enough alignment to ensure safe PC-relative loads
asm/code/code_0500C0.s:15200: Warning: section does not have enough alignment to ensure safe PC-relative loads
asm/code/code_0600C0.s:4358: Warning: section does not have enough alignment to ensure safe PC-relative loads
asm/code/code_0600C0.s:4362: Warning: section does not have enough alignment to ensure safe PC-relative loads
asm/code/code_0580C0.s:4604: Warning: section does not have enough alignment to ensure safe PC-relative loads
asm/code/code_0580C0.s:4614: Warning: section does not have enough alignment to ensure safe PC-relative loads
asm/code/code_0500C0.s:15201: Warning: section does not have enough alignment to ensure safe PC-relative loads
asm/code/code_0500C0.s:15204: Warning: section does not have enough alignment to ensure safe PC-relative loads
asm/code/code_0600C0.s:4391: Warning: section does not have enough alignment to ensure safe PC-relative loads
asm/code/code_0600C0.s:4439: Warning: section does not have enough alignment to ensure safe PC-relative loads
asm/code/code_0580C0.s:4618: Warning: section does not have enough alignment to ensure safe PC-relative loads
asm/code/code_0580C0.s:4628: Warning: section does not have enough alignment to ensure safe PC-relative loads
asm/code/code_0500C0.s:15236: Warning: section does not have enough alignment to ensure safe PC-relative loads
asm/code/code_0500C0.s:15237: Warning: section does not have enough alignment to ensure safe PC-relative loads
asm/code/code_0600C0.s:4447: Warning: section does not have enough alignment to ensure safe PC-relative loads
asm/code/code_0600C0.s:4483: Warning: section does not have enough alignment to ensure safe PC-relative loads
asm/code/code_0580C0.s:4644: Warning: section does not have enough alignment to ensure safe PC-relative loads
asm/code/code_0580C0.s:4663: Warning: section does not have enough alignment to ensure safe PC-relative loads
asm/code/code_0500C0.s:15240: Warning: section does not have enough alignment to ensure safe PC-relative loads
asm/code/code_0500C0.s:15267: Warning: section does not have enough alignment to ensure safe PC-relative loads
asm/code/code_0600C0.s:4500: Warning: section does not have enough alignment to ensure safe PC-relative loads
asm/code/code_0600C0.s:4554: Warning: section does not have enough alignment to ensure safe PC-relative loads
asm/code/code_0580C0.s:4664: Warning: section does not have enough alignment to ensure safe PC-relative loads
asm/code/code_0580C0.s:4672: Warning: section does not have enough alignment to ensure safe PC-relative loads
asm/code/code_0500C0.s:15268: Warning: section does not have enough alignment to ensure safe PC-relative loads
asm/code/code_0600C0.s:4571: Warning: section does not have enough alignment to ensure safe PC-relative loads
asm/code/code_0600C0.s:4619: Warning: section does not have enough alignment to ensure safe PC-relative loads
asm/code/code_0580C0.s:4677: Warning: section does not have enough alignment to ensure safe PC-relative loads
asm/code/code_0580C0.s:4805: Warning: section does not have enough alignment to ensure safe PC-relative loads
asm/code/code_0500C0.s:15271: Warning: section does not have enough alignment to ensure safe PC-relative loads
asm/code/code_0500C0.s:15314: Warning: section does not have enough alignment to ensure safe PC-relative loads
asm/code/code_0600C0.s:4627: Warning: section does not have enough alignment to ensure safe PC-relative loads
asm/code/code_0580C0.s:4838: Warning: section does not have enough alignment to ensure safe PC-relative loads
asm/code/code_0500C0.s:15315: Warning: section does not have enough alignment to ensure safe PC-relative loads
asm/code/code_0500C0.s:15318: Warning: section does not have enough alignment to ensure safe PC-relative loads
asm/code/code_0600C0.s:4661: Warning: section does not have enough alignment to ensure safe PC-relative loads
asm/code/code_0600C0.s:4667: Warning: section does not have enough alignment to ensure safe PC-relative loads
asm/code/code_0580C0.s:4867: Warning: section does not have enough alignment to ensure safe PC-relative loads
asm/code/code_0580C0.s:4873: Warning: section does not have enough alignment to ensure safe PC-relative loads
asm/code/code_0500C0.s:15355: Warning: section does not have enough alignment to ensure safe PC-relative loads
asm/code/code_0600C0.s:4672: Warning: section does not have enough alignment to ensure safe PC-relative loads
asm/code/code_0580C0.s:4878: Warning: section does not have enough alignment to ensure safe PC-relative loads
asm/code/code_0500C0.s:15356: Warning: section does not have enough alignment to ensure safe PC-relative loads
asm/code/code_0500C0.s:15360: Warning: section does not have enough alignment to ensure safe PC-relative loads
asm/code/code_0600C0.s:4689: Warning: section does not have enough alignment to ensure safe PC-relative loads
asm/code/code_0600C0.s:4697: Warning: section does not have enough alignment to ensure safe PC-relative loads
asm/code/code_0580C0.s:4887: Warning: section does not have enough alignment to ensure safe PC-relative loads
asm/code/code_0580C0.s:4909: Warning: section does not have enough alignment to ensure safe PC-relative loads
asm/code/code_0500C0.s:15645: Warning: section does not have enough alignment to ensure safe PC-relative loads
asm/code/code_0600C0.s:4868: Warning: section does not have enough alignment to ensure safe PC-relative loads
asm/code/code_0600C0.s:4885: Warning: section does not have enough alignment to ensure safe PC-relative loads
asm/code/code_0580C0.s:4926: Warning: section does not have enough alignment to ensure safe PC-relative loads
asm/code/code_0500C0.s:15646: Warning: section does not have enough alignment to ensure safe PC-relative loads
asm/code/code_0500C0.s:15649: Warning: section does not have enough alignment to ensure safe PC-relative loads
asm/code/code_0600C0.s:4906: Warning: section does not have enough alignment to ensure safe PC-relative loads
asm/code/code_0600C0.s:4920: Warning: section does not have enough alignment to ensure safe PC-relative loads
asm/code/code_0580C0.s:4938: Warning: section does not have enough alignment to ensure safe PC-relative loads
asm/code/code_0500C0.s:15662: Warning: section does not have enough alignment to ensure safe PC-relative loads
asm/code/code_0600C0.s:4923: Warning: section does not have enough alignment to ensure safe PC-relative loads
asm/code/code_0580C0.s:4958: Warning: section does not have enough alignment to ensure safe PC-relative loads
asm/code/code_0500C0.s:15718: Warning: section does not have enough alignment to ensure safe PC-relative loads
asm/code/code_0500C0.s:15719: Warning: section does not have enough alignment to ensure safe PC-relative loads
asm/code/code_0600C0.s:4927: Warning: section does not have enough alignment to ensure safe PC-relative loads
asm/code/code_0600C0.s:4939: Warning: section does not have enough alignment to ensure safe PC-relative loads
asm/code/code_0580C0.s:4969: Warning: section does not have enough alignment to ensure safe PC-relative loads
asm/code/code_0500C0.s:15722: Warning: section does not have enough alignment to ensure safe PC-relative loads
asm/code/code_0600C0.s:4967: Warning: section does not have enough alignment to ensure safe PC-relative loads
asm/code/code_0600C0.s:4972: Warning: section does not have enough alignment to ensure safe PC-relative loads
asm/code/code_0580C0.s:4978: Warning: section does not have enough alignment to ensure safe PC-relative loads
asm/code/code_0580C0.s:4985: Warning: section does not have enough alignment to ensure safe PC-relative loads
asm/code/code_0500C0.s:15732: Warning: section does not have enough alignment to ensure safe PC-relative loads
asm/code/code_0600C0.s:5033: Warning: section does not have enough alignment to ensure safe PC-relative loads
asm/code/code_0580C0.s:5002: Warning: section does not have enough alignment to ensure safe PC-relative loads
asm/code/code_0580C0.s:5007: Warning: section does not have enough alignment to ensure safe PC-relative loads
asm/code/code_0500C0.s:15763: Warning: section does not have enough alignment to ensure safe PC-relative loads
asm/code/code_0600C0.s:5078: Warning: section does not have enough alignment to ensure safe PC-relative loads
asm/code/code_0600C0.s:5109: Warning: section does not have enough alignment to ensure safe PC-relative loads
asm/code/code_0580C0.s:5014: Warning: section does not have enough alignment to ensure safe PC-relative loads
asm/code/code_0580C0.s:5090: Warning: section does not have enough alignment to ensure safe PC-relative loads
asm/code/code_0500C0.s:15764: Warning: section does not have enough alignment to ensure safe PC-relative loads
asm/code/code_0500C0.s:15767: Warning: section does not have enough alignment to ensure safe PC-relative loads
asm/code/code_0600C0.s:5120: Warning: section does not have enough alignment to ensure safe PC-relative loads
asm/code/code_0580C0.s:5139: Warning: section does not have enough alignment to ensure safe PC-relative loads
asm/code/code_0580C0.s:5145: Warning: section does not have enough alignment to ensure safe PC-relative loads
asm/code/code_0500C0.s:15779: Warning: section does not have enough alignment to ensure safe PC-relative loads
asm/code/code_0600C0.s:5133: Warning: section does not have enough alignment to ensure safe PC-relative loads
asm/code/code_0600C0.s:5137: Warning: section does not have enough alignment to ensure safe PC-relative loads
asm/code/code_0580C0.s:5147: Warning: section does not have enough alignment to ensure safe PC-relative loads
asm/code/code_0580C0.s:5149: Warning: section does not have enough alignment to ensure safe PC-relative loads
asm/code/code_0500C0.s:15808: Warning: section does not have enough alignment to ensure safe PC-relative loads
asm/code/code_0500C0.s:15809: Warning: section does not have enough alignment to ensure safe PC-relative loads
asm/code/code_0600C0.s:5184: Warning: section does not have enough alignment to ensure safe PC-relative loads
asm/code/code_0600C0.s:5187: Warning: section does not have enough alignment to ensure safe PC-relative loads
asm/code/code_0580C0.s:5151: Warning: section does not have enough alignment to ensure safe PC-relative loads
asm/code/code_0580C0.s:5153: Warning: section does not have enough alignment to ensure safe PC-relative loads
asm/code/code_0500C0.s:15813: Warning: section does not have enough alignment to ensure safe PC-relative loads
asm/code/code_0600C0.s:5225: Warning: section does not have enough alignment to ensure safe PC-relative loads
asm/code/code_0580C0.s:5155: Warning: section does not have enough alignment to ensure safe PC-relative loads
asm/code/code_0580C0.s:5157: Warning: section does not have enough alignment to ensure safe PC-relative loads
asm/code/code_0500C0.s:15860: Warning: section does not have enough alignment to ensure safe PC-relative loads
asm/code/code_0500C0.s:15861: Warning: section does not have enough alignment to ensure safe PC-relative loads
asm/code/code_0600C0.s:5237: Warning: section does not have enough alignment to ensure safe PC-relative loads
asm/code/code_0600C0.s:5280: Warning: section does not have enough alignment to ensure safe PC-relative loads
asm/code/code_0580C0.s:5171: Warning: section does not have enough alignment to ensure safe PC-relative loads
asm/code/code_0580C0.s:5180: Warning: section does not have enough alignment to ensure safe PC-relative loads
asm/code/code_0500C0.s:15865: Warning: section does not have enough alignment to ensure safe PC-relative loads
asm/code/code_0500C0.s:15912: Warning: section does not have enough alignment to ensure safe PC-relative loads
asm/code/code_0600C0.s:5283: Warning: section does not have enough alignment to ensure safe PC-relative loads
asm/code/code_0600C0.s:5285: Warning: section does not have enough alignment to ensure safe PC-relative loads
asm/code/code_0580C0.s:5181: Warning: section does not have enough alignment to ensure safe PC-relative loads
asm/code/code_0580C0.s:5236: Warning: section does not have enough alignment to ensure safe PC-relative loads
asm/code/code_0500C0.s:15928: Warning: section does not have enough alignment to ensure safe PC-relative loads
asm/code/code_0600C0.s:5288: Warning: section does not have enough alignment to ensure safe PC-relative loads
asm/code/code_0600C0.s:5290: Warning: section does not have enough alignment to ensure safe PC-relative loads
asm/code/code_0580C0.s:5237: Warning: section does not have enough alignment to ensure safe PC-relative loads
asm/code/code_0580C0.s:5240: Warning: section does not have enough alignment to ensure safe PC-relative loads
asm/code/code_0500C0.s:15945: Warning: section does not have enough alignment to ensure safe PC-relative loads
asm/code/code_0500C0.s:15953: Warning: section does not have enough alignment to ensure safe PC-relative loads
asm/code/code_0600C0.s:5292: Warning: section does not have enough alignment to ensure safe PC-relative loads
asm/code/code_0600C0.s:5296: Warning: section does not have enough alignment to ensure safe PC-relative loads
asm/code/code_0580C0.s:5250: Warning: section does not have enough alignment to ensure safe PC-relative loads
asm/code/code_0580C0.s:5274: Warning: section does not have enough alignment to ensure safe PC-relative loads
asm/code/code_0500C0.s:15957: Warning: section does not have enough alignment to ensure safe PC-relative loads
asm/code/code_0500C0.s:15984: Warning: section does not have enough alignment to ensure safe PC-relative loads
asm/code/code_0600C0.s:5313: Warning: section does not have enough alignment to ensure safe PC-relative loads
asm/code/code_0600C0.s:5347: Warning: section does not have enough alignment to ensure safe PC-relative loads
asm/code/code_0580C0.s:5289: Warning: section does not have enough alignment to ensure safe PC-relative loads
asm/code/code_0580C0.s:5316: Warning: section does not have enough alignment to ensure safe PC-relative loads
asm/code/code_0500C0.s:15985: Warning: section does not have enough alignment to ensure safe PC-relative loads
asm/code/code_0500C0.s:16030: Warning: section does not have enough alignment to ensure safe PC-relative loads
asm/code/code_0600C0.s:5365: Warning: section does not have enough alignment to ensure safe PC-relative loads
asm/code/code_0600C0.s:5372: Warning: section does not have enough alignment to ensure safe PC-relative loads
asm/code/code_0580C0.s:5330: Warning: section does not have enough alignment to ensure safe PC-relative loads
asm/code/code_0580C0.s:5347: Warning: section does not have enough alignment to ensure safe PC-relative loads
asm/code/code_0500C0.s:16031: Warning: section does not have enough alignment to ensure safe PC-relative loads
asm/code/code_0500C0.s:16034: Warning: section does not have enough alignment to ensure safe PC-relative loads
asm/code/code_0600C0.s:5384: Warning: section does not have enough alignment to ensure safe PC-relative loads
asm/code/code_0600C0.s:5404: Warning: section does not have enough alignment to ensure safe PC-relative loads
asm/code/code_0580C0.s:5378: Warning: section does not have enough alignment to ensure safe PC-relative loads
asm/code/code_0580C0.s:5402: Warning: section does not have enough alignment to ensure safe PC-relative loads
asm/code/code_0500C0.s:16052: Warning: section does not have enough alignment to ensure safe PC-relative loads
asm/code/code_0500C0.s:16098: Warning: section does not have enough alignment to ensure safe PC-relative loads
asm/code/code_0600C0.s:5410: Warning: section does not have enough alignment to ensure safe PC-relative loads
asm/code/code_0600C0.s:5414: Warning: section does not have enough alignment to ensure safe PC-relative loads
asm/code/code_0580C0.s:5417: Warning: section does not have enough alignment to ensure safe PC-relative loads
asm/code/code_0580C0.s:5440: Warning: section does not have enough alignment to ensure safe PC-relative loads
asm/code/code_0500C0.s:16102: Warning: section does not have enough alignment to ensure safe PC-relative loads
asm/code/code_0500C0.s:16144: Warning: section does not have enough alignment to ensure safe PC-relative loads
asm/code/code_0600C0.s:5419: Warning: section does not have enough alignment to ensure safe PC-relative loads
asm/code/code_0600C0.s:5431: Warning: section does not have enough alignment to ensure safe PC-relative loads
asm/code/code_0580C0.s:5454: Warning: section does not have enough alignment to ensure safe PC-relative loads
asm/code/code_0580C0.s:5466: Warning: section does not have enough alignment to ensure safe PC-relative loads
asm/code/code_0500C0.s:16150: Warning: section does not have enough alignment to ensure safe PC-relative loads
asm/code/code_0500C0.s:16198: Warning: section does not have enough alignment to ensure safe PC-relative loads
asm/code/code_0600C0.s:5442: Warning: section does not have enough alignment to ensure safe PC-relative loads
asm/code/code_0580C0.s:5560: Warning: section does not have enough alignment to ensure safe PC-relative loads
asm/code/code_0580C0.s:5567: Warning: section does not have enough alignment to ensure safe PC-relative loads
asm/code/code_0500C0.s:16217: Warning: section does not have enough alignment to ensure safe PC-relative loads
asm/code/code_0500C0.s:16231: Warning: section does not have enough alignment to ensure safe PC-relative loads
asm/code/code_0600C0.s:5454: Warning: section does not have enough alignment to ensure safe PC-relative loads
asm/code/code_0600C0.s:5455: Warning: section does not have enough alignment to ensure safe PC-relative loads
asm/code/code_0580C0.s:5569: Warning: section does not have enough alignment to ensure safe PC-relative loads
asm/code/code_0580C0.s:5575: Warning: section does not have enough alignment to ensure safe PC-relative loads
asm/code/code_0500C0.s:16232: Warning: section does not have enough alignment to ensure safe PC-relative loads
asm/code/code_0500C0.s:16236: Warning: section does not have enough alignment to ensure safe PC-relative loads
asm/code/code_0600C0.s:5458: Warning: section does not have enough alignment to ensure safe PC-relative loads
asm/code/code_0600C0.s:5466: Warning: section does not have enough alignment to ensure safe PC-relative loads
asm/code/code_0580C0.s:5584: Warning: section does not have enough alignment to ensure safe PC-relative loads
asm/code/code_0580C0.s:5600: Warning: section does not have enough alignment to ensure safe PC-relative loads
asm/code/code_0500C0.s:16267: Warning: section does not have enough alignment to ensure safe PC-relative loads
asm/code/code_0500C0.s:16282: Warning: section does not have enough alignment to ensure safe PC-relative loads
asm/code/code_0600C0.s:5490: Warning: section does not have enough alignment to ensure safe PC-relative loads
asm/code/code_0600C0.s:5574: Warning: section does not have enough alignment to ensure safe PC-relative loads
asm/code/code_0580C0.s:5604: Warning: section does not have enough alignment to ensure safe PC-relative loads
asm/code/code_0580C0.s:5607: Warning: section does not have enough alignment to ensure safe PC-relative loads
asm/code/code_0500C0.s:16283: Warning: section does not have enough alignment to ensure safe PC-relative loads
asm/code/code_0500C0.s:16287: Warning: section does not have enough alignment to ensure safe PC-relative loads
asm/code/code_0600C0.s:5737: Warning: section does not have enough alignment to ensure safe PC-relative loads
asm/code/code_0580C0.s:5609: Warning: section does not have enough alignment to ensure safe PC-relative loads
asm/code/code_0580C0.s:5613: Warning: section does not have enough alignment to ensure safe PC-relative loads
asm/code/code_0500C0.s:16313: Warning: section does not have enough alignment to ensure safe PC-relative loads
asm/code/code_0500C0.s:16316: Warning: section does not have enough alignment to ensure safe PC-relative loads
asm/code/code_0600C0.s:5740: Warning: section does not have enough alignment to ensure safe PC-relative loads
asm/code/code_0600C0.s:5748: Warning: section does not have enough alignment to ensure safe PC-relative loads
asm/code/code_0580C0.s:5625: Warning: section does not have enough alignment to ensure safe PC-relative loads
asm/code/code_0580C0.s:5629: Warning: section does not have enough alignment to ensure safe PC-relative loads
asm/code/code_0500C0.s:16371: Warning: section does not have enough alignment to ensure safe PC-relative loads
asm/code/code_0600C0.s:5772: Warning: section does not have enough alignment to ensure safe PC-relative loads
asm/code/code_0600C0.s:5808: Warning: section does not have enough alignment to ensure safe PC-relative loads
asm/code/code_0580C0.s:5633: Warning: section does not have enough alignment to ensure safe PC-relative loads
asm/code/code_0580C0.s:5635: Warning: section does not have enough alignment to ensure safe PC-relative loads
asm/code/code_0500C0.s:16372: Warning: section does not have enough alignment to ensure safe PC-relative loads
asm/code/code_0500C0.s:16375: Warning: section does not have enough alignment to ensure safe PC-relative loads
asm/code/code_0600C0.s:5886: Warning: section does not have enough alignment to ensure safe PC-relative loads
asm/code/code_0600C0.s:6017: Warning: section does not have enough alignment to ensure safe PC-relative loads
asm/code/code_0580C0.s:5644: Warning: section does not have enough alignment to ensure safe PC-relative loads
asm/code/code_0580C0.s:5648: Warning: section does not have enough alignment to ensure safe PC-relative loads
asm/code/code_0500C0.s:16382: Warning: section does not have enough alignment to ensure safe PC-relative loads
asm/code/code_0500C0.s:16410: Warning: section does not have enough alignment to ensure safe PC-relative loads
asm/code/code_0600C0.s:6059: Warning: section does not have enough alignment to ensure safe PC-relative loads
asm/code/code_0580C0.s:5650: Warning: section does not have enough alignment to ensure safe PC-relative loads
asm/code/code_0580C0.s:5666: Warning: section does not have enough alignment to ensure safe PC-relative loads
asm/code/code_0500C0.s:16415: Warning: section does not have enough alignment to ensure safe PC-relative loads
asm/code/code_0500C0.s:16418: Warning: section does not have enough alignment to ensure safe PC-relative loads
asm/code/code_0600C0.s:6075: Warning: section does not have enough alignment to ensure safe PC-relative loads
asm/code/code_0580C0.s:5670: Warning: section does not have enough alignment to ensure safe PC-relative loads
asm/code/code_0580C0.s:5679: Warning: section does not have enough alignment to ensure safe PC-relative loads
asm/code/code_0500C0.s:16420: Warning: section does not have enough alignment to ensure safe PC-relative loads
asm/code/code_0500C0.s:16441: Warning: section does not have enough alignment to ensure safe PC-relative loads
asm/code/code_0600C0.s:6090: Warning: section does not have enough alignment to ensure safe PC-relative loads
asm/code/code_0600C0.s:6109: Warning: section does not have enough alignment to ensure safe PC-relative loads
asm/code/code_0580C0.s:5685: Warning: section does not have enough alignment to ensure safe PC-relative loads
asm/code/code_0580C0.s:5753: Warning: section does not have enough alignment to ensure safe PC-relative loads
asm/code/code_0500C0.s:16485: Warning: section does not have enough alignment to ensure safe PC-relative loads
asm/code/code_0500C0.s:16492: Warning: section does not have enough alignment to ensure safe PC-relative loads
asm/code/code_0600C0.s:6113: Warning: section does not have enough alignment to ensure safe PC-relative loads
asm/code/code_0600C0.s:6117: Warning: section does not have enough alignment to ensure safe PC-relative loads
asm/code/code_0580C0.s:5762: Warning: section does not have enough alignment to ensure safe PC-relative loads
asm/code/code_0580C0.s:5768: Warning: section does not have enough alignment to ensure safe PC-relative loads
asm/code/code_0500C0.s:16507: Warning: section does not have enough alignment to ensure safe PC-relative loads
asm/code/code_0500C0.s:16605: Warning: section does not have enough alignment to ensure safe PC-relative loads
asm/code/code_0600C0.s:6118: Warning: section does not have enough alignment to ensure safe PC-relative loads
asm/code/code_0600C0.s:6121: Warning: section does not have enough alignment to ensure safe PC-relative loads
asm/code/code_0580C0.s:5772: Warning: section does not have enough alignment to ensure safe PC-relative loads
asm/code/code_0500C0.s:16611: Warning: section does not have enough alignment to ensure safe PC-relative loads
asm/code/code_0600C0.s:6126: Warning: section does not have enough alignment to ensure safe PC-relative loads
asm/code/code_0600C0.s:6193: Warning: section does not have enough alignment to ensure safe PC-relative loads
asm/code/code_0580C0.s:5774: Warning: section does not have enough alignment to ensure safe PC-relative loads
asm/code/code_0580C0.s:5780: Warning: section does not have enough alignment to ensure safe PC-relative loads
asm/code/code_0500C0.s:16678: Warning: section does not have enough alignment to ensure safe PC-relative loads
asm/code/code_0500C0.s:16682: Warning: section does not have enough alignment to ensure safe PC-relative loads
asm/code/code_0600C0.s:6224: Warning: section does not have enough alignment to ensure safe PC-relative loads
asm/code/code_0580C0.s:5786: Warning: section does not have enough alignment to ensure safe PC-relative loads
asm/code/code_0500C0.s:16728: Warning: section does not have enough alignment to ensure safe PC-relative loads
asm/code/code_0500C0.s:16733: Warning: section does not have enough alignment to ensure safe PC-relative loads
asm/code/code_0600C0.s:6230: Warning: section does not have enough alignment to ensure safe PC-relative loads
asm/code/code_0600C0.s:6235: Warning: section does not have enough alignment to ensure safe PC-relative loads
asm/code/code_0580C0.s:5809: Warning: section does not have enough alignment to ensure safe PC-relative loads
asm/code/code_0580C0.s:5835: Warning: section does not have enough alignment to ensure safe PC-relative loads
asm/code/code_0500C0.s:16775: Warning: section does not have enough alignment to ensure safe PC-relative loads
asm/code/code_0500C0.s:16804: Warning: section does not have enough alignment to ensure safe PC-relative loads
asm/code/code_0600C0.s:6244: Warning: section does not have enough alignment to ensure safe PC-relative loads
asm/code/code_0600C0.s:6266: Warning: section does not have enough alignment to ensure safe PC-relative loads
asm/code/code_0580C0.s:5844: Warning: section does not have enough alignment to ensure safe PC-relative loads
asm/code/code_0580C0.s:5852: Warning: section does not have enough alignment to ensure safe PC-relative loads
asm/code/code_0500C0.s:16832: Warning: section does not have enough alignment to ensure safe PC-relative loads
asm/code/code_0500C0.s:16833: Warning: section does not have enough alignment to ensure safe PC-relative loads
asm/code/code_0600C0.s:6281: Warning: section does not have enough alignment to ensure safe PC-relative loads
asm/code/code_0580C0.s:5853: Warning: section does not have enough alignment to ensure safe PC-relative loads
asm/code/code_0580C0.s:5856: Warning: section does not have enough alignment to ensure safe PC-relative loads
asm/code/code_0500C0.s:16836: Warning: section does not have enough alignment to ensure safe PC-relative loads
asm/code/code_0500C0.s:16859: Warning: section does not have enough alignment to ensure safe PC-relative loads
asm/code/code_0600C0.s:6296: Warning: section does not have enough alignment to ensure safe PC-relative loads
asm/code/code_0600C0.s:6302: Warning: section does not have enough alignment to ensure safe PC-relative loads
asm/code/code_0580C0.s:5862: Warning: section does not have enough alignment to ensure safe PC-relative loads
asm/code/code_0500C0.s:16860: Warning: section does not have enough alignment to ensure safe PC-relative loads
asm/code/code_0500C0.s:16868: Warning: section does not have enough alignment to ensure safe PC-relative loads
asm/code/code_0600C0.s:6311: Warning: section does not have enough alignment to ensure safe PC-relative loads
asm/code/code_0600C0.s:6318: Warning: section does not have enough alignment to ensure safe PC-relative loads
asm/code/code_0580C0.s:5898: Warning: section does not have enough alignment to ensure safe PC-relative loads
asm/code/code_0580C0.s:5907: Warning: section does not have enough alignment to ensure safe PC-relative loads
asm/code/code_0500C0.s:17080: Warning: section does not have enough alignment to ensure safe PC-relative loads
asm/code/code_0500C0.s:17088: Warning: section does not have enough alignment to ensure safe PC-relative loads
asm/code/code_0600C0.s:6381: Warning: section does not have enough alignment to ensure safe PC-relative loads
asm/code/code_0580C0.s:5942: Warning: section does not have enough alignment to ensure safe PC-relative loads
asm/code/code_0500C0.s:17167: Warning: section does not have enough alignment to ensure safe PC-relative loads
asm/code/code_0600C0.s:6425: Warning: section does not have enough alignment to ensure safe PC-relative loads
asm/code/code_0600C0.s:6431: Warning: section does not have enough alignment to ensure safe PC-relative loads
asm/code/code_0580C0.s:6028: Warning: section does not have enough alignment to ensure safe PC-relative loads
asm/code/code_0500C0.s:17213: Warning: section does not have enough alignment to ensure safe PC-relative loads
asm/code/code_0500C0.s:17276: Warning: section does not have enough alignment to ensure safe PC-relative loads
asm/code/code_0600C0.s:6433: Warning: section does not have enough alignment to ensure safe PC-relative loads
asm/code/code_0600C0.s:6435: Warning: section does not have enough alignment to ensure safe PC-relative loads
asm/code/code_0580C0.s:6029: Warning: section does not have enough alignment to ensure safe PC-relative loads
asm/code/code_0580C0.s:6032: Warning: section does not have enough alignment to ensure safe PC-relative loads
asm/code/code_0500C0.s:17277: Warning: section does not have enough alignment to ensure safe PC-relative loads
asm/code/code_0600C0.s:6437: Warning: section does not have enough alignment to ensure safe PC-relative loads
asm/code/code_0580C0.s:6038: Warning: section does not have enough alignment to ensure safe PC-relative loads
asm/code/code_0500C0.s:17298: Warning: section does not have enough alignment to ensure safe PC-relative loads
asm/code/code_0500C0.s:17299: Warning: section does not have enough alignment to ensure safe PC-relative loads
asm/code/code_0600C0.s:6439: Warning: section does not have enough alignment to ensure safe PC-relative loads
asm/code/code_0600C0.s:6441: Warning: section does not have enough alignment to ensure safe PC-relative loads
asm/code/code_0580C0.s:6061: Warning: section does not have enough alignment to ensure safe PC-relative loads
asm/code/code_0580C0.s:6070: Warning: section does not have enough alignment to ensure safe PC-relative loads
asm/code/code_0500C0.s:17325: Warning: section does not have enough alignment to ensure safe PC-relative loads
asm/code/code_0500C0.s:17326: Warning: section does not have enough alignment to ensure safe PC-relative loads
asm/code/code_0600C0.s:6443: Warning: section does not have enough alignment to ensure safe PC-relative loads
asm/code/code_0600C0.s:6457: Warning: section does not have enough alignment to ensure safe PC-relative loads
asm/code/code_0580C0.s:6076: Warning: section does not have enough alignment to ensure safe PC-relative loads
asm/code/code_0580C0.s:6130: Warning: section does not have enough alignment to ensure safe PC-relative loads
asm/code/code_0500C0.s:17334: Warning: section does not have enough alignment to ensure safe PC-relative loads
asm/code/code_0500C0.s:17351: Warning: section does not have enough alignment to ensure safe PC-relative loads
asm/code/code_0600C0.s:6466: Warning: section does not have enough alignment to ensure safe PC-relative loads
asm/code/code_0600C0.s:6467: Warning: section does not have enough alignment to ensure safe PC-relative loads
asm/code/code_0580C0.s:6137: Warning: section does not have enough alignment to ensure safe PC-relative loads
asm/code/code_0580C0.s:6145: Warning: section does not have enough alignment to ensure safe PC-relative loads
asm/code/code_0500C0.s:17352: Warning: section does not have enough alignment to ensure safe PC-relative loads
asm/code/code_0500C0.s:17375: Warning: section does not have enough alignment to ensure safe PC-relative loads
asm/code/code_0600C0.s:6522: Warning: section does not have enough alignment to ensure safe PC-relative loads
asm/code/code_0580C0.s:6146: Warning: section does not have enough alignment to ensure safe PC-relative loads
asm/code/code_0580C0.s:6149: Warning: section does not have enough alignment to ensure safe PC-relative loads
asm/code/code_0500C0.s:17376: Warning: section does not have enough alignment to ensure safe PC-relative loads
asm/code/code_0600C0.s:6529: Warning: section does not have enough alignment to ensure safe PC-relative loads
asm/code/code_0580C0.s:6155: Warning: section does not have enough alignment to ensure safe PC-relative loads
asm/code/code_0580C0.s:6160: Warning: section does not have enough alignment to ensure safe PC-relative loads
asm/code/code_0500C0.s:17400: Warning: section does not have enough alignment to ensure safe PC-relative loads
asm/code/code_0500C0.s:17401: Warning: section does not have enough alignment to ensure safe PC-relative loads
asm/code/code_0600C0.s:6531: Warning: section does not have enough alignment to ensure safe PC-relative loads
asm/code/code_0580C0.s:6182: Warning: section does not have enough alignment to ensure safe PC-relative loads
asm/code/code_0500C0.s:17402: Warning: section does not have enough alignment to ensure safe PC-relative loads
asm/code/code_0500C0.s:17413: Warning: section does not have enough alignment to ensure safe PC-relative loads
asm/code/code_0600C0.s:6542: Warning: section does not have enough alignment to ensure safe PC-relative loads
asm/code/code_0600C0.s:6551: Warning: section does not have enough alignment to ensure safe PC-relative loads
asm/code/code_0580C0.s:6190: Warning: section does not have enough alignment to ensure safe PC-relative loads
asm/code/code_0580C0.s:6196: Warning: section does not have enough alignment to ensure safe PC-relative loads
asm/code/code_0500C0.s:17415: Warning: section does not have enough alignment to ensure safe PC-relative loads
asm/code/code_0500C0.s:17428: Warning: section does not have enough alignment to ensure safe PC-relative loads
asm/code/code_0600C0.s:6572: Warning: section does not have enough alignment to ensure safe PC-relative loads
asm/code/code_0580C0.s:6243: Warning: section does not have enough alignment to ensure safe PC-relative loads
asm/code/code_0580C0.s:6251: Warning: section does not have enough alignment to ensure safe PC-relative loads
asm/code/code_0500C0.s:17451: Warning: section does not have enough alignment to ensure safe PC-relative loads
asm/code/code_0500C0.s:17454: Warning: section does not have enough alignment to ensure safe PC-relative loads
asm/code/code_0600C0.s:6576: Warning: section does not have enough alignment to ensure safe PC-relative loads
asm/code/code_0600C0.s:6584: Warning: section does not have enough alignment to ensure safe PC-relative loads
asm/code/code_0580C0.s:6252: Warning: section does not have enough alignment to ensure safe PC-relative loads
asm/code/code_0580C0.s:6254: Warning: section does not have enough alignment to ensure safe PC-relative loads
asm/code/code_0500C0.s:17470: Warning: section does not have enough alignment to ensure safe PC-relative loads
asm/code/code_0500C0.s:17479: Warning: section does not have enough alignment to ensure safe PC-relative loads
asm/code/code_0600C0.s:6586: Warning: section does not have enough alignment to ensure safe PC-relative loads
asm/code/code_0580C0.s:6268: Warning: section does not have enough alignment to ensure safe PC-relative loads
asm/code/code_0580C0.s:6279: Warning: section does not have enough alignment to ensure safe PC-relative loads
asm/code/code_0500C0.s:17484: Warning: section does not have enough alignment to ensure safe PC-relative loads
asm/code/code_0500C0.s:17489: Warning: section does not have enough alignment to ensure safe PC-relative loads
asm/code/code_0600C0.s:6590: Warning: section does not have enough alignment to ensure safe PC-relative loads
asm/code/code_0600C0.s:6597: Warning: section does not have enough alignment to ensure safe PC-relative loads
asm/code/code_0580C0.s:6280: Warning: section does not have enough alignment to ensure safe PC-relative loads
asm/code/code_0500C0.s:17495: Warning: section does not have enough alignment to ensure safe PC-relative loads
asm/code/code_0500C0.s:17498: Warning: section does not have enough alignment to ensure safe PC-relative loads
asm/code/code_0600C0.s:6608: Warning: section does not have enough alignment to ensure safe PC-relative loads
asm/code/code_0600C0.s:6610: Warning: section does not have enough alignment to ensure safe PC-relative loads
asm/code/code_0580C0.s:6359: Warning: section does not have enough alignment to ensure safe PC-relative loads
asm/code/code_0580C0.s:6384: Warning: section does not have enough alignment to ensure safe PC-relative loads
asm/code/code_0500C0.s:17524: Warning: section does not have enough alignment to ensure safe PC-relative loads
asm/code/code_0500C0.s:17526: Warning: section does not have enough alignment to ensure safe PC-relative loads
asm/code/code_0600C0.s:6614: Warning: section does not have enough alignment to ensure safe PC-relative loads
asm/code/code_0600C0.s:6617: Warning: section does not have enough alignment to ensure safe PC-relative loads
asm/code/code_0580C0.s:6392: Warning: section does not have enough alignment to ensure safe PC-relative loads
asm/code/code_0580C0.s:6400: Warning: section does not have enough alignment to ensure safe PC-relative loads
asm/code/code_0500C0.s:17576: Warning: section does not have enough alignment to ensure safe PC-relative loads
asm/code/code_0500C0.s:17602: Warning: section does not have enough alignment to ensure safe PC-relative loads
asm/code/code_0600C0.s:6623: Warning: section does not have enough alignment to ensure safe PC-relative loads
asm/code/code_0600C0.s:6625: Warning: section does not have enough alignment to ensure safe PC-relative loads
asm/code/code_0580C0.s:6416: Warning: section does not have enough alignment to ensure safe PC-relative loads
asm/code/code_0580C0.s:6452: Warning: section does not have enough alignment to ensure safe PC-relative loads
asm/code/code_0500C0.s:17605: Warning: section does not have enough alignment to ensure safe PC-relative loads
asm/code/code_0500C0.s:17608: Warning: section does not have enough alignment to ensure safe PC-relative loads
asm/code/code_0600C0.s:6627: Warning: section does not have enough alignment to ensure safe PC-relative loads
asm/code/code_0580C0.s:6478: Warning: section does not have enough alignment to ensure safe PC-relative loads
asm/code/code_0580C0.s:6504: Warning: section does not have enough alignment to ensure safe PC-relative loads
asm/code/code_0500C0.s:17611: Warning: section does not have enough alignment to ensure safe PC-relative loads
asm/code/code_0500C0.s:17625: Warning: section does not have enough alignment to ensure safe PC-relative loads
asm/code/code_0600C0.s:6639: Warning: section does not have enough alignment to ensure safe PC-relative loads
asm/code/code_0600C0.s:6643: Warning: section does not have enough alignment to ensure safe PC-relative loads
asm/code/code_0580C0.s:6542: Warning: section does not have enough alignment to ensure safe PC-relative loads
asm/code/code_0500C0.s:17671: Warning: section does not have enough alignment to ensure safe PC-relative loads
asm/code/code_0600C0.s:6645: Warning: section does not have enough alignment to ensure safe PC-relative loads
asm/code/code_0580C0.s:6568: Warning: section does not have enough alignment to ensure safe PC-relative loads
asm/code/code_0500C0.s:17682: Warning: section does not have enough alignment to ensure safe PC-relative loads
asm/code/code_0500C0.s:17700: Warning: section does not have enough alignment to ensure safe PC-relative loads
asm/code/code_0600C0.s:6651: Warning: section does not have enough alignment to ensure safe PC-relative loads
asm/code/code_0600C0.s:6657: Warning: section does not have enough alignment to ensure safe PC-relative loads
asm/code/code_0580C0.s:6596: Warning: section does not have enough alignment to ensure safe PC-relative loads
asm/code/code_0500C0.s:17703: Warning: section does not have enough alignment to ensure safe PC-relative loads
asm/code/code_0600C0.s:6714: Warning: section does not have enough alignment to ensure safe PC-relative loads
asm/code/code_0600C0.s:6728: Warning: section does not have enough alignment to ensure safe PC-relative loads
asm/code/code_0580C0.s:6629: Warning: section does not have enough alignment to ensure safe PC-relative loads
asm/code/code_0580C0.s:6630: Warning: section does not have enough alignment to ensure safe PC-relative loads
asm/code/code_0500C0.s:17753: Warning: section does not have enough alignment to ensure safe PC-relative loads
asm/code/code_0500C0.s:17820: Warning: section does not have enough alignment to ensure safe PC-relative loads
asm/code/code_0600C0.s:6734: Warning: section does not have enough alignment to ensure safe PC-relative loads
asm/code/code_0600C0.s:6738: Warning: section does not have enough alignment to ensure safe PC-relative loads
asm/code/code_0580C0.s:6644: Warning: section does not have enough alignment to ensure safe PC-relative loads
asm/code/code_0580C0.s:6654: Warning: section does not have enough alignment to ensure safe PC-relative loads
asm/code/code_0500C0.s:17829: Warning: section does not have enough alignment to ensure safe PC-relative loads
asm/code/code_0500C0.s:17869: Warning: section does not have enough alignment to ensure safe PC-relative loads
asm/code/code_0600C0.s:6740: Warning: section does not have enough alignment to ensure safe PC-relative loads
asm/code/code_0580C0.s:6676: Warning: section does not have enough alignment to ensure safe PC-relative loads
asm/code/code_0580C0.s:6682: Warning: section does not have enough alignment to ensure safe PC-relative loads
asm/code/code_0500C0.s:17876: Warning: section does not have enough alignment to ensure safe PC-relative loads
asm/code/code_0600C0.s:6746: Warning: section does not have enough alignment to ensure safe PC-relative loads
asm/code/code_0600C0.s:6752: Warning: section does not have enough alignment to ensure safe PC-relative loads
asm/code/code_0580C0.s:6684: Warning: section does not have enough alignment to ensure safe PC-relative loads
asm/code/code_0500C0.s:17933: Warning: section does not have enough alignment to ensure safe PC-relative loads
asm/code/code_0600C0.s:6791: Warning: section does not have enough alignment to ensure safe PC-relative loads
asm/code/code_0600C0.s:6800: Warning: section does not have enough alignment to ensure safe PC-relative loads
asm/code/code_0580C0.s:6700: Warning: section does not have enough alignment to ensure safe PC-relative loads
asm/code/code_0580C0.s:6708: Warning: section does not have enough alignment to ensure safe PC-relative loads
asm/code/code_0500C0.s:17981: Warning: section does not have enough alignment to ensure safe PC-relative loads
asm/code/code_0500C0.s:17989: Warning: section does not have enough alignment to ensure safe PC-relative loads
asm/code/code_0600C0.s:6808: Warning: section does not have enough alignment to ensure safe PC-relative loads
asm/code/code_0580C0.s:6720: Warning: section does not have enough alignment to ensure safe PC-relative loads
asm/code/code_0580C0.s:6739: Warning: section does not have enough alignment to ensure safe PC-relative loads
asm/code/code_0500C0.s:18038: Warning: section does not have enough alignment to ensure safe PC-relative loads
asm/code/code_0600C0.s:6809: Warning: section does not have enough alignment to ensure safe PC-relative loads
asm/code/code_0580C0.s:6744: Warning: section does not have enough alignment to ensure safe PC-relative loads
asm/code/code_0580C0.s:6837: Warning: section does not have enough alignment to ensure safe PC-relative loads
asm/code/code_0500C0.s:18072: Warning: section does not have enough alignment to ensure safe PC-relative loads
asm/code/code_0500C0.s:18077: Warning: section does not have enough alignment to ensure safe PC-relative loads
asm/code/code_0600C0.s:6812: Warning: section does not have enough alignment to ensure safe PC-relative loads
asm/code/code_0580C0.s:6849: Warning: section does not have enough alignment to ensure safe PC-relative loads
asm/code/code_0580C0.s:6853: Warning: section does not have enough alignment to ensure safe PC-relative loads
asm/code/code_0500C0.s:18087: Warning: section does not have enough alignment to ensure safe PC-relative loads
asm/code/code_0500C0.s:18242: Warning: section does not have enough alignment to ensure safe PC-relative loads
asm/code/code_0600C0.s:6818: Warning: section does not have enough alignment to ensure safe PC-relative loads
asm/code/code_0600C0.s:6847: Warning: section does not have enough alignment to ensure safe PC-relative loads
asm/code/code_0580C0.s:6865: Warning: section does not have enough alignment to ensure safe PC-relative loads
asm/code/code_0580C0.s:6934: Warning: section does not have enough alignment to ensure safe PC-relative loads
asm/code/code_0500C0.s:18251: Warning: section does not have enough alignment to ensure safe PC-relative loads
asm/code/code_0500C0.s:18254: Warning: section does not have enough alignment to ensure safe PC-relative loads
asm/code/code_0600C0.s:6852: Warning: section does not have enough alignment to ensure safe PC-relative loads
asm/code/code_0600C0.s:6861: Warning: section does not have enough alignment to ensure safe PC-relative loads
asm/code/code_0580C0.s:6935: Warning: section does not have enough alignment to ensure safe PC-relative loads
asm/code/code_0580C0.s:6938: Warning: section does not have enough alignment to ensure safe PC-relative loads
asm/code/code_0500C0.s:18277: Warning: section does not have enough alignment to ensure safe PC-relative loads
asm/code/code_0600C0.s:6896: Warning: section does not have enough alignment to ensure safe PC-relative loads
asm/code/code_0600C0.s:6994: Warning: section does not have enough alignment to ensure safe PC-relative loads
asm/code/code_0580C0.s:6943: Warning: section does not have enough alignment to ensure safe PC-relative loads
asm/code/code_0500C0.s:18305: Warning: section does not have enough alignment to ensure safe PC-relative loads
asm/code/code_0600C0.s:6995: Warning: section does not have enough alignment to ensure safe PC-relative loads
asm/code/code_0600C0.s:6998: Warning: section does not have enough alignment to ensure safe PC-relative loads
asm/code/code_0580C0.s:6948: Warning: section does not have enough alignment to ensure safe PC-relative loads
asm/code/code_0580C0.s:6964: Warning: section does not have enough alignment to ensure safe PC-relative loads
asm/code/code_0500C0.s:18314: Warning: section does not have enough alignment to ensure safe PC-relative loads
asm/code/code_0500C0.s:18317: Warning: section does not have enough alignment to ensure safe PC-relative loads
asm/code/code_0600C0.s:7009: Warning: section does not have enough alignment to ensure safe PC-relative loads
asm/code/code_0600C0.s:7041: Warning: section does not have enough alignment to ensure safe PC-relative loads
asm/code/code_0580C0.s:6982: Warning: section does not have enough alignment to ensure safe PC-relative loads
asm/code/code_0500C0.s:18348: Warning: section does not have enough alignment to ensure safe PC-relative loads
asm/code/code_0500C0.s:18397: Warning: section does not have enough alignment to ensure safe PC-relative loads
asm/code/code_0600C0.s:7050: Warning: section does not have enough alignment to ensure safe PC-relative loads
asm/code/code_0600C0.s:7056: Warning: section does not have enough alignment to ensure safe PC-relative loads
asm/code/code_0580C0.s:6992: Warning: section does not have enough alignment to ensure safe PC-relative loads
asm/code/code_0580C0.s:7000: Warning: section does not have enough alignment to ensure safe PC-relative loads
asm/code/code_0500C0.s:18411: Warning: section does not have enough alignment to ensure safe PC-relative loads
asm/code/code_0500C0.s:18418: Warning: section does not have enough alignment to ensure safe PC-relative loads
asm/code/code_0600C0.s:7110: Warning: section does not have enough alignment to ensure safe PC-relative loads
asm/code/code_0600C0.s:7117: Warning: section does not have enough alignment to ensure safe PC-relative loads
asm/code/code_0580C0.s:7015: Warning: section does not have enough alignment to ensure safe PC-relative loads
asm/code/code_0580C0.s:7048: Warning: section does not have enough alignment to ensure safe PC-relative loads
asm/code/code_0600C0.s:7130: Warning: section does not have enough alignment to ensure safe PC-relative loads
asm/code/code_0580C0.s:7078: Warning: section does not have enough alignment to ensure safe PC-relative loads
asm/code/code_0600C0.s:7131: Warning: section does not have enough alignment to ensure safe PC-relative loads
asm/code/code_0600C0.s:7134: Warning: section does not have enough alignment to ensure safe PC-relative loads
asm/code/code_0580C0.s:7086: Warning: section does not have enough alignment to ensure safe PC-relative loads
asm/code/code_0580C0.s:7097: Warning: section does not have enough alignment to ensure safe PC-relative loads
asm/code/code_0600C0.s:7145: Warning: section does not have enough alignment to ensure safe PC-relative loads
asm/code/code_0600C0.s:7172: Warning: section does not have enough alignment to ensure safe PC-relative loads
asm/code/code_0580C0.s:7133: Warning: section does not have enough alignment to ensure safe PC-relative loads
asm/code/code_0580C0.s:7143: Warning: section does not have enough alignment to ensure safe PC-relative loads
asm/code/code_0600C0.s:7188: Warning: section does not have enough alignment to ensure safe PC-relative loads
asm/code/code_0600C0.s:7235: Warning: section does not have enough alignment to ensure safe PC-relative loads
asm/code/code_0580C0.s:7152: Warning: section does not have enough alignment to ensure safe PC-relative loads
asm/code/code_0580C0.s:7163: Warning: section does not have enough alignment to ensure safe PC-relative loads
asm/code/code_0600C0.s:7243: Warning: section does not have enough alignment to ensure safe PC-relative loads
asm/code/code_0600C0.s:7244: Warning: section does not have enough alignment to ensure safe PC-relative loads
asm/code/code_0580C0.s:7176: Warning: section does not have enough alignment to ensure safe PC-relative loads
asm/code/code_0580C0.s:7191: Warning: section does not have enough alignment to ensure safe PC-relative loads
asm/code/code_0600C0.s:7246: Warning: section does not have enough alignment to ensure safe PC-relative loads
asm/code/code_0600C0.s:7259: Warning: section does not have enough alignment to ensure safe PC-relative loads
asm/code/code_0580C0.s:7202: Warning: section does not have enough alignment to ensure safe PC-relative loads
asm/code/code_0580C0.s:7214: Warning: section does not have enough alignment to ensure safe PC-relative loads
asm/code/code_0600C0.s:7264: Warning: section does not have enough alignment to ensure safe PC-relative loads
asm/code/code_0600C0.s:7281: Warning: section does not have enough alignment to ensure safe PC-relative loads
asm/code/code_0580C0.s:7215: Warning: section does not have enough alignment to ensure safe PC-relative loads
asm/code/code_0580C0.s:7217: Warning: section does not have enough alignment to ensure safe PC-relative loads
asm/code/code_0600C0.s:7282: Warning: section does not have enough alignment to ensure safe PC-relative loads
asm/code/code_0580C0.s:7228: Warning: section does not have enough alignment to ensure safe PC-relative loads
asm/code/code_0580C0.s:7240: Warning: section does not have enough alignment to ensure safe PC-relative loads
asm/code/code_0600C0.s:7349: Warning: section does not have enough alignment to ensure safe PC-relative loads
asm/code/code_0580C0.s:7246: Warning: section does not have enough alignment to ensure safe PC-relative loads
asm/code/code_0580C0.s:7247: Warning: section does not have enough alignment to ensure safe PC-relative loads
asm/code/code_0600C0.s:7357: Warning: section does not have enough alignment to ensure safe PC-relative loads
asm/code/code_0580C0.s:7249: Warning: section does not have enough alignment to ensure safe PC-relative loads
asm/code/code_0580C0.s:7259: Warning: section does not have enough alignment to ensure safe PC-relative loads
asm/code/code_0600C0.s:7378: Warning: section does not have enough alignment to ensure safe PC-relative loads
asm/code/code_0600C0.s:7386: Warning: section does not have enough alignment to ensure safe PC-relative loads
asm/code/code_0580C0.s:7314: Warning: section does not have enough alignment to ensure safe PC-relative loads
asm/code/code_0580C0.s:7318: Warning: section does not have enough alignment to ensure safe PC-relative loads
AS      asm/code/code_0680C0.s
asm/code/code_0600C0.s:7394: Warning: section does not have enough alignment to ensure safe PC-relative loads
asm/code/code_0600C0.s:7410: Warning: section does not have enough alignment to ensure safe PC-relative loads
asm/code/code_0580C0.s:7323: Warning: section does not have enough alignment to ensure safe PC-relative loads
asm/code/code_0600C0.s:7447: Warning: section does not have enough alignment to ensure safe PC-relative loads
asm/code/code_0600C0.s:7473: Warning: section does not have enough alignment to ensure safe PC-relative loads
asm/code/code_0580C0.s:7334: Warning: section does not have enough alignment to ensure safe PC-relative loads
asm/code/code_0580C0.s:7338: Warning: section does not have enough alignment to ensure safe PC-relative loads
asm/code/code_0600C0.s:7499: Warning: section does not have enough alignment to ensure safe PC-relative loads
asm/code/code_0600C0.s:7527: Warning: section does not have enough alignment to ensure safe PC-relative loads
asm/code/code_0580C0.s:7340: Warning: section does not have enough alignment to ensure safe PC-relative loads
asm/code/code_0580C0.s:7347: Warning: section does not have enough alignment to ensure safe PC-relative loads
asm/code/code_0600C0.s:7553: Warning: section does not have enough alignment to ensure safe PC-relative loads
asm/code/code_0600C0.s:7581: Warning: section does not have enough alignment to ensure safe PC-relative loads
asm/code/code_0580C0.s:7352: Warning: section does not have enough alignment to ensure safe PC-relative loads
asm/code/code_0580C0.s:7357: Warning: section does not have enough alignment to ensure safe PC-relative loads
asm/code/code_0600C0.s:7610: Warning: section does not have enough alignment to ensure safe PC-relative loads
asm/code/code_0600C0.s:7611: Warning: section does not have enough alignment to ensure safe PC-relative loads
asm/code/code_0580C0.s:7362: Warning: section does not have enough alignment to ensure safe PC-relative loads
asm/code/code_0580C0.s:7365: Warning: section does not have enough alignment to ensure safe PC-relative loads
asm/code/code_0600C0.s:7614: Warning: section does not have enough alignment to ensure safe PC-relative loads
asm/code/code_0600C0.s:7624: Warning: section does not have enough alignment to ensure safe PC-relative loads
asm/code/code_0580C0.s:7367: Warning: section does not have enough alignment to ensure safe PC-relative loads
asm/code/code_0580C0.s:7372: Warning: section does not have enough alignment to ensure safe PC-relative loads
asm/code/code_0600C0.s:7634: Warning: section does not have enough alignment to ensure safe PC-relative loads
asm/code/code_0600C0.s:7649: Warning: section does not have enough alignment to ensure safe PC-relative loads
asm/code/code_0580C0.s:7377: Warning: section does not have enough alignment to ensure safe PC-relative loads
asm/code/code_0580C0.s:7382: Warning: section does not have enough alignment to ensure safe PC-relative loads
asm/code/code_0600C0.s:7653: Warning: section does not have enough alignment to ensure safe PC-relative loads
asm/code/code_0600C0.s:7655: Warning: section does not have enough alignment to ensure safe PC-relative loads
asm/code/code_0580C0.s:7386: Warning: section does not have enough alignment to ensure safe PC-relative loads
asm/code/code_0580C0.s:7395: Warning: section does not have enough alignment to ensure safe PC-relative loads
asm/code/code_0600C0.s:7671: Warning: section does not have enough alignment to ensure safe PC-relative loads
asm/code/code_0600C0.s:7681: Warning: section does not have enough alignment to ensure safe PC-relative loads
asm/code/code_0580C0.s:7401: Warning: section does not have enough alignment to ensure safe PC-relative loads
asm/code/code_0580C0.s:7404: Warning: section does not have enough alignment to ensure safe PC-relative loads
asm/code/code_0600C0.s:7692: Warning: section does not have enough alignment to ensure safe PC-relative loads
asm/code/code_0600C0.s:7716: Warning: section does not have enough alignment to ensure safe PC-relative loads
asm/code/code_0580C0.s:7411: Warning: section does not have enough alignment to ensure safe PC-relative loads
asm/code/code_0600C0.s:7723: Warning: section does not have enough alignment to ensure safe PC-relative loads
asm/code/code_0600C0.s:7810: Warning: section does not have enough alignment to ensure safe PC-relative loads
asm/code/code_0680C0.s: Assembler messages:
asm/code/code_0580C0.s:7417: Warning: section does not have enough alignment to ensure safe PC-relative loads
asm/code/code_0580C0.s:7428: Warning: section does not have enough alignment to ensure safe PC-relative loads
asm/code/code_0600C0.s:7811: Warning: section does not have enough alignment to ensure safe PC-relative loads
asm/code/code_0600C0.s:7814: Warning: section does not have enough alignment to ensure safe PC-relative loads
asm/code/code_0680C0.s:21: Warning: section does not have enough alignment to ensure safe PC-relative loads
asm/code/code_0680C0.s:23: Warning: section does not have enough alignment to ensure safe PC-relative loads
asm/code/code_0580C0.s:7430: Warning: section does not have enough alignment to ensure safe PC-relative loads
asm/code/code_0580C0.s:7456: Warning: section does not have enough alignment to ensure safe PC-relative loads
asm/code/code_0600C0.s:7819: Warning: section does not have enough alignment to ensure safe PC-relative loads
asm/code/code_0600C0.s:7823: Warning: section does not have enough alignment to ensure safe PC-relative loads
asm/code/code_0680C0.s:42: Warning: section does not have enough alignment to ensure safe PC-relative loads
asm/code/code_0680C0.s:70: Warning: section does not have enough alignment to ensure safe PC-relative loads
asm/code/code_0580C0.s:7463: Warning: section does not have enough alignment to ensure safe PC-relative loads
asm/code/code_0580C0.s:7486: Warning: section does not have enough alignment to ensure safe PC-relative loads
asm/code/code_0600C0.s:7839: Warning: section does not have enough alignment to ensure safe PC-relative loads
asm/code/code_0680C0.s:74: Warning: section does not have enough alignment to ensure safe PC-relative loads
asm/code/code_0680C0.s:122: Warning: section does not have enough alignment to ensure safe PC-relative loads
asm/code/code_0580C0.s:7508: Warning: section does not have enough alignment to ensure safe PC-relative loads
asm/code/code_0600C0.s:7853: Warning: section does not have enough alignment to ensure safe PC-relative loads
asm/code/code_0600C0.s:7857: Warning: section does not have enough alignment to ensure safe PC-relative loads
asm/code/code_0680C0.s:124: Warning: section does not have enough alignment to ensure safe PC-relative loads
asm/code/code_0680C0.s:154: Warning: section does not have enough alignment to ensure safe PC-relative loads
asm/code/code_0580C0.s:7531: Warning: section does not have enough alignment to ensure safe PC-relative loads
asm/code/code_0580C0.s:7545: Warning: section does not have enough alignment to ensure safe PC-relative loads
asm/code/code_0600C0.s:7883: Warning: section does not have enough alignment to ensure safe PC-relative loads
asm/code/code_0680C0.s:177: Warning: section does not have enough alignment to ensure safe PC-relative loads
asm/code/code_0680C0.s:203: Warning: section does not have enough alignment to ensure safe PC-relative loads
asm/code/code_0580C0.s:7548: Warning: section does not have enough alignment to ensure safe PC-relative loads
asm/code/code_0600C0.s:7954: Warning: section does not have enough alignment to ensure safe PC-relative loads
asm/code/code_0680C0.s:230: Warning: section does not have enough alignment to ensure safe PC-relative loads
asm/code/code_0680C0.s:237: Warning: section does not have enough alignment to ensure safe PC-relative loads
asm/code/code_0580C0.s:7563: Warning: section does not have enough alignment to ensure safe PC-relative loads
asm/code/code_0600C0.s:7958: Warning: section does not have enough alignment to ensure safe PC-relative loads
asm/code/code_0600C0.s:7963: Warning: section does not have enough alignment to ensure safe PC-relative loads
asm/code/code_0680C0.s:292: Warning: section does not have enough alignment to ensure safe PC-relative loads
asm/code/code_0680C0.s:421: Warning: section does not have enough alignment to ensure safe PC-relative loads
asm/code/code_0580C0.s:7702: Warning: section does not have enough alignment to ensure safe PC-relative loads
asm/code/code_0580C0.s:7710: Warning: section does not have enough alignment to ensure safe PC-relative loads
asm/code/code_0600C0.s:7964: Warning: section does not have enough alignment to ensure safe PC-relative loads
asm/code/code_0600C0.s:7968: Warning: section does not have enough alignment to ensure safe PC-relative loads
asm/code/code_0680C0.s:632: Warning: section does not have enough alignment to ensure safe PC-relative loads
asm/code/code_0580C0.s:7738: Warning: section does not have enough alignment to ensure safe PC-relative loads
asm/code/code_0580C0.s:7745: Warning: section does not have enough alignment to ensure safe PC-relative loads
asm/code/code_0600C0.s:7970: Warning: section does not have enough alignment to ensure safe PC-relative loads
asm/code/code_0600C0.s:7982: Warning: section does not have enough alignment to ensure safe PC-relative loads
asm/code/code_0680C0.s:836: Warning: section does not have enough alignment to ensure safe PC-relative loads
asm/code/code_0580C0.s:7764: Warning: section does not have enough alignment to ensure safe PC-relative loads
asm/code/code_0580C0.s:7795: Warning: section does not have enough alignment to ensure safe PC-relative loads
asm/code/code_0600C0.s:7986: Warning: section does not have enough alignment to ensure safe PC-relative loads
asm/code/code_0600C0.s:7988: Warning: section does not have enough alignment to ensure safe PC-relative loads
asm/code/code_0680C0.s:1064: Warning: section does not have enough alignment to ensure safe PC-relative loads
asm/code/code_0680C0.s:1111: Warning: section does not have enough alignment to ensure safe PC-relative loads
asm/code/code_0580C0.s:7818: Warning: section does not have enough alignment to ensure safe PC-relative loads
asm/code/code_0580C0.s:7839: Warning: section does not have enough alignment to ensure safe PC-relative loads
asm/code/code_0600C0.s:7995: Warning: section does not have enough alignment to ensure safe PC-relative loads
asm/code/code_0600C0.s:8000: Warning: section does not have enough alignment to ensure safe PC-relative loads
asm/code/code_0680C0.s:1145: Warning: section does not have enough alignment to ensure safe PC-relative loads
asm/code/code_0680C0.s:1161: Warning: section does not have enough alignment to ensure safe PC-relative loads
asm/code/code_0580C0.s:7842: Warning: section does not have enough alignment to ensure safe PC-relative loads
asm/code/code_0580C0.s:7857: Warning: section does not have enough alignment to ensure safe PC-relative loads
asm/code/code_0600C0.s:8011: Warning: section does not have enough alignment to ensure safe PC-relative loads
asm/code/code_0600C0.s:8014: Warning: section does not have enough alignment to ensure safe PC-relative loads
asm/code/code_0680C0.s:1193: Warning: section does not have enough alignment to ensure safe PC-relative loads
asm/code/code_0680C0.s:1436: Warning: section does not have enough alignment to ensure safe PC-relative loads
asm/code/code_0580C0.s:7892: Warning: section does not have enough alignment to ensure safe PC-relative loads
asm/code/code_0580C0.s:7893: Warning: section does not have enough alignment to ensure safe PC-relative loads
asm/code/code_0600C0.s:8016: Warning: section does not have enough alignment to ensure safe PC-relative loads
asm/code/code_0600C0.s:8021: Warning: section does not have enough alignment to ensure safe PC-relative loads
asm/code/code_0680C0.s:1512: Warning: section does not have enough alignment to ensure safe PC-relative loads
asm/code/code_0680C0.s:1573: Warning: section does not have enough alignment to ensure safe PC-relative loads
asm/code/code_0580C0.s:7896: Warning: section does not have enough alignment to ensure safe PC-relative loads
asm/code/code_0600C0.s:8026: Warning: section does not have enough alignment to ensure safe PC-relative loads
asm/code/code_0600C0.s:8031: Warning: section does not have enough alignment to ensure safe PC-relative loads
asm/code/code_0680C0.s:1576: Warning: section does not have enough alignment to ensure safe PC-relative loads
asm/code/code_0680C0.s:1641: Warning: section does not have enough alignment to ensure safe PC-relative loads
asm/code/code_0580C0.s:7963: Warning: section does not have enough alignment to ensure safe PC-relative loads
asm/code/code_0580C0.s:7975: Warning: section does not have enough alignment to ensure safe PC-relative loads
asm/code/code_0600C0.s:8035: Warning: section does not have enough alignment to ensure safe PC-relative loads
asm/code/code_0600C0.s:8039: Warning: section does not have enough alignment to ensure safe PC-relative loads
asm/code/code_0680C0.s:1689: Warning: section does not have enough alignment to ensure safe PC-relative loads
asm/code/code_0680C0.s:1844: Warning: section does not have enough alignment to ensure safe PC-relative loads
asm/code/code_0580C0.s:7976: Warning: section does not have enough alignment to ensure safe PC-relative loads
asm/code/code_0580C0.s:8073: Warning: section does not have enough alignment to ensure safe PC-relative loads
asm/code/code_0600C0.s:8045: Warning: section does not have enough alignment to ensure safe PC-relative loads
asm/code/code_0600C0.s:8048: Warning: section does not have enough alignment to ensure safe PC-relative loads
asm/code/code_0680C0.s:1852: Warning: section does not have enough alignment to ensure safe PC-relative loads
asm/code/code_0680C0.s:2083: Warning: section does not have enough alignment to ensure safe PC-relative loads
asm/code/code_0580C0.s:8125: Warning: section does not have enough alignment to ensure safe PC-relative loads
asm/code/code_0580C0.s:8188: Warning: section does not have enough alignment to ensure safe PC-relative loads
asm/code/code_0600C0.s:8055: Warning: section does not have enough alignment to ensure safe PC-relative loads
asm/code/code_0600C0.s:8061: Warning: section does not have enough alignment to ensure safe PC-relative loads
asm/code/code_0680C0.s:2139: Warning: section does not have enough alignment to ensure safe PC-relative loads
asm/code/code_0680C0.s:2172: Warning: section does not have enough alignment to ensure safe PC-relative loads
asm/code/code_0580C0.s:8190: Warning: section does not have enough alignment to ensure safe PC-relative loads
asm/code/code_0580C0.s:8192: Warning: section does not have enough alignment to ensure safe PC-relative loads
asm/code/code_0600C0.s:8075: Warning: section does not have enough alignment to ensure safe PC-relative loads
asm/code/code_0600C0.s:8096: Warning: section does not have enough alignment to ensure safe PC-relative loads
asm/code/code_0680C0.s:2184: Warning: section does not have enough alignment to ensure safe PC-relative loads
asm/code/code_0680C0.s:2264: Warning: section does not have enough alignment to ensure safe PC-relative loads
asm/code/code_0580C0.s:8196: Warning: section does not have enough alignment to ensure safe PC-relative loads
asm/code/code_0600C0.s:8108: Warning: section does not have enough alignment to ensure safe PC-relative loads
asm/code/code_0600C0.s:8136: Warning: section does not have enough alignment to ensure safe PC-relative loads
asm/code/code_0680C0.s:2278: Warning: section does not have enough alignment to ensure safe PC-relative loads
asm/code/code_0680C0.s:2279: Warning: section does not have enough alignment to ensure safe PC-relative loads
asm/code/code_0580C0.s:8205: Warning: section does not have enough alignment to ensure safe PC-relative loads
asm/code/code_0580C0.s:8211: Warning: section does not have enough alignment to ensure safe PC-relative loads
asm/code/code_0600C0.s:8158: Warning: section does not have enough alignment to ensure safe PC-relative loads
asm/code/code_0600C0.s:8181: Warning: section does not have enough alignment to ensure safe PC-relative loads
asm/code/code_0680C0.s:2316: Warning: section does not have enough alignment to ensure safe PC-relative loads
asm/code/code_0680C0.s:2324: Warning: section does not have enough alignment to ensure safe PC-relative loads
asm/code/code_0580C0.s:8238: Warning: section does not have enough alignment to ensure safe PC-relative loads
asm/code/code_0580C0.s:8243: Warning: section does not have enough alignment to ensure safe PC-relative loads
asm/code/code_0600C0.s:8195: Warning: section does not have enough alignment to ensure safe PC-relative loads
asm/code/code_0600C0.s:8198: Warning: section does not have enough alignment to ensure safe PC-relative loads
asm/code/code_0680C0.s:2327: Warning: section does not have enough alignment to ensure safe PC-relative loads
asm/code/code_0680C0.s:2331: Warning: section does not have enough alignment to ensure safe PC-relative loads
asm/code/code_0580C0.s:8248: Warning: section does not have enough alignment to ensure safe PC-relative loads
asm/code/code_0600C0.s:8213: Warning: section does not have enough alignment to ensure safe PC-relative loads
asm/code/code_0600C0.s:8345: Warning: section does not have enough alignment to ensure safe PC-relative loads
asm/code/code_0680C0.s:2345: Warning: section does not have enough alignment to ensure safe PC-relative loads
asm/code/code_0680C0.s:2362: Warning: section does not have enough alignment to ensure safe PC-relative loads
asm/code/code_0580C0.s:8293: Warning: section does not have enough alignment to ensure safe PC-relative loads
asm/code/code_0580C0.s:8318: Warning: section does not have enough alignment to ensure safe PC-relative loads
asm/code/code_0600C0.s:8377: Warning: section does not have enough alignment to ensure safe PC-relative loads
asm/code/code_0600C0.s:8384: Warning: section does not have enough alignment to ensure safe PC-relative loads
asm/code/code_0680C0.s:2366: Warning: section does not have enough alignment to ensure safe PC-relative loads
asm/code/code_0680C0.s:2369: Warning: section does not have enough alignment to ensure safe PC-relative loads
asm/code/code_0580C0.s:8456: Warning: section does not have enough alignment to ensure safe PC-relative loads
asm/code/code_0600C0.s:8403: Warning: section does not have enough alignment to ensure safe PC-relative loads
asm/code/code_0680C0.s:2371: Warning: section does not have enough alignment to ensure safe PC-relative loads
asm/code/code_0680C0.s:2373: Warning: section does not have enough alignment to ensure safe PC-relative loads
asm/code/code_0580C0.s:8474: Warning: section does not have enough alignment to ensure safe PC-relative loads
asm/code/code_0580C0.s:8499: Warning: section does not have enough alignment to ensure safe PC-relative loads
asm/code/code_0600C0.s:8439: Warning: section does not have enough alignment to ensure safe PC-relative loads
asm/code/code_0600C0.s:8462: Warning: section does not have enough alignment to ensure safe PC-relative loads
asm/code/code_0680C0.s:2376: Warning: section does not have enough alignment to ensure safe PC-relative loads
asm/code/code_0580C0.s:8520: Warning: section does not have enough alignment to ensure safe PC-relative loads
asm/code/code_0580C0.s:8535: Warning: section does not have enough alignment to ensure safe PC-relative loads
asm/code/code_0600C0.s:8483: Warning: section does not have enough alignment to ensure safe PC-relative loads
asm/code/code_0680C0.s:2380: Warning: section does not have enough alignment to ensure safe PC-relative loads
asm/code/code_0580C0.s:8568: Warning: section does not have enough alignment to ensure safe PC-relative loads
asm/code/code_0580C0.s:8576: Warning: section does not have enough alignment to ensure safe PC-relative loads
asm/code/code_0600C0.s:8486: Warning: section does not have enough alignment to ensure safe PC-relative loads
asm/code/code_0600C0.s:8501: Warning: section does not have enough alignment to ensure safe PC-relative loads
asm/code/code_0680C0.s:2389: Warning: section does not have enough alignment to ensure safe PC-relative loads
asm/code/code_0680C0.s:2391: Warning: section does not have enough alignment to ensure safe PC-relative loads
asm/code/code_0580C0.s:8599: Warning: section does not have enough alignment to ensure safe PC-relative loads
asm/code/code_0600C0.s:8536: Warning: section does not have enough alignment to ensure safe PC-relative loads
asm/code/code_0600C0.s:8537: Warning: section does not have enough alignment to ensure safe PC-relative loads
asm/code/code_0680C0.s:2393: Warning: section does not have enough alignment to ensure safe PC-relative loads
asm/code/code_0680C0.s:2397: Warning: section does not have enough alignment to ensure safe PC-relative loads
asm/code/code_0580C0.s:8617: Warning: section does not have enough alignment to ensure safe PC-relative loads
asm/code/code_0580C0.s:8652: Warning: section does not have enough alignment to ensure safe PC-relative loads
asm/code/code_0600C0.s:8540: Warning: section does not have enough alignment to ensure safe PC-relative loads
asm/code/code_0600C0.s:8607: Warning: section does not have enough alignment to ensure safe PC-relative loads
asm/code/code_0680C0.s:2400: Warning: section does not have enough alignment to ensure safe PC-relative loads
asm/code/code_0680C0.s:2404: Warning: section does not have enough alignment to ensure safe PC-relative loads
asm/code/code_0580C0.s:8673: Warning: section does not have enough alignment to ensure safe PC-relative loads
asm/code/code_0580C0.s:8683: Warning: section does not have enough alignment to ensure safe PC-relative loads
asm/code/code_0600C0.s:8660: Warning: section does not have enough alignment to ensure safe PC-relative loads
asm/code/code_0600C0.s:8665: Warning: section does not have enough alignment to ensure safe PC-relative loads
asm/code/code_0680C0.s:2406: Warning: section does not have enough alignment to ensure safe PC-relative loads
asm/code/code_0680C0.s:2408: Warning: section does not have enough alignment to ensure safe PC-relative loads
asm/code/code_0580C0.s:8731: Warning: section does not have enough alignment to ensure safe PC-relative loads
asm/code/code_0580C0.s:8739: Warning: section does not have enough alignment to ensure safe PC-relative loads
asm/code/code_0600C0.s:8668: Warning: section does not have enough alignment to ensure safe PC-relative loads
asm/code/code_0600C0.s:8730: Warning: section does not have enough alignment to ensure safe PC-relative loads
asm/code/code_0680C0.s:2425: Warning: section does not have enough alignment to ensure safe PC-relative loads
asm/code/code_0680C0.s:2430: Warning: section does not have enough alignment to ensure safe PC-relative loads
asm/code/code_0580C0.s:8778: Warning: section does not have enough alignment to ensure safe PC-relative loads
asm/code/code_0580C0.s:8803: Warning: section does not have enough alignment to ensure safe PC-relative loads
asm/code/code_0600C0.s:8746: Warning: section does not have enough alignment to ensure safe PC-relative loads
asm/code/code_0600C0.s:8748: Warning: section does not have enough alignment to ensure safe PC-relative loads
asm/code/code_0680C0.s:2446: Warning: section does not have enough alignment to ensure safe PC-relative loads
asm/code/code_0680C0.s:2476: Warning: section does not have enough alignment to ensure safe PC-relative loads
asm/code/code_0580C0.s:8830: Warning: section does not have enough alignment to ensure safe PC-relative loads
asm/code/code_0600C0.s:8750: Warning: section does not have enough alignment to ensure safe PC-relative loads
asm/code/code_0600C0.s:8752: Warning: section does not have enough alignment to ensure safe PC-relative loads
asm/code/code_0680C0.s:2479: Warning: section does not have enough alignment to ensure safe PC-relative loads
asm/code/code_0680C0.s:2522: Warning: section does not have enough alignment to ensure safe PC-relative loads
asm/code/code_0580C0.s:8858: Warning: section does not have enough alignment to ensure safe PC-relative loads
asm/code/code_0600C0.s:8754: Warning: section does not have enough alignment to ensure safe PC-relative loads
asm/code/code_0600C0.s:8756: Warning: section does not have enough alignment to ensure safe PC-relative loads
asm/code/code_0680C0.s:2528: Warning: section does not have enough alignment to ensure safe PC-relative loads
asm/code/code_0680C0.s:2573: Warning: section does not have enough alignment to ensure safe PC-relative loads
asm/code/code_0580C0.s:8872: Warning: section does not have enough alignment to ensure safe PC-relative loads
asm/code/code_0580C0.s:8890: Warning: section does not have enough alignment to ensure safe PC-relative loads
asm/code/code_0600C0.s:8758: Warning: section does not have enough alignment to ensure safe PC-relative loads
asm/code/code_0680C0.s:2582: Warning: section does not have enough alignment to ensure safe PC-relative loads
asm/code/code_0680C0.s:2583: Warning: section does not have enough alignment to ensure safe PC-relative loads
asm/code/code_0580C0.s:8931: Warning: section does not have enough alignment to ensure safe PC-relative loads
asm/code/code_0580C0.s:8960: Warning: section does not have enough alignment to ensure safe PC-relative loads
asm/code/code_0600C0.s:8760: Warning: section does not have enough alignment to ensure safe PC-relative loads
asm/code/code_0600C0.s:8845: Warning: section does not have enough alignment to ensure safe PC-relative loads
asm/code/code_0680C0.s:2585: Warning: section does not have enough alignment to ensure safe PC-relative loads
asm/code/code_0680C0.s:2598: Warning: section does not have enough alignment to ensure safe PC-relative loads
asm/code/code_0580C0.s:8967: Warning: section does not have enough alignment to ensure safe PC-relative loads
asm/code/code_0580C0.s:8992: Warning: section does not have enough alignment to ensure safe PC-relative loads
asm/code/code_0600C0.s:8912: Warning: section does not have enough alignment to ensure safe PC-relative loads
asm/code/code_0600C0.s:8961: Warning: section does not have enough alignment to ensure safe PC-relative loads
asm/code/code_0680C0.s:2603: Warning: section does not have enough alignment to ensure safe PC-relative loads
asm/code/code_0580C0.s:9005: Warning: section does not have enough alignment to ensure safe PC-relative loads
asm/code/code_0580C0.s:9019: Warning: section does not have enough alignment to ensure safe PC-relative loads
asm/code/code_0600C0.s:8967: Warning: section does not have enough alignment to ensure safe PC-relative loads
asm/code/code_0600C0.s:9015: Warning: section does not have enough alignment to ensure safe PC-relative loads
asm/code/code_0680C0.s:2706: Warning: section does not have enough alignment to ensure safe PC-relative loads
asm/code/code_0680C0.s:2714: Warning: section does not have enough alignment to ensure safe PC-relative loads
asm/code/code_0580C0.s:9026: Warning: section does not have enough alignment to ensure safe PC-relative loads
asm/code/code_0580C0.s:9074: Warning: section does not have enough alignment to ensure safe PC-relative loads
asm/code/code_0600C0.s:9064: Warning: section does not have enough alignment to ensure safe PC-relative loads
asm/code/code_0600C0.s:9083: Warning: section does not have enough alignment to ensure safe PC-relative loads
asm/code/code_0680C0.s:2730: Warning: section does not have enough alignment to ensure safe PC-relative loads
asm/code/code_0680C0.s:2758: Warning: section does not have enough alignment to ensure safe PC-relative loads
asm/code/code_0580C0.s:9140: Warning: section does not have enough alignment to ensure safe PC-relative loads
asm/code/code_0580C0.s:9152: Warning: section does not have enough alignment to ensure safe PC-relative loads
asm/code/code_0600C0.s:9105: Warning: section does not have enough alignment to ensure safe PC-relative loads
asm/code/code_0600C0.s:9114: Warning: section does not have enough alignment to ensure safe PC-relative loads
asm/code/code_0680C0.s:2791: Warning: section does not have enough alignment to ensure safe PC-relative loads
asm/code/code_0680C0.s:2824: Warning: section does not have enough alignment to ensure safe PC-relative loads
asm/code/code_0580C0.s:9179: Warning: section does not have enough alignment to ensure safe PC-relative loads
asm/code/code_0580C0.s:9185: Warning: section does not have enough alignment to ensure safe PC-relative loads
asm/code/code_0600C0.s:9118: Warning: section does not have enough alignment to ensure safe PC-relative loads
asm/code/code_0680C0.s:2828: Warning: section does not have enough alignment to ensure safe PC-relative loads
asm/code/code_0580C0.s:9199: Warning: section does not have enough alignment to ensure safe PC-relative loads
asm/code/code_0600C0.s:9166: Warning: section does not have enough alignment to ensure safe PC-relative loads
asm/code/code_0680C0.s:2839: Warning: section does not have enough alignment to ensure safe PC-relative loads
asm/code/code_0680C0.s:2845: Warning: section does not have enough alignment to ensure safe PC-relative loads
asm/code/code_0580C0.s:9229: Warning: section does not have enough alignment to ensure safe PC-relative loads
asm/code/code_0580C0.s:9261: Warning: section does not have enough alignment to ensure safe PC-relative loads
asm/code/code_0600C0.s:9233: Warning: section does not have enough alignment to ensure safe PC-relative loads
asm/code/code_0600C0.s:9236: Warning: section does not have enough alignment to ensure safe PC-relative loads
asm/code/code_0680C0.s:2860: Warning: section does not have enough alignment to ensure safe PC-relative loads
asm/code/code_0680C0.s:2867: Warning: section does not have enough alignment to ensure safe PC-relative loads
asm/code/code_0580C0.s:9315: Warning: section does not have enough alignment to ensure safe PC-relative loads
asm/code/code_0600C0.s:9270: Warning: section does not have enough alignment to ensure safe PC-relative loads
asm/code/code_0600C0.s:9284: Warning: section does not have enough alignment to ensure safe PC-relative loads
asm/code/code_0680C0.s:2883: Warning: section does not have enough alignment to ensure safe PC-relative loads
asm/code/code_0680C0.s:2891: Warning: section does not have enough alignment to ensure safe PC-relative loads
asm/code/code_0580C0.s:9392: Warning: section does not have enough alignment to ensure safe PC-relative loads
asm/code/code_0580C0.s:9470: Warning: section does not have enough alignment to ensure safe PC-relative loads
asm/code/code_0600C0.s:9313: Warning: section does not have enough alignment to ensure safe PC-relative loads
asm/code/code_0600C0.s:9322: Warning: section does not have enough alignment to ensure safe PC-relative loads
asm/code/code_0680C0.s:2903: Warning: section does not have enough alignment to ensure safe PC-relative loads
asm/code/code_0680C0.s:2922: Warning: section does not have enough alignment to ensure safe PC-relative loads
asm/code/code_0580C0.s:9489: Warning: section does not have enough alignment to ensure safe PC-relative loads
asm/code/code_0580C0.s:9492: Warning: section does not have enough alignment to ensure safe PC-relative loads
asm/code/code_0600C0.s:9325: Warning: section does not have enough alignment to ensure safe PC-relative loads
asm/code/code_0600C0.s:9335: Warning: section does not have enough alignment to ensure safe PC-relative loads
asm/code/code_0680C0.s:2927: Warning: section does not have enough alignment to ensure safe PC-relative loads
asm/code/code_0580C0.s:9501: Warning: section does not have enough alignment to ensure safe PC-relative loads
asm/code/code_0580C0.s:9505: Warning: section does not have enough alignment to ensure safe PC-relative loads
asm/code/code_0600C0.s:9364: Warning: section does not have enough alignment to ensure safe PC-relative loads
asm/code/code_0600C0.s:9373: Warning: section does not have enough alignment to ensure safe PC-relative loads
asm/code/code_0680C0.s:3005: Warning: section does not have enough alignment to ensure safe PC-relative loads
asm/code/code_0580C0.s:9521: Warning: section does not have enough alignment to ensure safe PC-relative loads
asm/code/code_0580C0.s:9527: Warning: section does not have enough alignment to ensure safe PC-relative loads
asm/code/code_0600C0.s:9379: Warning: section does not have enough alignment to ensure safe PC-relative loads
asm/code/code_0600C0.s:9386: Warning: section does not have enough alignment to ensure safe PC-relative loads
asm/code/code_0680C0.s:3006: Warning: section does not have enough alignment to ensure safe PC-relative loads
asm/code/code_0680C0.s:3007: Warning: section does not have enough alignment to ensure safe PC-relative loads
asm/code/code_0580C0.s:9603: Warning: section does not have enough alignment to ensure safe PC-relative loads
asm/code/code_0580C0.s:9611: Warning: section does not have enough alignment to ensure safe PC-relative loads
asm/code/code_0600C0.s:9444: Warning: section does not have enough alignment to ensure safe PC-relative loads
asm/code/code_0600C0.s:9448: Warning: section does not have enough alignment to ensure safe PC-relative loads
asm/code/code_0680C0.s:3011: Warning: section does not have enough alignment to ensure safe PC-relative loads
asm/code/code_0680C0.s:3016: Warning: section does not have enough alignment to ensure safe PC-relative loads
asm/code/code_0580C0.s:9654: Warning: section does not have enough alignment to ensure safe PC-relative loads
asm/code/code_0600C0.s:9527: Warning: section does not have enough alignment to ensure safe PC-relative loads
asm/code/code_0600C0.s:9654: Warning: section does not have enough alignment to ensure safe PC-relative loads
asm/code/code_0680C0.s:3066: Warning: section does not have enough alignment to ensure safe PC-relative loads
asm/code/code_0680C0.s:3109: Warning: section does not have enough alignment to ensure safe PC-relative loads
asm/code/code_0580C0.s:9672: Warning: section does not have enough alignment to ensure safe PC-relative loads
asm/code/code_0580C0.s:9708: Warning: section does not have enough alignment to ensure safe PC-relative loads
asm/code/code_0600C0.s:9691: Warning: section does not have enough alignment to ensure safe PC-relative loads
asm/code/code_0680C0.s:3111: Warning: section does not have enough alignment to ensure safe PC-relative loads
asm/code/code_0580C0.s:9726: Warning: section does not have enough alignment to ensure safe PC-relative loads
asm/code/code_0580C0.s:9767: Warning: section does not have enough alignment to ensure safe PC-relative loads
asm/code/code_0600C0.s:9739: Warning: section does not have enough alignment to ensure safe PC-relative loads
asm/code/code_0600C0.s:9743: Warning: section does not have enough alignment to ensure safe PC-relative loads
asm/code/code_0680C0.s:3112: Warning: section does not have enough alignment to ensure safe PC-relative loads
asm/code/code_0580C0.s:9776: Warning: section does not have enough alignment to ensure safe PC-relative loads
asm/code/code_0580C0.s:9796: Warning: section does not have enough alignment to ensure safe PC-relative loads
asm/code/code_0600C0.s:9781: Warning: section does not have enough alignment to ensure safe PC-relative loads
asm/code/code_0600C0.s:9789: Warning: section does not have enough alignment to ensure safe PC-relative loads
asm/code/code_0680C0.s:3115: Warning: section does not have enough alignment to ensure safe PC-relative loads
asm/code/code_0680C0.s:3128: Warning: section does not have enough alignment to ensure safe PC-relative loads
asm/code/code_0580C0.s:9803: Warning: section does not have enough alignment to ensure safe PC-relative loads
asm/code/code_0580C0.s:9829: Warning: section does not have enough alignment to ensure safe PC-relative loads
asm/code/code_0600C0.s:9872: Warning: section does not have enough alignment to ensure safe PC-relative loads
asm/code/code_0600C0.s:9910: Warning: section does not have enough alignment to ensure safe PC-relative loads
asm/code/code_0680C0.s:3152: Warning: section does not have enough alignment to ensure safe PC-relative loads
asm/code/code_0680C0.s:3158: Warning: section does not have enough alignment to ensure safe PC-relative loads
asm/code/code_0580C0.s:9845: Warning: section does not have enough alignment to ensure safe PC-relative loads
asm/code/code_0580C0.s:9862: Warning: section does not have enough alignment to ensure safe PC-relative loads
asm/code/code_0600C0.s:9959: Warning: section does not have enough alignment to ensure safe PC-relative loads
asm/code/code_0600C0.s:9965: Warning: section does not have enough alignment to ensure safe PC-relative loads
asm/code/code_0680C0.s:3162: Warning: section does not have enough alignment to ensure safe PC-relative loads
asm/code/code_0580C0.s:9871: Warning: section does not have enough alignment to ensure safe PC-relative loads
asm/code/code_0580C0.s:9878: Warning: section does not have enough alignment to ensure safe PC-relative loads
asm/code/code_0600C0.s:9967: Warning: section does not have enough alignment to ensure safe PC-relative loads
asm/code/code_0600C0.s:9969: Warning: section does not have enough alignment to ensure safe PC-relative loads
asm/code/code_0680C0.s:3167: Warning: section does not have enough alignment to ensure safe PC-relative loads
asm/code/code_0680C0.s:3173: Warning: section does not have enough alignment to ensure safe PC-relative loads
asm/code/code_0580C0.s:9885: Warning: section does not have enough alignment to ensure safe PC-relative loads
asm/code/code_0580C0.s:9915: Warning: section does not have enough alignment to ensure safe PC-relative loads
asm/code/code_0600C0.s:9971: Warning: section does not have enough alignment to ensure safe PC-relative loads
asm/code/code_0600C0.s:9973: Warning: section does not have enough alignment to ensure safe PC-relative loads
asm/code/code_0680C0.s:3176: Warning: section does not have enough alignment to ensure safe PC-relative loads
asm/code/code_0680C0.s:3185: Warning: section does not have enough alignment to ensure safe PC-relative loads
asm/code/code_0580C0.s:9929: Warning: section does not have enough alignment to ensure safe PC-relative loads
asm/code/code_0580C0.s:9943: Warning: section does not have enough alignment to ensure safe PC-relative loads
asm/code/code_0600C0.s:9975: Warning: section does not have enough alignment to ensure safe PC-relative loads
asm/code/code_0600C0.s:9977: Warning: section does not have enough alignment to ensure safe PC-relative loads
asm/code/code_0680C0.s:3188: Warning: section does not have enough alignment to ensure safe PC-relative loads
asm/code/code_0580C0.s:9958: Warning: section does not have enough alignment to ensure safe PC-relative loads
asm/code/code_0600C0.s:9991: Warning: section does not have enough alignment to ensure safe PC-relative loads
asm/code/code_0680C0.s:3189: Warning: section does not have enough alignment to ensure safe PC-relative loads
asm/code/code_0680C0.s:3193: Warning: section does not have enough alignment to ensure safe PC-relative loads
asm/code/code_0580C0.s:9978: Warning: section does not have enough alignment to ensure safe PC-relative loads
asm/code/code_0600C0.s:10000: Warning: section does not have enough alignment to ensure safe PC-relative loads
asm/code/code_0600C0.s:10001: Warning: section does not have enough alignment to ensure safe PC-relative loads
asm/code/code_0680C0.s:3212: Warning: section does not have enough alignment to ensure safe PC-relative loads
asm/code/code_0680C0.s:3258: Warning: section does not have enough alignment to ensure safe PC-relative loads
asm/code/code_0580C0.s:10022: Warning: section does not have enough alignment to ensure safe PC-relative loads
asm/code/code_0580C0.s:10044: Warning: section does not have enough alignment to ensure safe PC-relative loads
asm/code/code_0600C0.s:10059: Warning: section does not have enough alignment to ensure safe PC-relative loads
asm/code/code_0600C0.s:10064: Warning: section does not have enough alignment to ensure safe PC-relative loads
asm/code/code_0680C0.s:3261: Warning: section does not have enough alignment to ensure safe PC-relative loads
asm/code/code_0680C0.s:3263: Warning: section does not have enough alignment to ensure safe PC-relative loads
asm/code/code_0580C0.s:10104: Warning: section does not have enough alignment to ensure safe PC-relative loads
asm/code/code_0580C0.s:10138: Warning: section does not have enough alignment to ensure safe PC-relative loads
asm/code/code_0600C0.s:10066: Warning: section does not have enough alignment to ensure safe PC-relative loads
asm/code/code_0600C0.s:10069: Warning: section does not have enough alignment to ensure safe PC-relative loads
asm/code/code_0680C0.s:3267: Warning: section does not have enough alignment to ensure safe PC-relative loads
asm/code/code_0680C0.s:3290: Warning: section does not have enough alignment to ensure safe PC-relative loads
asm/code/code_0580C0.s:10205: Warning: section does not have enough alignment to ensure safe PC-relative loads
asm/code/code_0580C0.s:10302: Warning: section does not have enough alignment to ensure safe PC-relative loads
asm/code/code_0600C0.s:10073: Warning: section does not have enough alignment to ensure safe PC-relative loads
asm/code/code_0680C0.s:3293: Warning: section does not have enough alignment to ensure safe PC-relative loads
asm/code/code_0680C0.s:3355: Warning: section does not have enough alignment to ensure safe PC-relative loads
asm/code/code_0580C0.s:10341: Warning: section does not have enough alignment to ensure safe PC-relative loads
asm/code/code_0580C0.s:10350: Warning: section does not have enough alignment to ensure safe PC-relative loads
asm/code/code_0600C0.s:10085: Warning: section does not have enough alignment to ensure safe PC-relative loads
asm/code/code_0600C0.s:10102: Warning: section does not have enough alignment to ensure safe PC-relative loads
asm/code/code_0680C0.s:3400: Warning: section does not have enough alignment to ensure safe PC-relative loads
asm/code/code_0680C0.s:3417: Warning: section does not have enough alignment to ensure safe PC-relative loads
asm/code/code_0580C0.s:10390: Warning: section does not have enough alignment to ensure safe PC-relative loads
asm/code/code_0580C0.s:10400: Warning: section does not have enough alignment to ensure safe PC-relative loads
asm/code/code_0600C0.s:10106: Warning: section does not have enough alignment to ensure safe PC-relative loads
asm/code/code_0600C0.s:10109: Warning: section does not have enough alignment to ensure safe PC-relative loads
asm/code/code_0680C0.s:3465: Warning: section does not have enough alignment to ensure safe PC-relative loads
asm/code/code_0680C0.s:3473: Warning: section does not have enough alignment to ensure safe PC-relative loads
asm/code/code_0580C0.s:10407: Warning: section does not have enough alignment to ensure safe PC-relative loads
asm/code/code_0580C0.s:10424: Warning: section does not have enough alignment to ensure safe PC-relative loads
asm/code/code_0600C0.s:10111: Warning: section does not have enough alignment to ensure safe PC-relative loads
asm/code/code_0600C0.s:10113: Warning: section does not have enough alignment to ensure safe PC-relative loads
asm/code/code_0680C0.s:3523: Warning: section does not have enough alignment to ensure safe PC-relative loads
asm/code/code_0680C0.s:3558: Warning: section does not have enough alignment to ensure safe PC-relative loads
asm/code/code_0580C0.s:10435: Warning: section does not have enough alignment to ensure safe PC-relative loads
asm/code/code_0580C0.s:10439: Warning: section does not have enough alignment to ensure safe PC-relative loads
asm/code/code_0600C0.s:10120: Warning: section does not have enough alignment to ensure safe PC-relative loads
asm/code/code_0600C0.s:10124: Warning: section does not have enough alignment to ensure safe PC-relative loads
asm/code/code_0680C0.s:3563: Warning: section does not have enough alignment to ensure safe PC-relative loads
asm/code/code_0680C0.s:3580: Warning: section does not have enough alignment to ensure safe PC-relative loads
asm/code/code_0580C0.s:10444: Warning: section does not have enough alignment to ensure safe PC-relative loads
asm/code/code_0580C0.s:10456: Warning: section does not have enough alignment to ensure safe PC-relative loads
asm/code/code_0600C0.s:10130: Warning: section does not have enough alignment to ensure safe PC-relative loads
asm/code/code_0600C0.s:10132: Warning: section does not have enough alignment to ensure safe PC-relative loads
asm/code/code_0680C0.s:3588: Warning: section does not have enough alignment to ensure safe PC-relative loads
asm/code/code_0680C0.s:3625: Warning: section does not have enough alignment to ensure safe PC-relative loads
asm/code/code_0580C0.s:10485: Warning: section does not have enough alignment to ensure safe PC-relative loads
asm/code/code_0600C0.s:10136: Warning: section does not have enough alignment to ensure safe PC-relative loads
asm/code/code_0600C0.s:10139: Warning: section does not have enough alignment to ensure safe PC-relative loads
asm/code/code_0680C0.s:3715: Warning: section does not have enough alignment to ensure safe PC-relative loads
asm/code/code_0680C0.s:4080: Warning: section does not have enough alignment to ensure safe PC-relative loads
asm/code/code_0580C0.s:10507: Warning: section does not have enough alignment to ensure safe PC-relative loads
asm/code/code_0580C0.s:10519: Warning: section does not have enough alignment to ensure safe PC-relative loads
asm/code/code_0600C0.s:10145: Warning: section does not have enough alignment to ensure safe PC-relative loads
asm/code/code_0600C0.s:10147: Warning: section does not have enough alignment to ensure safe PC-relative loads
asm/code/code_0680C0.s:4136: Warning: section does not have enough alignment to ensure safe PC-relative loads
asm/code/code_0680C0.s:4143: Warning: section does not have enough alignment to ensure safe PC-relative loads
asm/code/code_0580C0.s:10527: Warning: section does not have enough alignment to ensure safe PC-relative loads
asm/code/code_0600C0.s:10149: Warning: section does not have enough alignment to ensure safe PC-relative loads
asm/code/code_0600C0.s:10173: Warning: section does not have enough alignment to ensure safe PC-relative loads
asm/code/code_0680C0.s:4366: Warning: section does not have enough alignment to ensure safe PC-relative loads
asm/code/code_0580C0.s:10604: Warning: section does not have enough alignment to ensure safe PC-relative loads
asm/code/code_0580C0.s:10613: Warning: section does not have enough alignment to ensure safe PC-relative loads
asm/code/code_0600C0.s:10178: Warning: section does not have enough alignment to ensure safe PC-relative loads
asm/code/code_0600C0.s:10192: Warning: section does not have enough alignment to ensure safe PC-relative loads
asm/code/code_0680C0.s:4370: Warning: section does not have enough alignment to ensure safe PC-relative loads
asm/code/code_0580C0.s:10623: Warning: section does not have enough alignment to ensure safe PC-relative loads
asm/code/code_0580C0.s:10630: Warning: section does not have enough alignment to ensure safe PC-relative loads
asm/code/code_0600C0.s:10233: Warning: section does not have enough alignment to ensure safe PC-relative loads
asm/code/code_0600C0.s:10380: Warning: section does not have enough alignment to ensure safe PC-relative loads
asm/code/code_0680C0.s:4399: Warning: section does not have enough alignment to ensure safe PC-relative loads
asm/code/code_0680C0.s:4431: Warning: section does not have enough alignment to ensure safe PC-relative loads
asm/code/code_0580C0.s:10791: Warning: section does not have enough alignment to ensure safe PC-relative loads
asm/code/code_0600C0.s:10385: Warning: section does not have enough alignment to ensure safe PC-relative loads
asm/code/code_0680C0.s:4434: Warning: section does not have enough alignment to ensure safe PC-relative loads
asm/code/code_0580C0.s:10811: Warning: section does not have enough alignment to ensure safe PC-relative loads
asm/code/code_0580C0.s:10871: Warning: section does not have enough alignment to ensure safe PC-relative loads
asm/code/code_0600C0.s:10414: Warning: section does not have enough alignment to ensure safe PC-relative loads
asm/code/code_0600C0.s:10423: Warning: section does not have enough alignment to ensure safe PC-relative loads
asm/code/code_0680C0.s:4439: Warning: section does not have enough alignment to ensure safe PC-relative loads
asm/code/code_0580C0.s:10884: Warning: section does not have enough alignment to ensure safe PC-relative loads
asm/code/code_0580C0.s:10910: Warning: section does not have enough alignment to ensure safe PC-relative loads
asm/code/code_0600C0.s:10424: Warning: section does not have enough alignment to ensure safe PC-relative loads
asm/code/code_0600C0.s:10426: Warning: section does not have enough alignment to ensure safe PC-relative loads
asm/code/code_0680C0.s:4443: Warning: section does not have enough alignment to ensure safe PC-relative loads
asm/code/code_0680C0.s:4446: Warning: section does not have enough alignment to ensure safe PC-relative loads
asm/code/code_0580C0.s:10915: Warning: section does not have enough alignment to ensure safe PC-relative loads
asm/code/code_0580C0.s:10924: Warning: section does not have enough alignment to ensure safe PC-relative loads
asm/code/code_0600C0.s:10444: Warning: section does not have enough alignment to ensure safe PC-relative loads
asm/code/code_0600C0.s:10449: Warning: section does not have enough alignment to ensure safe PC-relative loads
asm/code/code_0680C0.s:4450: Warning: section does not have enough alignment to ensure safe PC-relative loads
asm/code/code_0580C0.s:10931: Warning: section does not have enough alignment to ensure safe PC-relative loads
asm/code/code_0600C0.s:10505: Warning: section does not have enough alignment to ensure safe PC-relative loads
asm/code/code_0600C0.s:10521: Warning: section does not have enough alignment to ensure safe PC-relative loads
asm/code/code_0680C0.s:4453: Warning: section does not have enough alignment to ensure safe PC-relative loads
asm/code/code_0680C0.s:4456: Warning: section does not have enough alignment to ensure safe PC-relative loads
asm/code/code_0580C0.s:11039: Warning: section does not have enough alignment to ensure safe PC-relative loads
asm/code/code_0580C0.s:11045: Warning: section does not have enough alignment to ensure safe PC-relative loads
asm/code/code_0600C0.s:10522: Warning: section does not have enough alignment to ensure safe PC-relative loads
asm/code/code_0600C0.s:10556: Warning: section does not have enough alignment to ensure safe PC-relative loads
asm/code/code_0680C0.s:4458: Warning: section does not have enough alignment to ensure safe PC-relative loads
asm/code/code_0680C0.s:4460: Warning: section does not have enough alignment to ensure safe PC-relative loads
asm/code/code_0580C0.s:11047: Warning: section does not have enough alignment to ensure safe PC-relative loads
asm/code/code_0580C0.s:11049: Warning: section does not have enough alignment to ensure safe PC-relative loads
asm/code/code_0600C0.s:10558: Warning: section does not have enough alignment to ensure safe PC-relative loads
asm/code/code_0600C0.s:10593: Warning: section does not have enough alignment to ensure safe PC-relative loads
asm/code/code_0680C0.s:4465: Warning: section does not have enough alignment to ensure safe PC-relative loads
asm/code/code_0580C0.s:11051: Warning: section does not have enough alignment to ensure safe PC-relative loads
asm/code/code_0600C0.s:10607: Warning: section does not have enough alignment to ensure safe PC-relative loads
asm/code/code_0600C0.s:10610: Warning: section does not have enough alignment to ensure safe PC-relative loads
asm/code/code_0680C0.s:4472: Warning: section does not have enough alignment to ensure safe PC-relative loads
asm/code/code_0680C0.s:4540: Warning: section does not have enough alignment to ensure safe PC-relative loads
asm/code/code_0580C0.s:11053: Warning: section does not have enough alignment to ensure safe PC-relative loads
asm/code/code_0580C0.s:11055: Warning: section does not have enough alignment to ensure safe PC-relative loads
asm/code/code_0600C0.s:10618: Warning: section does not have enough alignment to ensure safe PC-relative loads
asm/code/code_0600C0.s:10638: Warning: section does not have enough alignment to ensure safe PC-relative loads
asm/code/code_0680C0.s:4543: Warning: section does not have enough alignment to ensure safe PC-relative loads
asm/code/code_0680C0.s:4546: Warning: section does not have enough alignment to ensure safe PC-relative loads
asm/code/code_0580C0.s:11057: Warning: section does not have enough alignment to ensure safe PC-relative loads
asm/code/code_0580C0.s:11064: Warning: section does not have enough alignment to ensure safe PC-relative loads
asm/code/code_0600C0.s:10644: Warning: section does not have enough alignment to ensure safe PC-relative loads
asm/code/code_0680C0.s:4548: Warning: section does not have enough alignment to ensure safe PC-relative loads
asm/code/code_0680C0.s:4550: Warning: section does not have enough alignment to ensure safe PC-relative loads
asm/code/code_0580C0.s:11066: Warning: section does not have enough alignment to ensure safe PC-relative loads
asm/code/code_0580C0.s:11088: Warning: section does not have enough alignment to ensure safe PC-relative loads
asm/code/code_0600C0.s:10694: Warning: section does not have enough alignment to ensure safe PC-relative loads
asm/code/code_0680C0.s:4555: Warning: section does not have enough alignment to ensure safe PC-relative loads
asm/code/code_0680C0.s:4562: Warning: section does not have enough alignment to ensure safe PC-relative loads
asm/code/code_0580C0.s:11097: Warning: section does not have enough alignment to ensure safe PC-relative loads
asm/code/code_0580C0.s:11098: Warning: section does not have enough alignment to ensure safe PC-relative loads
asm/code/code_0600C0.s:10862: Warning: section does not have enough alignment to ensure safe PC-relative loads
asm/code/code_0600C0.s:10871: Warning: section does not have enough alignment to ensure safe PC-relative loads
asm/code/code_0680C0.s:4569: Warning: section does not have enough alignment to ensure safe PC-relative loads
asm/code/code_0680C0.s:4796: Warning: section does not have enough alignment to ensure safe PC-relative loads
asm/code/code_0580C0.s:11157: Warning: section does not have enough alignment to ensure safe PC-relative loads
asm/code/code_0580C0.s:11166: Warning: section does not have enough alignment to ensure safe PC-relative loads
asm/code/code_0600C0.s:11105: Warning: section does not have enough alignment to ensure safe PC-relative loads
asm/code/code_0600C0.s:11118: Warning: section does not have enough alignment to ensure safe PC-relative loads
asm/code/code_0680C0.s:4835: Warning: section does not have enough alignment to ensure safe PC-relative loads
asm/code/code_0680C0.s:4870: Warning: section does not have enough alignment to ensure safe PC-relative loads
asm/code/code_0580C0.s:11199: Warning: section does not have enough alignment to ensure safe PC-relative loads
asm/code/code_0580C0.s:11208: Warning: section does not have enough alignment to ensure safe PC-relative loads
asm/code/code_0600C0.s:11159: Warning: section does not have enough alignment to ensure safe PC-relative loads
asm/code/code_0680C0.s:4876: Warning: section does not have enough alignment to ensure safe PC-relative loads
asm/code/code_0680C0.s:4887: Warning: section does not have enough alignment to ensure safe PC-relative loads
asm/code/code_0580C0.s:11252: Warning: section does not have enough alignment to ensure safe PC-relative loads
asm/code/code_0580C0.s:11255: Warning: section does not have enough alignment to ensure safe PC-relative loads
asm/code/code_0600C0.s:11192: Warning: section does not have enough alignment to ensure safe PC-relative loads
asm/code/code_0600C0.s:11231: Warning: section does not have enough alignment to ensure safe PC-relative loads
asm/code/code_0680C0.s:4894: Warning: section does not have enough alignment to ensure safe PC-relative loads
asm/code/code_0680C0.s:4909: Warning: section does not have enough alignment to ensure safe PC-relative loads
asm/code/code_0580C0.s:11278: Warning: section does not have enough alignment to ensure safe PC-relative loads
asm/code/code_0580C0.s:11292: Warning: section does not have enough alignment to ensure safe PC-relative loads
asm/code/code_0600C0.s:11294: Warning: section does not have enough alignment to ensure safe PC-relative loads
asm/code/code_0600C0.s:11324: Warning: section does not have enough alignment to ensure safe PC-relative loads
asm/code/code_0680C0.s:4924: Warning: section does not have enough alignment to ensure safe PC-relative loads
asm/code/code_0580C0.s:11304: Warning: section does not have enough alignment to ensure safe PC-relative loads
asm/code/code_0580C0.s:11352: Warning: section does not have enough alignment to ensure safe PC-relative loads
asm/code/code_0600C0.s:11408: Warning: section does not have enough alignment to ensure safe PC-relative loads
asm/code/code_0600C0.s:11414: Warning: section does not have enough alignment to ensure safe PC-relative loads
asm/code/code_0680C0.s:4935: Warning: section does not have enough alignment to ensure safe PC-relative loads
asm/code/code_0680C0.s:4944: Warning: section does not have enough alignment to ensure safe PC-relative loads
asm/code/code_0580C0.s:11392: Warning: section does not have enough alignment to ensure safe PC-relative loads
asm/code/code_0580C0.s:11399: Warning: section does not have enough alignment to ensure safe PC-relative loads
asm/code/code_0600C0.s:11416: Warning: section does not have enough alignment to ensure safe PC-relative loads
asm/code/code_0680C0.s:4951: Warning: section does not have enough alignment to ensure safe PC-relative loads
asm/code/code_0680C0.s:4958: Warning: section does not have enough alignment to ensure safe PC-relative loads
asm/code/code_0580C0.s:11438: Warning: section does not have enough alignment to ensure safe PC-relative loads
asm/code/code_0580C0.s:11489: Warning: section does not have enough alignment to ensure safe PC-relative loads
asm/code/code_0600C0.s:11418: Warning: section does not have enough alignment to ensure safe PC-relative loads
asm/code/code_0600C0.s:11420: Warning: section does not have enough alignment to ensure safe PC-relative loads
asm/code/code_0680C0.s:4965: Warning: section does not have enough alignment to ensure safe PC-relative loads
asm/code/code_0680C0.s:5029: Warning: section does not have enough alignment to ensure safe PC-relative loads
asm/code/code_0580C0.s:11493: Warning: section does not have enough alignment to ensure safe PC-relative loads
asm/code/code_0600C0.s:11422: Warning: section does not have enough alignment to ensure safe PC-relative loads
asm/code/code_0600C0.s:11424: Warning: section does not have enough alignment to ensure safe PC-relative loads
asm/code/code_0680C0.s:5073: Warning: section does not have enough alignment to ensure safe PC-relative loads
asm/code/code_0680C0.s:5079: Warning: section does not have enough alignment to ensure safe PC-relative loads
asm/code/code_0580C0.s:11500: Warning: section does not have enough alignment to ensure safe PC-relative loads
asm/code/code_0580C0.s:11509: Warning: section does not have enough alignment to ensure safe PC-relative loads
asm/code/code_0600C0.s:11426: Warning: section does not have enough alignment to ensure safe PC-relative loads
asm/code/code_0600C0.s:11440: Warning: section does not have enough alignment to ensure safe PC-relative loads
asm/code/code_0680C0.s:5081: Warning: section does not have enough alignment to ensure safe PC-relative loads
asm/code/code_0680C0.s:5083: Warning: section does not have enough alignment to ensure safe PC-relative loads
asm/code/code_0580C0.s:11513: Warning: section does not have enough alignment to ensure safe PC-relative loads
asm/code/code_0580C0.s:11522: Warning: section does not have enough alignment to ensure safe PC-relative loads
asm/code/code_0600C0.s:11449: Warning: section does not have enough alignment to ensure safe PC-relative loads
asm/code/code_0600C0.s:11450: Warning: section does not have enough alignment to ensure safe PC-relative loads
asm/code/code_0680C0.s:5085: Warning: section does not have enough alignment to ensure safe PC-relative loads
asm/code/code_0580C0.s:11525: Warning: section does not have enough alignment to ensure safe PC-relative loads
asm/code/code_0580C0.s:11527: Warning: section does not have enough alignment to ensure safe PC-relative loads
asm/code/code_0600C0.s:11500: Warning: section does not have enough alignment to ensure safe PC-relative loads
asm/code/code_0600C0.s:11513: Warning: section does not have enough alignment to ensure safe PC-relative loads
asm/code/code_0680C0.s:5087: Warning: section does not have enough alignment to ensure safe PC-relative loads
asm/code/code_0680C0.s:5089: Warning: section does not have enough alignment to ensure safe PC-relative loads
asm/code/code_0580C0.s:11532: Warning: section does not have enough alignment to ensure safe PC-relative loads
asm/code/code_0580C0.s:11535: Warning: section does not have enough alignment to ensure safe PC-relative loads
asm/code/code_0600C0.s:11554: Warning: section does not have enough alignment to ensure safe PC-relative loads
asm/code/code_0600C0.s:11570: Warning: section does not have enough alignment to ensure safe PC-relative loads
asm/code/code_0680C0.s:5091: Warning: section does not have enough alignment to ensure safe PC-relative loads
asm/code/code_0680C0.s:5105: Warning: section does not have enough alignment to ensure safe PC-relative loads
asm/code/code_0580C0.s:11539: Warning: section does not have enough alignment to ensure safe PC-relative loads
asm/code/code_0580C0.s:11542: Warning: section does not have enough alignment to ensure safe PC-relative loads
asm/code/code_0600C0.s:11572: Warning: section does not have enough alignment to ensure safe PC-relative loads
asm/code/code_0600C0.s:11575: Warning: section does not have enough alignment to ensure safe PC-relative loads
asm/code/code_0680C0.s:5119: Warning: section does not have enough alignment to ensure safe PC-relative loads
asm/code/code_0680C0.s:5120: Warning: section does not have enough alignment to ensure safe PC-relative loads
asm/code/code_0580C0.s:11546: Warning: section does not have enough alignment to ensure safe PC-relative loads
asm/code/code_0580C0.s:11574: Warning: section does not have enough alignment to ensure safe PC-relative loads
asm/code/code_0600C0.s:11579: Warning: section does not have enough alignment to ensure safe PC-relative loads
asm/code/code_0600C0.s:11590: Warning: section does not have enough alignment to ensure safe PC-relative loads
asm/code/code_0680C0.s:5175: Warning: section does not have enough alignment to ensure safe PC-relative loads
asm/code/code_0680C0.s:5180: Warning: section does not have enough alignment to ensure safe PC-relative loads
asm/code/code_0580C0.s:11591: Warning: section does not have enough alignment to ensure safe PC-relative loads
asm/code/code_0580C0.s:11598: Warning: section does not have enough alignment to ensure safe PC-relative loads
asm/code/code_0600C0.s:11592: Warning: section does not have enough alignment to ensure safe PC-relative loads
asm/code/code_0600C0.s:11596: Warning: section does not have enough alignment to ensure safe PC-relative loads
asm/code/code_0680C0.s:5182: Warning: section does not have enough alignment to ensure safe PC-relative loads
asm/code/code_0580C0.s:11681: Warning: section does not have enough alignment to ensure safe PC-relative loads
asm/code/code_0600C0.s:11616: Warning: section does not have enough alignment to ensure safe PC-relative loads
asm/code/code_0600C0.s:11626: Warning: section does not have enough alignment to ensure safe PC-relative loads
asm/code/code_0680C0.s:5185: Warning: section does not have enough alignment to ensure safe PC-relative loads
asm/code/code_0680C0.s:5189: Warning: section does not have enough alignment to ensure safe PC-relative loads
asm/code/code_0580C0.s:11686: Warning: section does not have enough alignment to ensure safe PC-relative loads
asm/code/code_0580C0.s:11693: Warning: section does not have enough alignment to ensure safe PC-relative loads
asm/code/code_0600C0.s:11715: Warning: section does not have enough alignment to ensure safe PC-relative loads
asm/code/code_0600C0.s:11729: Warning: section does not have enough alignment to ensure safe PC-relative loads
asm/code/code_0680C0.s:5203: Warning: section does not have enough alignment to ensure safe PC-relative loads
asm/code/code_0680C0.s:5220: Warning: section does not have enough alignment to ensure safe PC-relative loads
asm/code/code_0580C0.s:11697: Warning: section does not have enough alignment to ensure safe PC-relative loads
asm/code/code_0580C0.s:11743: Warning: section does not have enough alignment to ensure safe PC-relative loads
asm/code/code_0600C0.s:11730: Warning: section does not have enough alignment to ensure safe PC-relative loads
asm/code/code_0600C0.s:11740: Warning: section does not have enough alignment to ensure safe PC-relative loads
asm/code/code_0680C0.s:5224: Warning: section does not have enough alignment to ensure safe PC-relative loads
asm/code/code_0680C0.s:5227: Warning: section does not have enough alignment to ensure safe PC-relative loads
asm/code/code_0580C0.s:11754: Warning: section does not have enough alignment to ensure safe PC-relative loads
asm/code/code_0580C0.s:11761: Warning: section does not have enough alignment to ensure safe PC-relative loads
asm/code/code_0600C0.s:11741: Warning: section does not have enough alignment to ensure safe PC-relative loads
asm/code/code_0600C0.s:11773: Warning: section does not have enough alignment to ensure safe PC-relative loads
asm/code/code_0680C0.s:5229: Warning: section does not have enough alignment to ensure safe PC-relative loads
asm/code/code_0680C0.s:5231: Warning: section does not have enough alignment to ensure safe PC-relative loads
asm/code/code_0580C0.s:11764: Warning: section does not have enough alignment to ensure safe PC-relative loads
asm/code/code_0580C0.s:11773: Warning: section does not have enough alignment to ensure safe PC-relative loads
asm/code/code_0600C0.s:11823: Warning: section does not have enough alignment to ensure safe PC-relative loads
asm/code/code_0600C0.s:11984: Warning: section does not have enough alignment to ensure safe PC-relative loads
asm/code/code_0680C0.s:5234: Warning: section does not have enough alignment to ensure safe PC-relative loads
asm/code/code_0680C0.s:5238: Warning: section does not have enough alignment to ensure safe PC-relative loads
asm/code/code_0580C0.s:11783: Warning: section does not have enough alignment to ensure safe PC-relative loads
asm/code/code_0580C0.s:11785: Warning: section does not have enough alignment to ensure safe PC-relative loads
asm/code/code_0600C0.s:12231: Warning: section does not have enough alignment to ensure safe PC-relative loads
asm/code/code_0600C0.s:12236: Warning: section does not have enough alignment to ensure safe PC-relative loads
asm/code/code_0680C0.s:5242: Warning: section does not have enough alignment to ensure safe PC-relative loads
asm/code/code_0680C0.s:5246: Warning: section does not have enough alignment to ensure safe PC-relative loads
asm/code/code_0580C0.s:11789: Warning: section does not have enough alignment to ensure safe PC-relative loads
asm/code/code_0580C0.s:11799: Warning: section does not have enough alignment to ensure safe PC-relative loads
asm/code/code_0600C0.s:12285: Warning: section does not have enough alignment to ensure safe PC-relative loads
asm/code/code_0600C0.s:12320: Warning: section does not have enough alignment to ensure safe PC-relative loads
asm/code/code_0680C0.s:5248: Warning: section does not have enough alignment to ensure safe PC-relative loads
asm/code/code_0680C0.s:5250: Warning: section does not have enough alignment to ensure safe PC-relative loads
asm/code/code_0580C0.s:11810: Warning: section does not have enough alignment to ensure safe PC-relative loads
asm/code/code_0600C0.s:12353: Warning: section does not have enough alignment to ensure safe PC-relative loads
asm/code/code_0600C0.s:12357: Warning: section does not have enough alignment to ensure safe PC-relative loads
asm/code/code_0680C0.s:5254: Warning: section does not have enough alignment to ensure safe PC-relative loads
asm/code/code_0680C0.s:5262: Warning: section does not have enough alignment to ensure safe PC-relative loads
asm/code/code_0580C0.s:11811: Warning: section does not have enough alignment to ensure safe PC-relative loads
asm/code/code_0580C0.s:11828: Warning: section does not have enough alignment to ensure safe PC-relative loads
asm/code/code_0600C0.s:12368: Warning: section does not have enough alignment to ensure safe PC-relative loads
asm/code/code_0600C0.s:12372: Warning: section does not have enough alignment to ensure safe PC-relative loads
asm/code/code_0680C0.s:5264: Warning: section does not have enough alignment to ensure safe PC-relative loads
asm/code/code_0680C0.s:5266: Warning: section does not have enough alignment to ensure safe PC-relative loads
asm/code/code_0580C0.s:11908: Warning: section does not have enough alignment to ensure safe PC-relative loads
asm/code/code_0600C0.s:12377: Warning: section does not have enough alignment to ensure safe PC-relative loads
asm/code/code_0680C0.s:5283: Warning: section does not have enough alignment to ensure safe PC-relative loads
asm/code/code_0680C0.s:5288: Warning: section does not have enough alignment to ensure safe PC-relative loads
asm/code/code_0580C0.s:11927: Warning: section does not have enough alignment to ensure safe PC-relative loads
asm/code/code_0580C0.s:11928: Warning: section does not have enough alignment to ensure safe PC-relative loads
asm/code/code_0600C0.s:12538: Warning: section does not have enough alignment to ensure safe PC-relative loads
asm/code/code_0600C0.s:12591: Warning: section does not have enough alignment to ensure safe PC-relative loads
asm/code/code_0680C0.s:5329: Warning: section does not have enough alignment to ensure safe PC-relative loads
asm/code/code_0680C0.s:5335: Warning: section does not have enough alignment to ensure safe PC-relative loads
asm/code/code_0580C0.s:11960: Warning: section does not have enough alignment to ensure safe PC-relative loads
asm/code/code_0600C0.s:12606: Warning: section does not have enough alignment to ensure safe PC-relative loads
asm/code/code_0600C0.s:12722: Warning: section does not have enough alignment to ensure safe PC-relative loads
asm/code/code_0680C0.s:5338: Warning: section does not have enough alignment to ensure safe PC-relative loads
asm/code/code_0680C0.s:5375: Warning: section does not have enough alignment to ensure safe PC-relative loads
asm/code/code_0580C0.s:11961: Warning: section does not have enough alignment to ensure safe PC-relative loads
asm/code/code_0580C0.s:11981: Warning: section does not have enough alignment to ensure safe PC-relative loads
asm/code/code_0600C0.s:12726: Warning: section does not have enough alignment to ensure safe PC-relative loads
asm/code/code_0600C0.s:12750: Warning: section does not have enough alignment to ensure safe PC-relative loads
asm/code/code_0680C0.s:5424: Warning: section does not have enough alignment to ensure safe PC-relative loads
asm/code/code_0680C0.s:5433: Warning: section does not have enough alignment to ensure safe PC-relative loads
asm/code/code_0580C0.s:11982: Warning: section does not have enough alignment to ensure safe PC-relative loads
asm/code/code_0580C0.s:11988: Warning: section does not have enough alignment to ensure safe PC-relative loads
asm/code/code_0600C0.s:12754: Warning: section does not have enough alignment to ensure safe PC-relative loads
asm/code/code_0600C0.s:12789: Warning: section does not have enough alignment to ensure safe PC-relative loads
asm/code/code_0680C0.s:5439: Warning: section does not have enough alignment to ensure safe PC-relative loads
asm/code/code_0680C0.s:5445: Warning: section does not have enough alignment to ensure safe PC-relative loads
asm/code/code_0580C0.s:12003: Warning: section does not have enough alignment to ensure safe PC-relative loads
asm/code/code_0580C0.s:12004: Warning: section does not have enough alignment to ensure safe PC-relative loads
asm/code/code_0600C0.s:12791: Warning: section does not have enough alignment to ensure safe PC-relative loads
asm/code/code_0680C0.s:5448: Warning: section does not have enough alignment to ensure safe PC-relative loads
asm/code/code_0680C0.s:5468: Warning: section does not have enough alignment to ensure safe PC-relative loads
asm/code/code_0580C0.s:12027: Warning: section does not have enough alignment to ensure safe PC-relative loads
asm/code/code_0580C0.s:12028: Warning: section does not have enough alignment to ensure safe PC-relative loads
asm/code/code_0600C0.s:12795: Warning: section does not have enough alignment to ensure safe PC-relative loads
asm/code/code_0600C0.s:12800: Warning: section does not have enough alignment to ensure safe PC-relative loads
asm/code/code_0680C0.s:5473: Warning: section does not have enough alignment to ensure safe PC-relative loads
asm/code/code_0680C0.s:5479: Warning: section does not have enough alignment to ensure safe PC-relative loads
asm/code/code_0580C0.s:12046: Warning: section does not have enough alignment to ensure safe PC-relative loads
asm/code/code_0580C0.s:12047: Warning: section does not have enough alignment to ensure safe PC-relative loads
asm/code/code_0600C0.s:12819: Warning: section does not have enough alignment to ensure safe PC-relative loads
asm/code/code_0600C0.s:12921: Warning: section does not have enough alignment to ensure safe PC-relative loads
asm/code/code_0680C0.s:5523: Warning: section does not have enough alignment to ensure safe PC-relative loads
asm/code/code_0680C0.s:5537: Warning: section does not have enough alignment to ensure safe PC-relative loads
asm/code/code_0580C0.s:12121: Warning: section does not have enough alignment to ensure safe PC-relative loads
asm/code/code_0580C0.s:12122: Warning: section does not have enough alignment to ensure safe PC-relative loads
asm/code/code_0600C0.s:12965: Warning: section does not have enough alignment to ensure safe PC-relative loads
asm/code/code_0600C0.s:13011: Warning: section does not have enough alignment to ensure safe PC-relative loads
asm/code/code_0680C0.s:5538: Warning: section does not have enough alignment to ensure safe PC-relative loads
asm/code/code_0680C0.s:5540: Warning: section does not have enough alignment to ensure safe PC-relative loads
asm/code/code_0580C0.s:12125: Warning: section does not have enough alignment to ensure safe PC-relative loads
asm/code/code_0600C0.s:13014: Warning: section does not have enough alignment to ensure safe PC-relative loads
asm/code/code_0600C0.s:13016: Warning: section does not have enough alignment to ensure safe PC-relative loads
asm/code/code_0680C0.s:5558: Warning: section does not have enough alignment to ensure safe PC-relative loads
asm/code/code_0680C0.s:5563: Warning: section does not have enough alignment to ensure safe PC-relative loads
asm/code/code_0580C0.s:12128: Warning: section does not have enough alignment to ensure safe PC-relative loads
asm/code/code_0580C0.s:12132: Warning: section does not have enough alignment to ensure safe PC-relative loads
asm/code/code_0600C0.s:13020: Warning: section does not have enough alignment to ensure safe PC-relative loads
asm/code/code_0600C0.s:13045: Warning: section does not have enough alignment to ensure safe PC-relative loads
asm/code/code_0680C0.s:5687: Warning: section does not have enough alignment to ensure safe PC-relative loads
asm/code/code_0680C0.s:5712: Warning: section does not have enough alignment to ensure safe PC-relative loads
asm/code/code_0580C0.s:12136: Warning: section does not have enough alignment to ensure safe PC-relative loads
asm/code/code_0600C0.s:13048: Warning: section does not have enough alignment to ensure safe PC-relative loads
asm/code/code_0600C0.s:13113: Warning: section does not have enough alignment to ensure safe PC-relative loads
asm/code/code_0680C0.s:5720: Warning: section does not have enough alignment to ensure safe PC-relative loads
asm/code/code_0680C0.s:5728: Warning: section does not have enough alignment to ensure safe PC-relative loads
asm/code/code_0580C0.s:12145: Warning: section does not have enough alignment to ensure safe PC-relative loads
asm/code/code_0580C0.s:12184: Warning: section does not have enough alignment to ensure safe PC-relative loads
asm/code/code_0600C0.s:13175: Warning: section does not have enough alignment to ensure safe PC-relative loads
asm/code/code_0600C0.s:13211: Warning: section does not have enough alignment to ensure safe PC-relative loads
asm/code/code_0680C0.s:5744: Warning: section does not have enough alignment to ensure safe PC-relative loads
asm/code/code_0680C0.s:5772: Warning: section does not have enough alignment to ensure safe PC-relative loads
asm/code/code_0580C0.s:12196: Warning: section does not have enough alignment to ensure safe PC-relative loads
asm/code/code_0580C0.s:12214: Warning: section does not have enough alignment to ensure safe PC-relative loads
asm/code/code_0600C0.s:13228: Warning: section does not have enough alignment to ensure safe PC-relative loads
asm/code/code_0600C0.s:13277: Warning: section does not have enough alignment to ensure safe PC-relative loads
asm/code/code_0680C0.s:5798: Warning: section does not have enough alignment to ensure safe PC-relative loads
asm/code/code_0580C0.s:12220: Warning: section does not have enough alignment to ensure safe PC-relative loads
asm/code/code_0580C0.s:12238: Warning: section does not have enough alignment to ensure safe PC-relative loads
asm/code/code_0600C0.s:13294: Warning: section does not have enough alignment to ensure safe PC-relative loads
asm/code/code_0600C0.s:13334: Warning: section does not have enough alignment to ensure safe PC-relative loads
asm/code/code_0680C0.s:5824: Warning: section does not have enough alignment to ensure safe PC-relative loads
asm/code/code_0680C0.s:5852: Warning: section does not have enough alignment to ensure safe PC-relative loads
asm/code/code_0580C0.s:12277: Warning: section does not have enough alignment to ensure safe PC-relative loads
asm/code/code_0580C0.s:12313: Warning: section does not have enough alignment to ensure safe PC-relative loads
asm/code/code_0600C0.s:13340: Warning: section does not have enough alignment to ensure safe PC-relative loads
asm/code/code_0600C0.s:13345: Warning: section does not have enough alignment to ensure safe PC-relative loads
asm/code/code_0680C0.s:5885: Warning: section does not have enough alignment to ensure safe PC-relative loads
asm/code/code_0680C0.s:5889: Warning: section does not have enough alignment to ensure safe PC-relative loads
asm/code/code_0580C0.s:12382: Warning: section does not have enough alignment to ensure safe PC-relative loads
asm/code/code_0580C0.s:12408: Warning: section does not have enough alignment to ensure safe PC-relative loads
asm/code/code_0600C0.s:13374: Warning: section does not have enough alignment to ensure safe PC-relative loads
asm/code/code_0600C0.s:13379: Warning: section does not have enough alignment to ensure safe PC-relative loads
asm/code/code_0680C0.s:5900: Warning: section does not have enough alignment to ensure safe PC-relative loads
asm/code/code_0680C0.s:5906: Warning: section does not have enough alignment to ensure safe PC-relative loads
asm/code/code_0580C0.s:12432: Warning: section does not have enough alignment to ensure safe PC-relative loads
asm/code/code_0600C0.s:13388: Warning: section does not have enough alignment to ensure safe PC-relative loads
asm/code/code_0680C0.s:5921: Warning: section does not have enough alignment to ensure safe PC-relative loads
asm/code/code_0680C0.s:5925: Warning: section does not have enough alignment to ensure safe PC-relative loads
asm/code/code_0580C0.s:12454: Warning: section does not have enough alignment to ensure safe PC-relative loads
asm/code/code_0580C0.s:12528: Warning: section does not have enough alignment to ensure safe PC-relative loads
asm/code/code_0600C0.s:13393: Warning: section does not have enough alignment to ensure safe PC-relative loads
asm/code/code_0600C0.s:13398: Warning: section does not have enough alignment to ensure safe PC-relative loads
asm/code/code_0680C0.s:5927: Warning: section does not have enough alignment to ensure safe PC-relative loads
asm/code/code_0680C0.s:5943: Warning: section does not have enough alignment to ensure safe PC-relative loads
asm/code/code_0580C0.s:12589: Warning: section does not have enough alignment to ensure safe PC-relative loads
asm/code/code_0580C0.s:12592: Warning: section does not have enough alignment to ensure safe PC-relative loads
asm/code/code_0600C0.s:13408: Warning: section does not have enough alignment to ensure safe PC-relative loads
asm/code/code_0680C0.s:5951: Warning: section does not have enough alignment to ensure safe PC-relative loads
asm/code/code_0680C0.s:5962: Warning: section does not have enough alignment to ensure safe PC-relative loads
asm/code/code_0580C0.s:12643: Warning: section does not have enough alignment to ensure safe PC-relative loads
asm/code/code_0580C0.s:12654: Warning: section does not have enough alignment to ensure safe PC-relative loads
asm/code/code_0600C0.s:13420: Warning: section does not have enough alignment to ensure safe PC-relative loads
asm/code/code_0600C0.s:13567: Warning: section does not have enough alignment to ensure safe PC-relative loads
asm/code/code_0680C0.s:5981: Warning: section does not have enough alignment to ensure safe PC-relative loads
asm/code/code_0680C0.s:5987: Warning: section does not have enough alignment to ensure safe PC-relative loads
asm/code/code_0580C0.s:12659: Warning: section does not have enough alignment to ensure safe PC-relative loads
asm/code/code_0580C0.s:12699: Warning: section does not have enough alignment to ensure safe PC-relative loads
asm/code/code_0600C0.s:13584: Warning: section does not have enough alignment to ensure safe PC-relative loads
asm/code/code_0600C0.s:13593: Warning: section does not have enough alignment to ensure safe PC-relative loads
asm/code/code_0680C0.s:6123: Warning: section does not have enough alignment to ensure safe PC-relative loads
asm/code/code_0580C0.s:12704: Warning: section does not have enough alignment to ensure safe PC-relative loads
asm/code/code_0580C0.s:12735: Warning: section does not have enough alignment to ensure safe PC-relative loads
asm/code/code_0600C0.s:13597: Warning: section does not have enough alignment to ensure safe PC-relative loads
asm/code/code_0680C0.s:6127: Warning: section does not have enough alignment to ensure safe PC-relative loads
asm/code/code_0680C0.s:6132: Warning: section does not have enough alignment to ensure safe PC-relative loads
asm/code/code_0580C0.s:12741: Warning: section does not have enough alignment to ensure safe PC-relative loads
asm/code/code_0580C0.s:12748: Warning: section does not have enough alignment to ensure safe PC-relative loads
asm/code/code_0600C0.s:13680: Warning: section does not have enough alignment to ensure safe PC-relative loads
asm/code/code_0600C0.s:13689: Warning: section does not have enough alignment to ensure safe PC-relative loads
asm/code/code_0680C0.s:6133: Warning: section does not have enough alignment to ensure safe PC-relative loads
asm/code/code_0680C0.s:6137: Warning: section does not have enough alignment to ensure safe PC-relative loads
asm/code/code_0580C0.s:12794: Warning: section does not have enough alignment to ensure safe PC-relative loads
asm/code/code_0580C0.s:12800: Warning: section does not have enough alignment to ensure safe PC-relative loads
asm/code/code_0600C0.s:13736: Warning: section does not have enough alignment to ensure safe PC-relative loads
asm/code/code_0680C0.s:6139: Warning: section does not have enough alignment to ensure safe PC-relative loads
asm/code/code_0680C0.s:6150: Warning: section does not have enough alignment to ensure safe PC-relative loads
asm/code/code_0580C0.s:12864: Warning: section does not have enough alignment to ensure safe PC-relative loads
asm/code/code_0580C0.s:12870: Warning: section does not have enough alignment to ensure safe PC-relative loads
asm/code/code_0600C0.s:13743: Warning: section does not have enough alignment to ensure safe PC-relative loads
asm/code/code_0600C0.s:13749: Warning: section does not have enough alignment to ensure safe PC-relative loads
asm/code/code_0680C0.s:6154: Warning: section does not have enough alignment to ensure safe PC-relative loads
asm/code/code_0680C0.s:6156: Warning: section does not have enough alignment to ensure safe PC-relative loads
asm/code/code_0580C0.s:12908: Warning: section does not have enough alignment to ensure safe PC-relative loads
asm/code/code_0580C0.s:12932: Warning: section does not have enough alignment to ensure safe PC-relative loads
asm/code/code_0600C0.s:13835: Warning: section does not have enough alignment to ensure safe PC-relative loads
asm/code/code_0680C0.s:6162: Warning: section does not have enough alignment to ensure safe PC-relative loads
asm/code/code_0680C0.s:6169: Warning: section does not have enough alignment to ensure safe PC-relative loads
asm/code/code_0580C0.s:12933: Warning: section does not have enough alignment to ensure safe PC-relative loads
asm/code/code_0580C0.s:13099: Warning: section does not have enough alignment to ensure safe PC-relative loads
asm/code/code_0600C0.s:13861: Warning: section does not have enough alignment to ensure safe PC-relative loads
asm/code/code_0680C0.s:6174: Warning: section does not have enough alignment to ensure safe PC-relative loads
asm/code/code_0680C0.s:6179: Warning: section does not have enough alignment to ensure safe PC-relative loads
asm/code/code_0580C0.s:13201: Warning: section does not have enough alignment to ensure safe PC-relative loads
asm/code/code_0600C0.s:13873: Warning: section does not have enough alignment to ensure safe PC-relative loads
asm/code/code_0680C0.s:6182: Warning: section does not have enough alignment to ensure safe PC-relative loads
asm/code/code_0680C0.s:6184: Warning: section does not have enough alignment to ensure safe PC-relative loads
asm/code/code_0580C0.s:13203: Warning: section does not have enough alignment to ensure safe PC-relative loads
asm/code/code_0580C0.s:13237: Warning: section does not have enough alignment to ensure safe PC-relative loads
asm/code/code_0600C0.s:13927: Warning: section does not have enough alignment to ensure safe PC-relative loads
asm/code/code_0600C0.s:13933: Warning: section does not have enough alignment to ensure safe PC-relative loads
asm/code/code_0680C0.s:6189: Warning: section does not have enough alignment to ensure safe PC-relative loads
asm/code/code_0680C0.s:6200: Warning: section does not have enough alignment to ensure safe PC-relative loads
asm/code/code_0580C0.s:13246: Warning: section does not have enough alignment to ensure safe PC-relative loads
asm/code/code_0580C0.s:13259: Warning: section does not have enough alignment to ensure safe PC-relative loads
asm/code/code_0600C0.s:13998: Warning: section does not have enough alignment to ensure safe PC-relative loads
asm/code/code_0600C0.s:14003: Warning: section does not have enough alignment to ensure safe PC-relative loads
asm/code/code_0680C0.s:6203: Warning: section does not have enough alignment to ensure safe PC-relative loads
asm/code/code_0680C0.s:6207: Warning: section does not have enough alignment to ensure safe PC-relative loads
asm/code/code_0580C0.s:13275: Warning: section does not have enough alignment to ensure safe PC-relative loads
asm/code/code_0600C0.s:14010: Warning: section does not have enough alignment to ensure safe PC-relative loads
asm/code/code_0600C0.s:14020: Warning: section does not have enough alignment to ensure safe PC-relative loads
asm/code/code_0680C0.s:6213: Warning: section does not have enough alignment to ensure safe PC-relative loads
asm/code/code_0580C0.s:13306: Warning: section does not have enough alignment to ensure safe PC-relative loads
asm/code/code_0580C0.s:13322: Warning: section does not have enough alignment to ensure safe PC-relative loads
asm/code/code_0600C0.s:14238: Warning: section does not have enough alignment to ensure safe PC-relative loads
asm/code/code_0600C0.s:14271: Warning: section does not have enough alignment to ensure safe PC-relative loads
asm/code/code_0680C0.s:6216: Warning: section does not have enough alignment to ensure safe PC-relative loads
asm/code/code_0580C0.s:13346: Warning: section does not have enough alignment to ensure safe PC-relative loads
asm/code/code_0580C0.s:13362: Warning: section does not have enough alignment to ensure safe PC-relative loads
asm/code/code_0600C0.s:14309: Warning: section does not have enough alignment to ensure safe PC-relative loads
asm/code/code_0600C0.s:14317: Warning: section does not have enough alignment to ensure safe PC-relative loads
asm/code/code_0680C0.s:6223: Warning: section does not have enough alignment to ensure safe PC-relative loads
asm/code/code_0680C0.s:6228: Warning: section does not have enough alignment to ensure safe PC-relative loads
asm/code/code_0580C0.s:13382: Warning: section does not have enough alignment to ensure safe PC-relative loads
asm/code/code_0580C0.s:13419: Warning: section does not have enough alignment to ensure safe PC-relative loads
asm/code/code_0600C0.s:14332: Warning: section does not have enough alignment to ensure safe PC-relative loads
asm/code/code_0600C0.s:14340: Warning: section does not have enough alignment to ensure safe PC-relative loads
asm/code/code_0680C0.s:6241: Warning: section does not have enough alignment to ensure safe PC-relative loads
asm/code/code_0680C0.s:6261: Warning: section does not have enough alignment to ensure safe PC-relative loads
asm/code/code_0580C0.s:13427: Warning: section does not have enough alignment to ensure safe PC-relative loads
asm/code/code_0600C0.s:14345: Warning: section does not have enough alignment to ensure safe PC-relative loads
asm/code/code_0680C0.s:6268: Warning: section does not have enough alignment to ensure safe PC-relative loads
asm/code/code_0680C0.s:6278: Warning: section does not have enough alignment to ensure safe PC-relative loads
asm/code/code_0580C0.s:13436: Warning: section does not have enough alignment to ensure safe PC-relative loads
asm/code/code_0600C0.s:14352: Warning: section does not have enough alignment to ensure safe PC-relative loads
asm/code/code_0600C0.s:14368: Warning: section does not have enough alignment to ensure safe PC-relative loads
asm/code/code_0680C0.s:6292: Warning: section does not have enough alignment to ensure safe PC-relative loads
asm/code/code_0680C0.s:6314: Warning: section does not have enough alignment to ensure safe PC-relative loads
asm/code/code_0580C0.s:13450: Warning: section does not have enough alignment to ensure safe PC-relative loads
asm/code/code_0600C0.s:14400: Warning: section does not have enough alignment to ensure safe PC-relative loads
asm/code/code_0600C0.s:14406: Warning: section does not have enough alignment to ensure safe PC-relative loads
asm/code/code_0680C0.s:6336: Warning: section does not have enough alignment to ensure safe PC-relative loads
asm/code/code_0680C0.s:6350: Warning: section does not have enough alignment to ensure safe PC-relative loads
asm/code/code_0580C0.s:13452: Warning: section does not have enough alignment to ensure safe PC-relative loads
asm/code/code_0600C0.s:14418: Warning: section does not have enough alignment to ensure safe PC-relative loads
asm/code/code_0600C0.s:14565: Warning: section does not have enough alignment to ensure safe PC-relative loads
asm/code/code_0680C0.s:6353: Warning: section does not have enough alignment to ensure safe PC-relative loads
asm/code/code_0680C0.s:6368: Warning: section does not have enough alignment to ensure safe PC-relative loads
asm/code/code_0580C0.s:13456: Warning: section does not have enough alignment to ensure safe PC-relative loads
asm/code/code_0580C0.s:13473: Warning: section does not have enough alignment to ensure safe PC-relative loads
asm/code/code_0600C0.s:14570: Warning: section does not have enough alignment to ensure safe PC-relative loads
asm/code/code_0600C0.s:14572: Warning: section does not have enough alignment to ensure safe PC-relative loads
asm/code/code_0680C0.s:6496: Warning: section does not have enough alignment to ensure safe PC-relative loads
asm/code/code_0680C0.s:6509: Warning: section does not have enough alignment to ensure safe PC-relative loads
asm/code/code_0580C0.s:13477: Warning: section does not have enough alignment to ensure safe PC-relative loads
asm/code/code_0600C0.s:14575: Warning: section does not have enough alignment to ensure safe PC-relative loads
asm/code/code_0600C0.s:14579: Warning: section does not have enough alignment to ensure safe PC-relative loads
asm/code/code_0680C0.s:6531: Warning: section does not have enough alignment to ensure safe PC-relative loads
asm/code/code_0680C0.s:6536: Warning: section does not have enough alignment to ensure safe PC-relative loads
asm/code/code_0580C0.s:13481: Warning: section does not have enough alignment to ensure safe PC-relative loads
asm/code/code_0580C0.s:13494: Warning: section does not have enough alignment to ensure safe PC-relative loads
asm/code/code_0600C0.s:14593: Warning: section does not have enough alignment to ensure safe PC-relative loads
asm/code/code_0600C0.s:14610: Warning: section does not have enough alignment to ensure safe PC-relative loads
asm/code/code_0680C0.s:6545: Warning: section does not have enough alignment to ensure safe PC-relative loads
asm/code/code_0580C0.s:13532: Warning: section does not have enough alignment to ensure safe PC-relative loads
asm/code/code_0580C0.s:13543: Warning: section does not have enough alignment to ensure safe PC-relative loads
asm/code/code_0600C0.s:14614: Warning: section does not have enough alignment to ensure safe PC-relative loads
asm/code/code_0600C0.s:14617: Warning: section does not have enough alignment to ensure safe PC-relative loads
asm/code/code_0680C0.s:6568: Warning: section does not have enough alignment to ensure safe PC-relative loads
asm/code/code_0680C0.s:6580: Warning: section does not have enough alignment to ensure safe PC-relative loads
asm/code/code_0580C0.s:13551: Warning: section does not have enough alignment to ensure safe PC-relative loads
asm/code/code_0580C0.s:13557: Warning: section does not have enough alignment to ensure safe PC-relative loads
asm/code/code_0600C0.s:14619: Warning: section does not have enough alignment to ensure safe PC-relative loads
asm/code/code_0600C0.s:14621: Warning: section does not have enough alignment to ensure safe PC-relative loads
asm/code/code_0680C0.s:6586: Warning: section does not have enough alignment to ensure safe PC-relative loads
asm/code/code_0680C0.s:6601: Warning: section does not have enough alignment to ensure safe PC-relative loads
asm/code/code_0580C0.s:13568: Warning: section does not have enough alignment to ensure safe PC-relative loads
asm/code/code_0600C0.s:14632: Warning: section does not have enough alignment to ensure safe PC-relative loads
asm/code/code_0600C0.s:14638: Warning: section does not have enough alignment to ensure safe PC-relative loads
asm/code/code_0680C0.s:6614: Warning: section does not have enough alignment to ensure safe PC-relative loads
asm/code/code_0680C0.s:6628: Warning: section does not have enough alignment to ensure safe PC-relative loads
asm/code/code_0580C0.s:13572: Warning: section does not have enough alignment to ensure safe PC-relative loads
asm/code/code_0580C0.s:13589: Warning: section does not have enough alignment to ensure safe PC-relative loads
asm/code/code_0600C0.s:14640: Warning: section does not have enough alignment to ensure safe PC-relative loads
asm/code/code_0600C0.s:14644: Warning: section does not have enough alignment to ensure safe PC-relative loads
asm/code/code_0680C0.s:6634: Warning: section does not have enough alignment to ensure safe PC-relative loads
asm/code/code_0680C0.s:6636: Warning: section does not have enough alignment to ensure safe PC-relative loads
asm/code/code_0580C0.s:13592: Warning: section does not have enough alignment to ensure safe PC-relative loads
asm/code/code_0580C0.s:13600: Warning: section does not have enough alignment to ensure safe PC-relative loads
asm/code/code_0600C0.s:14647: Warning: section does not have enough alignment to ensure safe PC-relative loads
asm/code/code_0600C0.s:14653: Warning: section does not have enough alignment to ensure safe PC-relative loads
asm/code/code_0680C0.s:6644: Warning: section does not have enough alignment to ensure safe PC-relative loads
asm/code/code_0680C0.s:6649: Warning: section does not have enough alignment to ensure safe PC-relative loads
asm/code/code_0580C0.s:13603: Warning: section does not have enough alignment to ensure safe PC-relative loads
asm/code/code_0580C0.s:13650: Warning: section does not have enough alignment to ensure safe PC-relative loads
asm/code/code_0600C0.s:14655: Warning: section does not have enough alignment to ensure safe PC-relative loads
asm/code/code_0600C0.s:14657: Warning: section does not have enough alignment to ensure safe PC-relative loads
asm/code/code_0680C0.s:6652: Warning: section does not have enough alignment to ensure safe PC-relative loads
asm/code/code_0680C0.s:6654: Warning: section does not have enough alignment to ensure safe PC-relative loads
asm/code/code_0580C0.s:13668: Warning: section does not have enough alignment to ensure safe PC-relative loads
asm/code/code_0600C0.s:14671: Warning: section does not have enough alignment to ensure safe PC-relative loads
asm/code/code_0600C0.s:14673: Warning: section does not have enough alignment to ensure safe PC-relative loads
asm/code/code_0680C0.s:6656: Warning: section does not have enough alignment to ensure safe PC-relative loads
asm/code/code_0680C0.s:6660: Warning: section does not have enough alignment to ensure safe PC-relative loads
asm/code/code_0580C0.s:13850: Warning: section does not have enough alignment to ensure safe PC-relative loads
asm/code/code_0580C0.s:13867: Warning: section does not have enough alignment to ensure safe PC-relative loads
asm/code/code_0600C0.s:14677: Warning: section does not have enough alignment to ensure safe PC-relative loads
asm/code/code_0600C0.s:14682: Warning: section does not have enough alignment to ensure safe PC-relative loads
asm/code/code_0680C0.s:6672: Warning: section does not have enough alignment to ensure safe PC-relative loads
asm/code/code_0680C0.s:6674: Warning: section does not have enough alignment to ensure safe PC-relative loads
asm/code/code_0580C0.s:13887: Warning: section does not have enough alignment to ensure safe PC-relative loads
asm/code/code_0580C0.s:13894: Warning: section does not have enough alignment to ensure safe PC-relative loads
asm/code/code_0600C0.s:14730: Warning: section does not have enough alignment to ensure safe PC-relative loads
asm/code/code_0600C0.s:14738: Warning: section does not have enough alignment to ensure safe PC-relative loads
asm/code/code_0680C0.s:6679: Warning: section does not have enough alignment to ensure safe PC-relative loads
asm/code/code_0680C0.s:6705: Warning: section does not have enough alignment to ensure safe PC-relative loads
asm/code/code_0580C0.s:13902: Warning: section does not have enough alignment to ensure safe PC-relative loads
asm/code/code_0580C0.s:13972: Warning: section does not have enough alignment to ensure safe PC-relative loads
asm/code/code_0600C0.s:14740: Warning: section does not have enough alignment to ensure safe PC-relative loads
asm/code/code_0600C0.s:14742: Warning: section does not have enough alignment to ensure safe PC-relative loads
asm/code/code_0680C0.s:6713: Warning: section does not have enough alignment to ensure safe PC-relative loads
asm/code/code_0680C0.s:6728: Warning: section does not have enough alignment to ensure safe PC-relative loads
asm/code/code_0580C0.s:13974: Warning: section does not have enough alignment to ensure safe PC-relative loads
asm/code/code_0580C0.s:13976: Warning: section does not have enough alignment to ensure safe PC-relative loads
asm/code/code_0600C0.s:14755: Warning: section does not have enough alignment to ensure safe PC-relative loads
asm/code/code_0600C0.s:14760: Warning: section does not have enough alignment to ensure safe PC-relative loads
asm/code/code_0680C0.s:6763: Warning: section does not have enough alignment to ensure safe PC-relative loads
asm/code/code_0680C0.s:6764: Warning: section does not have enough alignment to ensure safe PC-relative loads
asm/code/code_0580C0.s:13986: Warning: section does not have enough alignment to ensure safe PC-relative loads
asm/code/code_0580C0.s:14048: Warning: section does not have enough alignment to ensure safe PC-relative loads
asm/code/code_0600C0.s:14857: Warning: section does not have enough alignment to ensure safe PC-relative loads
asm/code/code_0680C0.s:6767: Warning: section does not have enough alignment to ensure safe PC-relative loads
asm/code/code_0680C0.s:6886: Warning: section does not have enough alignment to ensure safe PC-relative loads
asm/code/code_0580C0.s:14072: Warning: section does not have enough alignment to ensure safe PC-relative loads
asm/code/code_0580C0.s:14080: Warning: section does not have enough alignment to ensure safe PC-relative loads
asm/code/code_0600C0.s:14874: Warning: section does not have enough alignment to ensure safe PC-relative loads
asm/code/code_0600C0.s:14878: Warning: section does not have enough alignment to ensure safe PC-relative loads
asm/code/code_0680C0.s:6887: Warning: section does not have enough alignment to ensure safe PC-relative loads
asm/code/code_0680C0.s:6889: Warning: section does not have enough alignment to ensure safe PC-relative loads
asm/code/code_0580C0.s:14082: Warning: section does not have enough alignment to ensure safe PC-relative loads
asm/code/code_0580C0.s:14095: Warning: section does not have enough alignment to ensure safe PC-relative loads
asm/code/code_0600C0.s:14897: Warning: section does not have enough alignment to ensure safe PC-relative loads
asm/code/code_0600C0.s:14907: Warning: section does not have enough alignment to ensure safe PC-relative loads
asm/code/code_0680C0.s:6916: Warning: section does not have enough alignment to ensure safe PC-relative loads
asm/code/code_0680C0.s:6926: Warning: section does not have enough alignment to ensure safe PC-relative loads
asm/code/code_0580C0.s:14117: Warning: section does not have enough alignment to ensure safe PC-relative loads
asm/code/code_0580C0.s:14122: Warning: section does not have enough alignment to ensure safe PC-relative loads
asm/code/code_0600C0.s:14922: Warning: section does not have enough alignment to ensure safe PC-relative loads
asm/code/code_0600C0.s:14924: Warning: section does not have enough alignment to ensure safe PC-relative loads
asm/code/code_0680C0.s:6964: Warning: section does not have enough alignment to ensure safe PC-relative loads
asm/code/code_0680C0.s:6969: Warning: section does not have enough alignment to ensure safe PC-relative loads
asm/code/code_0580C0.s:14127: Warning: section does not have enough alignment to ensure safe PC-relative loads
asm/code/code_0580C0.s:14135: Warning: section does not have enough alignment to ensure safe PC-relative loads
asm/code/code_0600C0.s:14946: Warning: section does not have enough alignment to ensure safe PC-relative loads
asm/code/code_0600C0.s:14953: Warning: section does not have enough alignment to ensure safe PC-relative loads
asm/code/code_0680C0.s:7021: Warning: section does not have enough alignment to ensure safe PC-relative loads
asm/code/code_0680C0.s:7022: Warning: section does not have enough alignment to ensure safe PC-relative loads
asm/code/code_0580C0.s:14164: Warning: section does not have enough alignment to ensure safe PC-relative loads
asm/code/code_0580C0.s:14176: Warning: section does not have enough alignment to ensure safe PC-relative loads
asm/code/code_0600C0.s:14970: Warning: section does not have enough alignment to ensure safe PC-relative loads
asm/code/code_0680C0.s:7062: Warning: section does not have enough alignment to ensure safe PC-relative loads
asm/code/code_0680C0.s:7063: Warning: section does not have enough alignment to ensure safe PC-relative loads
asm/code/code_0580C0.s:14181: Warning: section does not have enough alignment to ensure safe PC-relative loads
asm/code/code_0580C0.s:14326: Warning: section does not have enough alignment to ensure safe PC-relative loads
asm/code/code_0600C0.s:14974: Warning: section does not have enough alignment to ensure safe PC-relative loads
asm/code/code_0600C0.s:15012: Warning: section does not have enough alignment to ensure safe PC-relative loads
asm/code/code_0680C0.s:7096: Warning: section does not have enough alignment to ensure safe PC-relative loads
asm/code/code_0680C0.s:7103: Warning: section does not have enough alignment to ensure safe PC-relative loads
asm/code/code_0580C0.s:14335: Warning: section does not have enough alignment to ensure safe PC-relative loads
asm/code/code_0580C0.s:14370: Warning: section does not have enough alignment to ensure safe PC-relative loads
asm/code/code_0600C0.s:15025: Warning: section does not have enough alignment to ensure safe PC-relative loads
asm/code/code_0680C0.s:7129: Warning: section does not have enough alignment to ensure safe PC-relative loads
asm/code/code_0580C0.s:14413: Warning: section does not have enough alignment to ensure safe PC-relative loads
asm/code/code_0580C0.s:14414: Warning: section does not have enough alignment to ensure safe PC-relative loads
asm/code/code_0600C0.s:15029: Warning: section does not have enough alignment to ensure safe PC-relative loads
asm/code/code_0600C0.s:15032: Warning: section does not have enough alignment to ensure safe PC-relative loads
asm/code/code_0680C0.s:7216: Warning: section does not have enough alignment to ensure safe PC-relative loads
asm/code/code_0580C0.s:14445: Warning: section does not have enough alignment to ensure safe PC-relative loads
asm/code/code_0580C0.s:14477: Warning: section does not have enough alignment to ensure safe PC-relative loads
asm/code/code_0600C0.s:15073: Warning: section does not have enough alignment to ensure safe PC-relative loads
asm/code/code_0680C0.s:7293: Warning: section does not have enough alignment to ensure safe PC-relative loads
asm/code/code_0580C0.s:14480: Warning: section does not have enough alignment to ensure safe PC-relative loads
asm/code/code_0600C0.s:15086: Warning: section does not have enough alignment to ensure safe PC-relative loads
asm/code/code_0600C0.s:15090: Warning: section does not have enough alignment to ensure safe PC-relative loads
asm/code/code_0680C0.s:7341: Warning: section does not have enough alignment to ensure safe PC-relative loads
asm/code/code_0680C0.s:7427: Warning: section does not have enough alignment to ensure safe PC-relative loads
asm/code/code_0580C0.s:14499: Warning: section does not have enough alignment to ensure safe PC-relative loads
asm/code/code_0580C0.s:14502: Warning: section does not have enough alignment to ensure safe PC-relative loads
asm/code/code_0600C0.s:15215: Warning: section does not have enough alignment to ensure safe PC-relative loads
asm/code/code_0600C0.s:15242: Warning: section does not have enough alignment to ensure safe PC-relative loads
asm/code/code_0680C0.s:7439: Warning: section does not have enough alignment to ensure safe PC-relative loads
asm/code/code_0680C0.s:7456: Warning: section does not have enough alignment to ensure safe PC-relative loads
asm/code/code_0580C0.s:14519: Warning: section does not have enough alignment to ensure safe PC-relative loads
asm/code/code_0580C0.s:14558: Warning: section does not have enough alignment to ensure safe PC-relative loads
asm/code/code_0600C0.s:15269: Warning: section does not have enough alignment to ensure safe PC-relative loads
asm/code/code_0680C0.s:7461: Warning: section does not have enough alignment to ensure safe PC-relative loads
asm/code/code_0680C0.s:7475: Warning: section does not have enough alignment to ensure safe PC-relative loads
asm/code/code_0580C0.s:14583: Warning: section does not have enough alignment to ensure safe PC-relative loads
asm/code/code_0580C0.s:14608: Warning: section does not have enough alignment to ensure safe PC-relative loads
asm/code/code_0600C0.s:15274: Warning: section does not have enough alignment to ensure safe PC-relative loads
asm/code/code_0600C0.s:15301: Warning: section does not have enough alignment to ensure safe PC-relative loads
asm/code/code_0680C0.s:7543: Warning: section does not have enough alignment to ensure safe PC-relative loads
asm/code/code_0680C0.s:7557: Warning: section does not have enough alignment to ensure safe PC-relative loads
asm/code/code_0580C0.s:14706: Warning: section does not have enough alignment to ensure safe PC-relative loads
asm/code/code_0580C0.s:14711: Warning: section does not have enough alignment to ensure safe PC-relative loads
asm/code/code_0600C0.s:15305: Warning: section does not have enough alignment to ensure safe PC-relative loads
asm/code/code_0600C0.s:15320: Warning: section does not have enough alignment to ensure safe PC-relative loads
asm/code/code_0680C0.s:7841: Warning: section does not have enough alignment to ensure safe PC-relative loads
asm/code/code_0680C0.s:7947: Warning: section does not have enough alignment to ensure safe PC-relative loads
asm/code/code_0580C0.s:14713: Warning: section does not have enough alignment to ensure safe PC-relative loads
asm/code/code_0600C0.s:15357: Warning: section does not have enough alignment to ensure safe PC-relative loads
asm/code/code_0600C0.s:15409: Warning: section does not have enough alignment to ensure safe PC-relative loads
asm/code/code_0680C0.s:7967: Warning: section does not have enough alignment to ensure safe PC-relative loads
asm/code/code_0680C0.s:7968: Warning: section does not have enough alignment to ensure safe PC-relative loads
asm/code/code_0580C0.s:14736: Warning: section does not have enough alignment to ensure safe PC-relative loads
asm/code/code_0580C0.s:14743: Warning: section does not have enough alignment to ensure safe PC-relative loads
asm/code/code_0600C0.s:15411: Warning: section does not have enough alignment to ensure safe PC-relative loads
asm/code/code_0680C0.s:7970: Warning: section does not have enough alignment to ensure safe PC-relative loads
asm/code/code_0680C0.s:8013: Warning: section does not have enough alignment to ensure safe PC-relative loads
asm/code/code_0580C0.s:14763: Warning: section does not have enough alignment to ensure safe PC-relative loads
asm/code/code_0580C0.s:14772: Warning: section does not have enough alignment to ensure safe PC-relative loads
asm/code/code_0680C0.s:8014: Warning: section does not have enough alignment to ensure safe PC-relative loads
asm/code/code_0680C0.s:8034: Warning: section does not have enough alignment to ensure safe PC-relative loads
asm/code/code_0580C0.s:14810: Warning: section does not have enough alignment to ensure safe PC-relative loads
asm/code/code_0680C0.s:8035: Warning: section does not have enough alignment to ensure safe PC-relative loads
asm/code/code_0680C0.s:8062: Warning: section does not have enough alignment to ensure safe PC-relative loads
asm/code/code_0580C0.s:14845: Warning: section does not have enough alignment to ensure safe PC-relative loads
asm/code/code_0580C0.s:14858: Warning: section does not have enough alignment to ensure safe PC-relative loads
asm/code/code_0680C0.s:8063: Warning: section does not have enough alignment to ensure safe PC-relative loads
asm/code/code_0580C0.s:14877: Warning: section does not have enough alignment to ensure safe PC-relative loads
asm/code/code_0580C0.s:14885: Warning: section does not have enough alignment to ensure safe PC-relative loads
asm/code/code_0680C0.s:8074: Warning: section does not have enough alignment to ensure safe PC-relative loads
asm/code/code_0680C0.s:8075: Warning: section does not have enough alignment to ensure safe PC-relative loads
asm/code/code_0580C0.s:14912: Warning: section does not have enough alignment to ensure safe PC-relative loads
asm/code/code_0680C0.s:8078: Warning: section does not have enough alignment to ensure safe PC-relative loads
asm/code/code_0680C0.s:8224: Warning: section does not have enough alignment to ensure safe PC-relative loads
asm/code/code_0580C0.s:14938: Warning: section does not have enough alignment to ensure safe PC-relative loads
asm/code/code_0580C0.s:14943: Warning: section does not have enough alignment to ensure safe PC-relative loads
asm/code/code_0680C0.s:8225: Warning: section does not have enough alignment to ensure safe PC-relative loads
asm/code/code_0580C0.s:14964: Warning: section does not have enough alignment to ensure safe PC-relative loads
asm/code/code_0580C0.s:14981: Warning: section does not have enough alignment to ensure safe PC-relative loads
asm/code/code_0680C0.s:8278: Warning: section does not have enough alignment to ensure safe PC-relative loads
asm/code/code_0580C0.s:14990: Warning: section does not have enough alignment to ensure safe PC-relative loads
asm/code/code_0580C0.s:14992: Warning: section does not have enough alignment to ensure safe PC-relative loads
asm/code/code_0680C0.s:8368: Warning: section does not have enough alignment to ensure safe PC-relative loads
asm/code/code_0680C0.s:8369: Warning: section does not have enough alignment to ensure safe PC-relative loads
asm/code/code_0580C0.s:14997: Warning: section does not have enough alignment to ensure safe PC-relative loads
asm/code/code_0580C0.s:15000: Warning: section does not have enough alignment to ensure safe PC-relative loads
asm/code/code_0680C0.s:8370: Warning: section does not have enough alignment to ensure safe PC-relative loads
asm/code/code_0680C0.s:8405: Warning: section does not have enough alignment to ensure safe PC-relative loads
asm/code/code_0580C0.s:15009: Warning: section does not have enough alignment to ensure safe PC-relative loads
asm/code/code_0680C0.s:8448: Warning: section does not have enough alignment to ensure safe PC-relative loads
asm/code/code_0680C0.s:8449: Warning: section does not have enough alignment to ensure safe PC-relative loads
asm/code/code_0580C0.s:15011: Warning: section does not have enough alignment to ensure safe PC-relative loads
asm/code/code_0580C0.s:15015: Warning: section does not have enough alignment to ensure safe PC-relative loads
asm/code/code_0680C0.s:8452: Warning: section does not have enough alignment to ensure safe PC-relative loads
asm/code/code_0580C0.s:15018: Warning: section does not have enough alignment to ensure safe PC-relative loads
asm/code/code_0580C0.s:15022: Warning: section does not have enough alignment to ensure safe PC-relative loads
asm/code/code_0680C0.s:8548: Warning: section does not have enough alignment to ensure safe PC-relative loads
asm/code/code_0680C0.s:8678: Warning: section does not have enough alignment to ensure safe PC-relative loads
asm/code/code_0580C0.s:15024: Warning: section does not have enough alignment to ensure safe PC-relative loads
asm/code/code_0580C0.s:15026: Warning: section does not have enough alignment to ensure safe PC-relative loads
AS      asm/code/code_0700C0.s
asm/code/code_0680C0.s:8680: Warning: section does not have enough alignment to ensure safe PC-relative loads
asm/code/code_0580C0.s:15038: Warning: section does not have enough alignment to ensure safe PC-relative loads
asm/code/code_0580C0.s:15040: Warning: section does not have enough alignment to ensure safe PC-relative loads
asm/code/code_0680C0.s:8844: Warning: section does not have enough alignment to ensure safe PC-relative loads
asm/code/code_0680C0.s:9526: Warning: section does not have enough alignment to ensure safe PC-relative loads
asm/code/code_0580C0.s:15141: Warning: section does not have enough alignment to ensure safe PC-relative loads
asm/code/code_0580C0.s:15157: Warning: section does not have enough alignment to ensure safe PC-relative loads
asm/code/code_0680C0.s:9543: Warning: section does not have enough alignment to ensure safe PC-relative loads
asm/code/code_0680C0.s:9558: Warning: section does not have enough alignment to ensure safe PC-relative loads
asm/code/code_0580C0.s:15164: Warning: section does not have enough alignment to ensure safe PC-relative loads
asm/code/code_0680C0.s:9603: Warning: section does not have enough alignment to ensure safe PC-relative loads
asm/code/code_0680C0.s:9634: Warning: section does not have enough alignment to ensure safe PC-relative loads
asm/code/code_0580C0.s:15191: Warning: section does not have enough alignment to ensure safe PC-relative loads
asm/code/code_0580C0.s:15209: Warning: section does not have enough alignment to ensure safe PC-relative loads
asm/code/code_0680C0.s:9647: Warning: section does not have enough alignment to ensure safe PC-relative loads
asm/code/code_0680C0.s:9663: Warning: section does not have enough alignment to ensure safe PC-relative loads
asm/code/code_0580C0.s:15214: Warning: section does not have enough alignment to ensure safe PC-relative loads
asm/code/code_0680C0.s:9769: Warning: section does not have enough alignment to ensure safe PC-relative loads
asm/code/code_0680C0.s:9976: Warning: section does not have enough alignment to ensure safe PC-relative loads
asm/code/code_0580C0.s:15256: Warning: section does not have enough alignment to ensure safe PC-relative loads
asm/code/code_0580C0.s:15272: Warning: section does not have enough alignment to ensure safe PC-relative loads
asm/code/code_0680C0.s:10015: Warning: section does not have enough alignment to ensure safe PC-relative loads
asm/code/code_0580C0.s:15280: Warning: section does not have enough alignment to ensure safe PC-relative loads
asm/code/code_0680C0.s:10031: Warning: section does not have enough alignment to ensure safe PC-relative loads
asm/code/code_0680C0.s:10269: Warning: section does not have enough alignment to ensure safe PC-relative loads
asm/code/code_0580C0.s:15294: Warning: section does not have enough alignment to ensure safe PC-relative loads
asm/code/code_0680C0.s:10275: Warning: section does not have enough alignment to ensure safe PC-relative loads
asm/code/code_0680C0.s:10277: Warning: section does not have enough alignment to ensure safe PC-relative loads
asm/code/code_0580C0.s:15306: Warning: section does not have enough alignment to ensure safe PC-relative loads
asm/code/code_0580C0.s:15312: Warning: section does not have enough alignment to ensure safe PC-relative loads
asm/code/code_0680C0.s:10279: Warning: section does not have enough alignment to ensure safe PC-relative loads
asm/code/code_0680C0.s:10281: Warning: section does not have enough alignment to ensure safe PC-relative loads
asm/code/code_0580C0.s:15315: Warning: section does not have enough alignment to ensure safe PC-relative loads
asm/code/code_0580C0.s:15326: Warning: section does not have enough alignment to ensure safe PC-relative loads
asm/code/code_0680C0.s:10283: Warning: section does not have enough alignment to ensure safe PC-relative loads
asm/code/code_0680C0.s:10294: Warning: section does not have enough alignment to ensure safe PC-relative loads
asm/code/code_0580C0.s:15367: Warning: section does not have enough alignment to ensure safe PC-relative loads
asm/code/code_0580C0.s:15370: Warning: section does not have enough alignment to ensure safe PC-relative loads
asm/code/code_0680C0.s:10346: Warning: section does not have enough alignment to ensure safe PC-relative loads
asm/code/code_0580C0.s:15376: Warning: section does not have enough alignment to ensure safe PC-relative loads
asm/code/code_0580C0.s:15421: Warning: section does not have enough alignment to ensure safe PC-relative loads
asm/code/code_0680C0.s:10388: Warning: section does not have enough alignment to ensure safe PC-relative loads
asm/code/code_0680C0.s:10419: Warning: section does not have enough alignment to ensure safe PC-relative loads
asm/code/code_0580C0.s:15436: Warning: section does not have enough alignment to ensure safe PC-relative loads
asm/code/code_0580C0.s:15448: Warning: section does not have enough alignment to ensure safe PC-relative loads
asm/code/code_0700C0.s: Assembler messages:
asm/code/code_0680C0.s:10427: Warning: section does not have enough alignment to ensure safe PC-relative loads
asm/code/code_0680C0.s:10429: Warning: section does not have enough alignment to ensure safe PC-relative loads
asm/code/code_0580C0.s:15494: Warning: section does not have enough alignment to ensure safe PC-relative loads
asm/code/code_0580C0.s:15498: Warning: section does not have enough alignment to ensure safe PC-relative loads
asm/code/code_0700C0.s:24: Warning: section does not have enough alignment to ensure safe PC-relative loads
asm/code/code_0700C0.s:42: Warning: section does not have enough alignment to ensure safe PC-relative loads
asm/code/code_0680C0.s:10435: Warning: section does not have enough alignment to ensure safe PC-relative loads
asm/code/code_0680C0.s:10441: Warning: section does not have enough alignment to ensure safe PC-relative loads
asm/code/code_0580C0.s:15502: Warning: section does not have enough alignment to ensure safe PC-relative loads
asm/code/code_0580C0.s:15554: Warning: section does not have enough alignment to ensure safe PC-relative loads
asm/code/code_0700C0.s:87: Warning: section does not have enough alignment to ensure safe PC-relative loads
asm/code/code_0700C0.s:135: Warning: section does not have enough alignment to ensure safe PC-relative loads
asm/code/code_0680C0.s:10443: Warning: section does not have enough alignment to ensure safe PC-relative loads
asm/code/code_0680C0.s:10445: Warning: section does not have enough alignment to ensure safe PC-relative loads
asm/code/code_0580C0.s:15565: Warning: section does not have enough alignment to ensure safe PC-relative loads
asm/code/code_0580C0.s:15609: Warning: section does not have enough alignment to ensure safe PC-relative loads
asm/code/code_0700C0.s:151: Warning: section does not have enough alignment to ensure safe PC-relative loads
asm/code/code_0700C0.s:298: Warning: section does not have enough alignment to ensure safe PC-relative loads
asm/code/code_0680C0.s:10452: Warning: section does not have enough alignment to ensure safe PC-relative loads
asm/code/code_0680C0.s:10495: Warning: section does not have enough alignment to ensure safe PC-relative loads
asm/code/code_0580C0.s:15629: Warning: section does not have enough alignment to ensure safe PC-relative loads
asm/code/code_0580C0.s:15636: Warning: section does not have enough alignment to ensure safe PC-relative loads
asm/code/code_0700C0.s:310: Warning: section does not have enough alignment to ensure safe PC-relative loads
asm/code/code_0700C0.s:336: Warning: section does not have enough alignment to ensure safe PC-relative loads
asm/code/code_0680C0.s:10518: Warning: section does not have enough alignment to ensure safe PC-relative loads
asm/code/code_0680C0.s:10532: Warning: section does not have enough alignment to ensure safe PC-relative loads
asm/code/code_0580C0.s:15645: Warning: section does not have enough alignment to ensure safe PC-relative loads
asm/code/code_0700C0.s:639: Warning: section does not have enough alignment to ensure safe PC-relative loads
asm/code/code_0680C0.s:10538: Warning: section does not have enough alignment to ensure safe PC-relative loads
asm/code/code_0580C0.s:15651: Warning: section does not have enough alignment to ensure safe PC-relative loads
asm/code/code_0580C0.s:15681: Warning: section does not have enough alignment to ensure safe PC-relative loads
asm/code/code_0700C0.s:643: Warning: section does not have enough alignment to ensure safe PC-relative loads
asm/code/code_0700C0.s:674: Warning: section does not have enough alignment to ensure safe PC-relative loads
asm/code/code_0680C0.s:10596: Warning: section does not have enough alignment to ensure safe PC-relative loads
asm/code/code_0680C0.s:10684: Warning: section does not have enough alignment to ensure safe PC-relative loads
asm/code/code_0580C0.s:15687: Warning: section does not have enough alignment to ensure safe PC-relative loads
asm/code/code_0580C0.s:15704: Warning: section does not have enough alignment to ensure safe PC-relative loads
asm/code/code_0700C0.s:687: Warning: section does not have enough alignment to ensure safe PC-relative loads
asm/code/code_0700C0.s:690: Warning: section does not have enough alignment to ensure safe PC-relative loads
asm/code/code_0680C0.s:10763: Warning: section does not have enough alignment to ensure safe PC-relative loads
asm/code/code_0680C0.s:10764: Warning: section does not have enough alignment to ensure safe PC-relative loads
asm/code/code_0580C0.s:15742: Warning: section does not have enough alignment to ensure safe PC-relative loads
asm/code/code_0580C0.s:15749: Warning: section does not have enough alignment to ensure safe PC-relative loads
asm/code/code_0700C0.s:799: Warning: section does not have enough alignment to ensure safe PC-relative loads
asm/code/code_0700C0.s:819: Warning: section does not have enough alignment to ensure safe PC-relative loads
asm/code/code_0680C0.s:10771: Warning: section does not have enough alignment to ensure safe PC-relative loads
asm/code/code_0680C0.s:10858: Warning: section does not have enough alignment to ensure safe PC-relative loads
asm/code/code_0580C0.s:15758: Warning: section does not have enough alignment to ensure safe PC-relative loads
asm/code/code_0700C0.s:887: Warning: section does not have enough alignment to ensure safe PC-relative loads
asm/code/code_0700C0.s:907: Warning: section does not have enough alignment to ensure safe PC-relative loads
asm/code/code_0680C0.s:10875: Warning: section does not have enough alignment to ensure safe PC-relative loads
asm/code/code_0680C0.s:10949: Warning: section does not have enough alignment to ensure safe PC-relative loads
asm/code/code_0580C0.s:15774: Warning: section does not have enough alignment to ensure safe PC-relative loads
asm/code/code_0580C0.s:15785: Warning: section does not have enough alignment to ensure safe PC-relative loads
asm/code/code_0700C0.s:966: Warning: section does not have enough alignment to ensure safe PC-relative loads
asm/code/code_0700C0.s:1044: Warning: section does not have enough alignment to ensure safe PC-relative loads
asm/code/code_0680C0.s:11018: Warning: section does not have enough alignment to ensure safe PC-relative loads
asm/code/code_0680C0.s:11020: Warning: section does not have enough alignment to ensure safe PC-relative loads
asm/code/code_0580C0.s:15800: Warning: section does not have enough alignment to ensure safe PC-relative loads
asm/code/code_0580C0.s:15820: Warning: section does not have enough alignment to ensure safe PC-relative loads
asm/code/code_0700C0.s:1065: Warning: section does not have enough alignment to ensure safe PC-relative loads
asm/code/code_0700C0.s:1118: Warning: section does not have enough alignment to ensure safe PC-relative loads
asm/code/code_0680C0.s:11025: Warning: section does not have enough alignment to ensure safe PC-relative loads
asm/code/code_0680C0.s:11077: Warning: section does not have enough alignment to ensure safe PC-relative loads
asm/code/code_0580C0.s:15848: Warning: section does not have enough alignment to ensure safe PC-relative loads
asm/code/code_0580C0.s:15866: Warning: section does not have enough alignment to ensure safe PC-relative loads
asm/code/code_0700C0.s:1224: Warning: section does not have enough alignment to ensure safe PC-relative loads
asm/code/code_0680C0.s:11078: Warning: section does not have enough alignment to ensure safe PC-relative loads
asm/code/code_0680C0.s:11138: Warning: section does not have enough alignment to ensure safe PC-relative loads
asm/code/code_0580C0.s:15875: Warning: section does not have enough alignment to ensure safe PC-relative loads
asm/code/code_0580C0.s:16002: Warning: section does not have enough alignment to ensure safe PC-relative loads
asm/code/code_0700C0.s:1234: Warning: section does not have enough alignment to ensure safe PC-relative loads
asm/code/code_0700C0.s:1235: Warning: section does not have enough alignment to ensure safe PC-relative loads
asm/code/code_0680C0.s:11139: Warning: section does not have enough alignment to ensure safe PC-relative loads
asm/code/code_0680C0.s:11235: Warning: section does not have enough alignment to ensure safe PC-relative loads
asm/code/code_0580C0.s:16149: Warning: section does not have enough alignment to ensure safe PC-relative loads
asm/code/code_0580C0.s:16156: Warning: section does not have enough alignment to ensure safe PC-relative loads
asm/code/code_0700C0.s:1283: Warning: section does not have enough alignment to ensure safe PC-relative loads
asm/code/code_0700C0.s:1295: Warning: section does not have enough alignment to ensure safe PC-relative loads
asm/code/code_0680C0.s:11321: Warning: section does not have enough alignment to ensure safe PC-relative loads
asm/code/code_0680C0.s:11322: Warning: section does not have enough alignment to ensure safe PC-relative loads
asm/code/code_0580C0.s:16204: Warning: section does not have enough alignment to ensure safe PC-relative loads
asm/code/code_0580C0.s:16255: Warning: section does not have enough alignment to ensure safe PC-relative loads
asm/code/code_0700C0.s:1297: Warning: section does not have enough alignment to ensure safe PC-relative loads
asm/code/code_0700C0.s:1301: Warning: section does not have enough alignment to ensure safe PC-relative loads
asm/code/code_0680C0.s:11355: Warning: section does not have enough alignment to ensure safe PC-relative loads
asm/code/code_0680C0.s:11540: Warning: section does not have enough alignment to ensure safe PC-relative loads
asm/code/code_0580C0.s:16361: Warning: section does not have enough alignment to ensure safe PC-relative loads
asm/code/code_0700C0.s:1305: Warning: section does not have enough alignment to ensure safe PC-relative loads
asm/code/code_0700C0.s:1316: Warning: section does not have enough alignment to ensure safe PC-relative loads
asm/code/code_0680C0.s:11541: Warning: section does not have enough alignment to ensure safe PC-relative loads
asm/code/code_0680C0.s:11543: Warning: section does not have enough alignment to ensure safe PC-relative loads
asm/code/code_0580C0.s:16439: Warning: section does not have enough alignment to ensure safe PC-relative loads
asm/code/code_0700C0.s:1359: Warning: section does not have enough alignment to ensure safe PC-relative loads
asm/code/code_0700C0.s:1364: Warning: section does not have enough alignment to ensure safe PC-relative loads
asm/code/code_0680C0.s:11581: Warning: section does not have enough alignment to ensure safe PC-relative loads
asm/code/code_0680C0.s:11584: Warning: section does not have enough alignment to ensure safe PC-relative loads
asm/code/code_0580C0.s:16440: Warning: section does not have enough alignment to ensure safe PC-relative loads
asm/code/code_0580C0.s:16443: Warning: section does not have enough alignment to ensure safe PC-relative loads
asm/code/code_0700C0.s:1394: Warning: section does not have enough alignment to ensure safe PC-relative loads
asm/code/code_0680C0.s:11592: Warning: section does not have enough alignment to ensure safe PC-relative loads
asm/code/code_0680C0.s:11593: Warning: section does not have enough alignment to ensure safe PC-relative loads
asm/code/code_0580C0.s:16448: Warning: section does not have enough alignment to ensure safe PC-relative loads
asm/code/code_0580C0.s:16484: Warning: section does not have enough alignment to ensure safe PC-relative loads
asm/code/code_0700C0.s:1407: Warning: section does not have enough alignment to ensure safe PC-relative loads
asm/code/code_0700C0.s:1451: Warning: section does not have enough alignment to ensure safe PC-relative loads
asm/code/code_0680C0.s:11621: Warning: section does not have enough alignment to ensure safe PC-relative loads
asm/code/code_0680C0.s:11622: Warning: section does not have enough alignment to ensure safe PC-relative loads
asm/code/code_0580C0.s:16513: Warning: section does not have enough alignment to ensure safe PC-relative loads
asm/code/code_0580C0.s:16520: Warning: section does not have enough alignment to ensure safe PC-relative loads
asm/code/code_0700C0.s:1456: Warning: section does not have enough alignment to ensure safe PC-relative loads
asm/code/code_0700C0.s:1501: Warning: section does not have enough alignment to ensure safe PC-relative loads
asm/code/code_0680C0.s:11639: Warning: section does not have enough alignment to ensure safe PC-relative loads
asm/code/code_0680C0.s:11640: Warning: section does not have enough alignment to ensure safe PC-relative loads
asm/code/code_0580C0.s:16573: Warning: section does not have enough alignment to ensure safe PC-relative loads
asm/code/code_0700C0.s:1514: Warning: section does not have enough alignment to ensure safe PC-relative loads
asm/code/code_0680C0.s:11669: Warning: section does not have enough alignment to ensure safe PC-relative loads
asm/code/code_0680C0.s:11670: Warning: section does not have enough alignment to ensure safe PC-relative loads
asm/code/code_0580C0.s:16588: Warning: section does not have enough alignment to ensure safe PC-relative loads
asm/code/code_0580C0.s:16599: Warning: section does not have enough alignment to ensure safe PC-relative loads
asm/code/code_0700C0.s:1559: Warning: section does not have enough alignment to ensure safe PC-relative loads
asm/code/code_0700C0.s:1598: Warning: section does not have enough alignment to ensure safe PC-relative loads
asm/code/code_0680C0.s:11699: Warning: section does not have enough alignment to ensure safe PC-relative loads
asm/code/code_0680C0.s:11700: Warning: section does not have enough alignment to ensure safe PC-relative loads
asm/code/code_0580C0.s:16610: Warning: section does not have enough alignment to ensure safe PC-relative loads
asm/code/code_0580C0.s:16644: Warning: section does not have enough alignment to ensure safe PC-relative loads
asm/code/code_0700C0.s:1628: Warning: section does not have enough alignment to ensure safe PC-relative loads
asm/code/code_0700C0.s:1635: Warning: section does not have enough alignment to ensure safe PC-relative loads
asm/code/code_0680C0.s:11722: Warning: section does not have enough alignment to ensure safe PC-relative loads
asm/code/code_0680C0.s:11723: Warning: section does not have enough alignment to ensure safe PC-relative loads
asm/code/code_0580C0.s:16757: Warning: section does not have enough alignment to ensure safe PC-relative loads
asm/code/code_0580C0.s:16758: Warning: section does not have enough alignment to ensure safe PC-relative loads
asm/code/code_0700C0.s:1662: Warning: section does not have enough alignment to ensure safe PC-relative loads
asm/code/code_0700C0.s:1691: Warning: section does not have enough alignment to ensure safe PC-relative loads
asm/code/code_0680C0.s:11757: Warning: section does not have enough alignment to ensure safe PC-relative loads
asm/code/code_0680C0.s:11760: Warning: section does not have enough alignment to ensure safe PC-relative loads
asm/code/code_0580C0.s:16769: Warning: section does not have enough alignment to ensure safe PC-relative loads
asm/code/code_0700C0.s:1717: Warning: section does not have enough alignment to ensure safe PC-relative loads
asm/code/code_0680C0.s:11798: Warning: section does not have enough alignment to ensure safe PC-relative loads
asm/code/code_0680C0.s:11842: Warning: section does not have enough alignment to ensure safe PC-relative loads
asm/code/code_0580C0.s:16770: Warning: section does not have enough alignment to ensure safe PC-relative loads
asm/code/code_0580C0.s:16773: Warning: section does not have enough alignment to ensure safe PC-relative loads
asm/code/code_0700C0.s:1731: Warning: section does not have enough alignment to ensure safe PC-relative loads
asm/code/code_0700C0.s:1813: Warning: section does not have enough alignment to ensure safe PC-relative loads
asm/code/code_0680C0.s:11953: Warning: section does not have enough alignment to ensure safe PC-relative loads
asm/code/code_0680C0.s:11968: Warning: section does not have enough alignment to ensure safe PC-relative loads
asm/code/code_0580C0.s:16775: Warning: section does not have enough alignment to ensure safe PC-relative loads
asm/code/code_0580C0.s:16783: Warning: section does not have enough alignment to ensure safe PC-relative loads
asm/code/code_0700C0.s:1837: Warning: section does not have enough alignment to ensure safe PC-relative loads
asm/code/code_0700C0.s:1864: Warning: section does not have enough alignment to ensure safe PC-relative loads
asm/code/code_0680C0.s:12132: Warning: section does not have enough alignment to ensure safe PC-relative loads
asm/code/code_0680C0.s:12133: Warning: section does not have enough alignment to ensure safe PC-relative loads
asm/code/code_0580C0.s:16785: Warning: section does not have enough alignment to ensure safe PC-relative loads
asm/code/code_0580C0.s:16792: Warning: section does not have enough alignment to ensure safe PC-relative loads
asm/code/code_0700C0.s:1878: Warning: section does not have enough alignment to ensure safe PC-relative loads
asm/code/code_0700C0.s:1912: Warning: section does not have enough alignment to ensure safe PC-relative loads
asm/code/code_0680C0.s:12134: Warning: section does not have enough alignment to ensure safe PC-relative loads
asm/code/code_0680C0.s:12177: Warning: section does not have enough alignment to ensure safe PC-relative loads
asm/code/code_0580C0.s:16795: Warning: section does not have enough alignment to ensure safe PC-relative loads
asm/code/code_0580C0.s:16810: Warning: section does not have enough alignment to ensure safe PC-relative loads
asm/code/code_0700C0.s:1945: Warning: section does not have enough alignment to ensure safe PC-relative loads
asm/code/code_0700C0.s:1955: Warning: section does not have enough alignment to ensure safe PC-relative loads
asm/code/code_0680C0.s:12178: Warning: section does not have enough alignment to ensure safe PC-relative loads
asm/code/code_0580C0.s:16832: Warning: section does not have enough alignment to ensure safe PC-relative loads
asm/code/code_0580C0.s:16835: Warning: section does not have enough alignment to ensure safe PC-relative loads
asm/code/code_0700C0.s:1982: Warning: section does not have enough alignment to ensure safe PC-relative loads
asm/code/code_0680C0.s:12181: Warning: section does not have enough alignment to ensure safe PC-relative loads
asm/code/code_0680C0.s:12204: Warning: section does not have enough alignment to ensure safe PC-relative loads
asm/code/code_0580C0.s:16839: Warning: section does not have enough alignment to ensure safe PC-relative loads
asm/code/code_0580C0.s:16867: Warning: section does not have enough alignment to ensure safe PC-relative loads
asm/code/code_0700C0.s:2286: Warning: section does not have enough alignment to ensure safe PC-relative loads
asm/code/code_0700C0.s:2301: Warning: section does not have enough alignment to ensure safe PC-relative loads
asm/code/code_0680C0.s:12205: Warning: section does not have enough alignment to ensure safe PC-relative loads
asm/code/code_0680C0.s:12208: Warning: section does not have enough alignment to ensure safe PC-relative loads
asm/code/code_0580C0.s:16870: Warning: section does not have enough alignment to ensure safe PC-relative loads
asm/code/code_0580C0.s:16889: Warning: section does not have enough alignment to ensure safe PC-relative loads
asm/code/code_0700C0.s:2303: Warning: section does not have enough alignment to ensure safe PC-relative loads
asm/code/code_0680C0.s:12213: Warning: section does not have enough alignment to ensure safe PC-relative loads
asm/code/code_0680C0.s:12219: Warning: section does not have enough alignment to ensure safe PC-relative loads
asm/code/code_0580C0.s:16904: Warning: section does not have enough alignment to ensure safe PC-relative loads
asm/code/code_0580C0.s:16907: Warning: section does not have enough alignment to ensure safe PC-relative loads
asm/code/code_0700C0.s:2595: Warning: section does not have enough alignment to ensure safe PC-relative loads
asm/code/code_0700C0.s:2721: Warning: section does not have enough alignment to ensure safe PC-relative loads
asm/code/code_0680C0.s:12223: Warning: section does not have enough alignment to ensure safe PC-relative loads
asm/code/code_0680C0.s:12277: Warning: section does not have enough alignment to ensure safe PC-relative loads
asm/code/code_0580C0.s:16917: Warning: section does not have enough alignment to ensure safe PC-relative loads
asm/code/code_0580C0.s:16947: Warning: section does not have enough alignment to ensure safe PC-relative loads
asm/code/code_0700C0.s:2873: Warning: section does not have enough alignment to ensure safe PC-relative loads
asm/code/code_0700C0.s:2894: Warning: section does not have enough alignment to ensure safe PC-relative loads
asm/code/code_0680C0.s:12278: Warning: section does not have enough alignment to ensure safe PC-relative loads
asm/code/code_0680C0.s:12279: Warning: section does not have enough alignment to ensure safe PC-relative loads
asm/code/code_0580C0.s:16954: Warning: section does not have enough alignment to ensure safe PC-relative loads
asm/code/code_0580C0.s:16957: Warning: section does not have enough alignment to ensure safe PC-relative loads
asm/code/code_0700C0.s:2927: Warning: section does not have enough alignment to ensure safe PC-relative loads
asm/code/code_0680C0.s:12332: Warning: section does not have enough alignment to ensure safe PC-relative loads
asm/code/code_0580C0.s:16960: Warning: section does not have enough alignment to ensure safe PC-relative loads
asm/code/code_0580C0.s:16966: Warning: section does not have enough alignment to ensure safe PC-relative loads
asm/code/code_0700C0.s:2958: Warning: section does not have enough alignment to ensure safe PC-relative loads
asm/code/code_0680C0.s:12333: Warning: section does not have enough alignment to ensure safe PC-relative loads
asm/code/code_0680C0.s:12336: Warning: section does not have enough alignment to ensure safe PC-relative loads
asm/code/code_0580C0.s:16971: Warning: section does not have enough alignment to ensure safe PC-relative loads
asm/code/code_0580C0.s:16974: Warning: section does not have enough alignment to ensure safe PC-relative loads
asm/code/code_0700C0.s:3099: Warning: section does not have enough alignment to ensure safe PC-relative loads
asm/code/code_0700C0.s:3100: Warning: section does not have enough alignment to ensure safe PC-relative loads
asm/code/code_0680C0.s:12340: Warning: section does not have enough alignment to ensure safe PC-relative loads
asm/code/code_0680C0.s:12344: Warning: section does not have enough alignment to ensure safe PC-relative loads
asm/code/code_0580C0.s:16978: Warning: section does not have enough alignment to ensure safe PC-relative loads
asm/code/code_0580C0.s:16981: Warning: section does not have enough alignment to ensure safe PC-relative loads
asm/code/code_0700C0.s:3178: Warning: section does not have enough alignment to ensure safe PC-relative loads
asm/code/code_0700C0.s:3242: Warning: section does not have enough alignment to ensure safe PC-relative loads
asm/code/code_0680C0.s:12348: Warning: section does not have enough alignment to ensure safe PC-relative loads
asm/code/code_0680C0.s:12352: Warning: section does not have enough alignment to ensure safe PC-relative loads
asm/code/code_0580C0.s:16983: Warning: section does not have enough alignment to ensure safe PC-relative loads
asm/code/code_0580C0.s:16993: Warning: section does not have enough alignment to ensure safe PC-relative loads
asm/code/code_0700C0.s:3261: Warning: section does not have enough alignment to ensure safe PC-relative loads
asm/code/code_0680C0.s:12356: Warning: section does not have enough alignment to ensure safe PC-relative loads
asm/code/code_0580C0.s:16999: Warning: section does not have enough alignment to ensure safe PC-relative loads
asm/code/code_0580C0.s:17001: Warning: section does not have enough alignment to ensure safe PC-relative loads
asm/code/code_0700C0.s:3275: Warning: section does not have enough alignment to ensure safe PC-relative loads
asm/code/code_0700C0.s:3339: Warning: section does not have enough alignment to ensure safe PC-relative loads
asm/code/code_0680C0.s:12395: Warning: section does not have enough alignment to ensure safe PC-relative loads
asm/code/code_0680C0.s:12398: Warning: section does not have enough alignment to ensure safe PC-relative loads
asm/code/code_0580C0.s:17003: Warning: section does not have enough alignment to ensure safe PC-relative loads
asm/code/code_0580C0.s:17007: Warning: section does not have enough alignment to ensure safe PC-relative loads
asm/code/code_0700C0.s:3353: Warning: section does not have enough alignment to ensure safe PC-relative loads
asm/code/code_0700C0.s:3365: Warning: section does not have enough alignment to ensure safe PC-relative loads
asm/code/code_0680C0.s:12403: Warning: section does not have enough alignment to ensure safe PC-relative loads
asm/code/code_0680C0.s:12407: Warning: section does not have enough alignment to ensure safe PC-relative loads
asm/code/code_0580C0.s:17020: Warning: section does not have enough alignment to ensure safe PC-relative loads
asm/code/code_0580C0.s:17022: Warning: section does not have enough alignment to ensure safe PC-relative loads
asm/code/code_0700C0.s:3429: Warning: section does not have enough alignment to ensure safe PC-relative loads
asm/code/code_0680C0.s:12418: Warning: section does not have enough alignment to ensure safe PC-relative loads
asm/code/code_0580C0.s:17034: Warning: section does not have enough alignment to ensure safe PC-relative loads
asm/code/code_0580C0.s:17157: Warning: section does not have enough alignment to ensure safe PC-relative loads
asm/code/code_0700C0.s:3443: Warning: section does not have enough alignment to ensure safe PC-relative loads
asm/code/code_0700C0.s:3455: Warning: section does not have enough alignment to ensure safe PC-relative loads
asm/code/code_0680C0.s:12419: Warning: section does not have enough alignment to ensure safe PC-relative loads
asm/code/code_0680C0.s:12492: Warning: section does not have enough alignment to ensure safe PC-relative loads
asm/code/code_0580C0.s:17158: Warning: section does not have enough alignment to ensure safe PC-relative loads
asm/code/code_0580C0.s:17170: Warning: section does not have enough alignment to ensure safe PC-relative loads
asm/code/code_0700C0.s:3526: Warning: section does not have enough alignment to ensure safe PC-relative loads
asm/code/code_0700C0.s:3542: Warning: section does not have enough alignment to ensure safe PC-relative loads
asm/code/code_0680C0.s:12493: Warning: section does not have enough alignment to ensure safe PC-relative loads
asm/code/code_0580C0.s:17171: Warning: section does not have enough alignment to ensure safe PC-relative loads
asm/code/code_0580C0.s:17172: Warning: section does not have enough alignment to ensure safe PC-relative loads
asm/code/code_0700C0.s:3553: Warning: section does not have enough alignment to ensure safe PC-relative loads
asm/code/code_0680C0.s:12511: Warning: section does not have enough alignment to ensure safe PC-relative loads
asm/code/code_0680C0.s:12583: Warning: section does not have enough alignment to ensure safe PC-relative loads
asm/code/code_0580C0.s:17174: Warning: section does not have enough alignment to ensure safe PC-relative loads
asm/code/code_0580C0.s:17181: Warning: section does not have enough alignment to ensure safe PC-relative loads
asm/code/code_0700C0.s:3911: Warning: section does not have enough alignment to ensure safe PC-relative loads
asm/code/code_0680C0.s:12642: Warning: section does not have enough alignment to ensure safe PC-relative loads
asm/code/code_0680C0.s:12674: Warning: section does not have enough alignment to ensure safe PC-relative loads
asm/code/code_0580C0.s:17186: Warning: section does not have enough alignment to ensure safe PC-relative loads
asm/code/code_0580C0.s:17188: Warning: section does not have enough alignment to ensure safe PC-relative loads
asm/code/code_0700C0.s:4305: Warning: section does not have enough alignment to ensure safe PC-relative loads
asm/code/code_0680C0.s:12693: Warning: section does not have enough alignment to ensure safe PC-relative loads
asm/code/code_0580C0.s:17199: Warning: section does not have enough alignment to ensure safe PC-relative loads
asm/code/code_0580C0.s:17203: Warning: section does not have enough alignment to ensure safe PC-relative loads
asm/code/code_0700C0.s:4378: Warning: section does not have enough alignment to ensure safe PC-relative loads
asm/code/code_0700C0.s:4385: Warning: section does not have enough alignment to ensure safe PC-relative loads
asm/code/code_0680C0.s:13099: Warning: section does not have enough alignment to ensure safe PC-relative loads
asm/code/code_0680C0.s:13100: Warning: section does not have enough alignment to ensure safe PC-relative loads
asm/code/code_0580C0.s:17218: Warning: section does not have enough alignment to ensure safe PC-relative loads
asm/code/code_0580C0.s:17221: Warning: section does not have enough alignment to ensure safe PC-relative loads
asm/code/code_0700C0.s:4510: Warning: section does not have enough alignment to ensure safe PC-relative loads
asm/code/code_0680C0.s:13112: Warning: section does not have enough alignment to ensure safe PC-relative loads
asm/code/code_0680C0.s:13114: Warning: section does not have enough alignment to ensure safe PC-relative loads
asm/code/code_0580C0.s:17240: Warning: section does not have enough alignment to ensure safe PC-relative loads
asm/code/code_0580C0.s:17255: Warning: section does not have enough alignment to ensure safe PC-relative loads
asm/code/code_0700C0.s:4523: Warning: section does not have enough alignment to ensure safe PC-relative loads
asm/code/code_0700C0.s:4525: Warning: section does not have enough alignment to ensure safe PC-relative loads
asm/code/code_0680C0.s:13193: Warning: section does not have enough alignment to ensure safe PC-relative loads
asm/code/code_0680C0.s:13219: Warning: section does not have enough alignment to ensure safe PC-relative loads
asm/code/code_0580C0.s:17258: Warning: section does not have enough alignment to ensure safe PC-relative loads
asm/code/code_0580C0.s:17273: Warning: section does not have enough alignment to ensure safe PC-relative loads
asm/code/code_0700C0.s:4527: Warning: section does not have enough alignment to ensure safe PC-relative loads
asm/code/code_0700C0.s:4547: Warning: section does not have enough alignment to ensure safe PC-relative loads
asm/code/code_0680C0.s:13227: Warning: section does not have enough alignment to ensure safe PC-relative loads
asm/code/code_0680C0.s:13244: Warning: section does not have enough alignment to ensure safe PC-relative loads
asm/code/code_0580C0.s:17276: Warning: section does not have enough alignment to ensure safe PC-relative loads
asm/code/code_0580C0.s:17291: Warning: section does not have enough alignment to ensure safe PC-relative loads
asm/code/code_0700C0.s:4548: Warning: section does not have enough alignment to ensure safe PC-relative loads
asm/code/code_0700C0.s:4551: Warning: section does not have enough alignment to ensure safe PC-relative loads
asm/code/code_0680C0.s:13259: Warning: section does not have enough alignment to ensure safe PC-relative loads
asm/code/code_0680C0.s:13264: Warning: section does not have enough alignment to ensure safe PC-relative loads
asm/code/code_0580C0.s:17294: Warning: section does not have enough alignment to ensure safe PC-relative loads
asm/code/code_0580C0.s:17318: Warning: section does not have enough alignment to ensure safe PC-relative loads
asm/code/code_0700C0.s:5105: Warning: section does not have enough alignment to ensure safe PC-relative loads
asm/code/code_0700C0.s:5111: Warning: section does not have enough alignment to ensure safe PC-relative loads
asm/code/code_0680C0.s:13265: Warning: section does not have enough alignment to ensure safe PC-relative loads
asm/code/code_0680C0.s:13279: Warning: section does not have enough alignment to ensure safe PC-relative loads
asm/code/code_0580C0.s:17345: Warning: section does not have enough alignment to ensure safe PC-relative loads
asm/code/code_0580C0.s:17372: Warning: section does not have enough alignment to ensure safe PC-relative loads
asm/code/code_0700C0.s:5115: Warning: section does not have enough alignment to ensure safe PC-relative loads
asm/code/code_0700C0.s:5124: Warning: section does not have enough alignment to ensure safe PC-relative loads
asm/code/code_0680C0.s:13322: Warning: section does not have enough alignment to ensure safe PC-relative loads
asm/code/code_0680C0.s:13323: Warning: section does not have enough alignment to ensure safe PC-relative loads
asm/code/code_0580C0.s:17378: Warning: section does not have enough alignment to ensure safe PC-relative loads
asm/code/code_0580C0.s:17388: Warning: section does not have enough alignment to ensure safe PC-relative loads
asm/code/code_0700C0.s:5131: Warning: section does not have enough alignment to ensure safe PC-relative loads
asm/code/code_0700C0.s:5135: Warning: section does not have enough alignment to ensure safe PC-relative loads
asm/code/code_0680C0.s:13357: Warning: section does not have enough alignment to ensure safe PC-relative loads
asm/code/code_0580C0.s:17395: Warning: section does not have enough alignment to ensure safe PC-relative loads
asm/code/code_0580C0.s:17397: Warning: section does not have enough alignment to ensure safe PC-relative loads
asm/code/code_0700C0.s:5145: Warning: section does not have enough alignment to ensure safe PC-relative loads
asm/code/code_0700C0.s:5151: Warning: section does not have enough alignment to ensure safe PC-relative loads
asm/code/code_0680C0.s:13358: Warning: section does not have enough alignment to ensure safe PC-relative loads
asm/code/code_0680C0.s:13370: Warning: section does not have enough alignment to ensure safe PC-relative loads
asm/code/code_0580C0.s:17399: Warning: section does not have enough alignment to ensure safe PC-relative loads
asm/code/code_0580C0.s:17403: Warning: section does not have enough alignment to ensure safe PC-relative loads
asm/code/code_0700C0.s:5155: Warning: section does not have enough alignment to ensure safe PC-relative loads
asm/code/code_0700C0.s:5165: Warning: section does not have enough alignment to ensure safe PC-relative loads
asm/code/code_0680C0.s:13420: Warning: section does not have enough alignment to ensure safe PC-relative loads
asm/code/code_0680C0.s:13421: Warning: section does not have enough alignment to ensure safe PC-relative loads
asm/code/code_0580C0.s:17414: Warning: section does not have enough alignment to ensure safe PC-relative loads
asm/code/code_0580C0.s:17416: Warning: section does not have enough alignment to ensure safe PC-relative loads
asm/code/code_0700C0.s:5171: Warning: section does not have enough alignment to ensure safe PC-relative loads
asm/code/code_0700C0.s:5175: Warning: section does not have enough alignment to ensure safe PC-relative loads
asm/code/code_0680C0.s:13446: Warning: section does not have enough alignment to ensure safe PC-relative loads
asm/code/code_0680C0.s:13456: Warning: section does not have enough alignment to ensure safe PC-relative loads
asm/code/code_0580C0.s:17424: Warning: section does not have enough alignment to ensure safe PC-relative loads
asm/code/code_0580C0.s:17430: Warning: section does not have enough alignment to ensure safe PC-relative loads
asm/code/code_0700C0.s:5237: Warning: section does not have enough alignment to ensure safe PC-relative loads
asm/code/code_0680C0.s:13470: Warning: section does not have enough alignment to ensure safe PC-relative loads
asm/code/code_0680C0.s:13511: Warning: section does not have enough alignment to ensure safe PC-relative loads
asm/code/code_0580C0.s:17544: Warning: section does not have enough alignment to ensure safe PC-relative loads
asm/code/code_0700C0.s:5343: Warning: section does not have enough alignment to ensure safe PC-relative loads
asm/code/code_0700C0.s:5364: Warning: section does not have enough alignment to ensure safe PC-relative loads
asm/code/code_0680C0.s:13512: Warning: section does not have enough alignment to ensure safe PC-relative loads
asm/code/code_0680C0.s:13547: Warning: section does not have enough alignment to ensure safe PC-relative loads
asm/code/code_0580C0.s:17549: Warning: section does not have enough alignment to ensure safe PC-relative loads
asm/code/code_0580C0.s:17602: Warning: section does not have enough alignment to ensure safe PC-relative loads
asm/code/code_0700C0.s:5420: Warning: section does not have enough alignment to ensure safe PC-relative loads
asm/code/code_0700C0.s:5446: Warning: section does not have enough alignment to ensure safe PC-relative loads
asm/code/code_0680C0.s:13577: Warning: section does not have enough alignment to ensure safe PC-relative loads
asm/code/code_0680C0.s:13615: Warning: section does not have enough alignment to ensure safe PC-relative loads
asm/code/code_0580C0.s:17630: Warning: section does not have enough alignment to ensure safe PC-relative loads
asm/code/code_0580C0.s:17636: Warning: section does not have enough alignment to ensure safe PC-relative loads
asm/code/code_0700C0.s:5525: Warning: section does not have enough alignment to ensure safe PC-relative loads
asm/code/code_0680C0.s:13630: Warning: section does not have enough alignment to ensure safe PC-relative loads
asm/code/code_0680C0.s:13649: Warning: section does not have enough alignment to ensure safe PC-relative loads
asm/code/code_0580C0.s:17650: Warning: section does not have enough alignment to ensure safe PC-relative loads
asm/code/code_0580C0.s:17680: Warning: section does not have enough alignment to ensure safe PC-relative loads
asm/code/code_0700C0.s:5565: Warning: section does not have enough alignment to ensure safe PC-relative loads
asm/code/code_0700C0.s:5610: Warning: section does not have enough alignment to ensure safe PC-relative loads
asm/code/code_0680C0.s:13667: Warning: section does not have enough alignment to ensure safe PC-relative loads
asm/code/code_0680C0.s:13675: Warning: section does not have enough alignment to ensure safe PC-relative loads
asm/code/code_0580C0.s:17681: Warning: section does not have enough alignment to ensure safe PC-relative loads
asm/code/code_0580C0.s:17684: Warning: section does not have enough alignment to ensure safe PC-relative loads
asm/code/code_0700C0.s:5611: Warning: section does not have enough alignment to ensure safe PC-relative loads
asm/code/code_0700C0.s:5640: Warning: section does not have enough alignment to ensure safe PC-relative loads
asm/code/code_0680C0.s:13681: Warning: section does not have enough alignment to ensure safe PC-relative loads
asm/code/code_0580C0.s:17700: Warning: section does not have enough alignment to ensure safe PC-relative loads
asm/code/code_0700C0.s:5788: Warning: section does not have enough alignment to ensure safe PC-relative loads
asm/code/code_0680C0.s:13728: Warning: section does not have enough alignment to ensure safe PC-relative loads
asm/code/code_0680C0.s:13738: Warning: section does not have enough alignment to ensure safe PC-relative loads
asm/code/code_0580C0.s:17706: Warning: section does not have enough alignment to ensure safe PC-relative loads
asm/code/code_0580C0.s:17724: Warning: section does not have enough alignment to ensure safe PC-relative loads
asm/code/code_0700C0.s:5791: Warning: section does not have enough alignment to ensure safe PC-relative loads
asm/code/code_0680C0.s:13756: Warning: section does not have enough alignment to ensure safe PC-relative loads
asm/code/code_0680C0.s:13757: Warning: section does not have enough alignment to ensure safe PC-relative loads
asm/code/code_0580C0.s:17730: Warning: section does not have enough alignment to ensure safe PC-relative loads
asm/code/code_0580C0.s:17740: Warning: section does not have enough alignment to ensure safe PC-relative loads
asm/code/code_0700C0.s:5864: Warning: section does not have enough alignment to ensure safe PC-relative loads
asm/code/code_0700C0.s:5865: Warning: section does not have enough alignment to ensure safe PC-relative loads
asm/code/code_0680C0.s:13799: Warning: section does not have enough alignment to ensure safe PC-relative loads
asm/code/code_0680C0.s:13800: Warning: section does not have enough alignment to ensure safe PC-relative loads
asm/code/code_0580C0.s:17741: Warning: section does not have enough alignment to ensure safe PC-relative loads
asm/code/code_0580C0.s:17796: Warning: section does not have enough alignment to ensure safe PC-relative loads
asm/code/code_0700C0.s:5889: Warning: section does not have enough alignment to ensure safe PC-relative loads
asm/code/code_0700C0.s:5945: Warning: section does not have enough alignment to ensure safe PC-relative loads
asm/code/code_0680C0.s:13917: Warning: section does not have enough alignment to ensure safe PC-relative loads
asm/code/code_0680C0.s:13941: Warning: section does not have enough alignment to ensure safe PC-relative loads
asm/code/code_0580C0.s:17797: Warning: section does not have enough alignment to ensure safe PC-relative loads
asm/code/code_0580C0.s:17808: Warning: section does not have enough alignment to ensure safe PC-relative loads
asm/code/code_0700C0.s:5951: Warning: section does not have enough alignment to ensure safe PC-relative loads
asm/code/code_0700C0.s:5958: Warning: section does not have enough alignment to ensure safe PC-relative loads
asm/code/code_0680C0.s:14007: Warning: section does not have enough alignment to ensure safe PC-relative loads
asm/code/code_0680C0.s:14074: Warning: section does not have enough alignment to ensure safe PC-relative loads
asm/code/code_0580C0.s:17823: Warning: section does not have enough alignment to ensure safe PC-relative loads
asm/code/code_0580C0.s:17849: Warning: section does not have enough alignment to ensure safe PC-relative loads
asm/code/code_0700C0.s:5992: Warning: section does not have enough alignment to ensure safe PC-relative loads
asm/code/code_0700C0.s:6001: Warning: section does not have enough alignment to ensure safe PC-relative loads
asm/code/code_0680C0.s:14080: Warning: section does not have enough alignment to ensure safe PC-relative loads
asm/code/code_0680C0.s:14117: Warning: section does not have enough alignment to ensure safe PC-relative loads
asm/code/code_0580C0.s:17856: Warning: section does not have enough alignment to ensure safe PC-relative loads
asm/code/code_0580C0.s:17866: Warning: section does not have enough alignment to ensure safe PC-relative loads
asm/code/code_0700C0.s:6163: Warning: section does not have enough alignment to ensure safe PC-relative loads
asm/code/code_0680C0.s:14179: Warning: section does not have enough alignment to ensure safe PC-relative loads
asm/code/code_0680C0.s:14185: Warning: section does not have enough alignment to ensure safe PC-relative loads
asm/code/code_0580C0.s:17868: Warning: section does not have enough alignment to ensure safe PC-relative loads
asm/code/code_0580C0.s:17872: Warning: section does not have enough alignment to ensure safe PC-relative loads
asm/code/code_0700C0.s:6627: Warning: section does not have enough alignment to ensure safe PC-relative loads
asm/code/code_0700C0.s:6646: Warning: section does not have enough alignment to ensure safe PC-relative loads
asm/code/code_0680C0.s:14207: Warning: section does not have enough alignment to ensure safe PC-relative loads
asm/code/code_0680C0.s:14332: Warning: section does not have enough alignment to ensure safe PC-relative loads
asm/code/code_0580C0.s:17875: Warning: section does not have enough alignment to ensure safe PC-relative loads
asm/code/code_0580C0.s:17882: Warning: section does not have enough alignment to ensure safe PC-relative loads
asm/code/code_0700C0.s:6650: Warning: section does not have enough alignment to ensure safe PC-relative loads
asm/code/code_0700C0.s:6651: Warning: section does not have enough alignment to ensure safe PC-relative loads
asm/code/code_0680C0.s:14368: Warning: section does not have enough alignment to ensure safe PC-relative loads
asm/code/code_0680C0.s:14477: Warning: section does not have enough alignment to ensure safe PC-relative loads
asm/code/code_0580C0.s:17885: Warning: section does not have enough alignment to ensure safe PC-relative loads
asm/code/code_0580C0.s:17890: Warning: section does not have enough alignment to ensure safe PC-relative loads
asm/code/code_0700C0.s:6660: Warning: section does not have enough alignment to ensure safe PC-relative loads
asm/code/code_0700C0.s:6669: Warning: section does not have enough alignment to ensure safe PC-relative loads
asm/code/code_0680C0.s:14634: Warning: section does not have enough alignment to ensure safe PC-relative loads
asm/code/code_0680C0.s:14716: Warning: section does not have enough alignment to ensure safe PC-relative loads
asm/code/code_0580C0.s:17898: Warning: section does not have enough alignment to ensure safe PC-relative loads
asm/code/code_0700C0.s:6672: Warning: section does not have enough alignment to ensure safe PC-relative loads
asm/code/code_0700C0.s:6676: Warning: section does not have enough alignment to ensure safe PC-relative loads
asm/code/code_0680C0.s:14717: Warning: section does not have enough alignment to ensure safe PC-relative loads
asm/code/code_0580C0.s:17904: Warning: section does not have enough alignment to ensure safe PC-relative loads
asm/code/code_0580C0.s:17906: Warning: section does not have enough alignment to ensure safe PC-relative loads
asm/code/code_0700C0.s:6683: Warning: section does not have enough alignment to ensure safe PC-relative loads
asm/code/code_0700C0.s:6687: Warning: section does not have enough alignment to ensure safe PC-relative loads
asm/code/code_0580C0.s:17908: Warning: section does not have enough alignment to ensure safe PC-relative loads
asm/code/code_0580C0.s:17912: Warning: section does not have enough alignment to ensure safe PC-relative loads
asm/code/code_0700C0.s:6693: Warning: section does not have enough alignment to ensure safe PC-relative loads
asm/code/code_0700C0.s:6797: Warning: section does not have enough alignment to ensure safe PC-relative loads
asm/code/code_0580C0.s:17917: Warning: section does not have enough alignment to ensure safe PC-relative loads
asm/code/code_0580C0.s:17924: Warning: section does not have enough alignment to ensure safe PC-relative loads
asm/code/code_0700C0.s:6804: Warning: section does not have enough alignment to ensure safe PC-relative loads
asm/code/code_0700C0.s:6814: Warning: section does not have enough alignment to ensure safe PC-relative loads
asm/code/code_0580C0.s:17926: Warning: section does not have enough alignment to ensure safe PC-relative loads
asm/code/code_0700C0.s:6859: Warning: section does not have enough alignment to ensure safe PC-relative loads
asm/code/code_0700C0.s:6871: Warning: section does not have enough alignment to ensure safe PC-relative loads
asm/code/code_0580C0.s:17928: Warning: section does not have enough alignment to ensure safe PC-relative loads
asm/code/code_0700C0.s:6888: Warning: section does not have enough alignment to ensure safe PC-relative loads
asm/code/code_0700C0.s:6917: Warning: section does not have enough alignment to ensure safe PC-relative loads
asm/code/code_0580C0.s:17930: Warning: section does not have enough alignment to ensure safe PC-relative loads
asm/code/code_0580C0.s:17933: Warning: section does not have enough alignment to ensure safe PC-relative loads
asm/code/code_0700C0.s:6925: Warning: section does not have enough alignment to ensure safe PC-relative loads
asm/code/code_0700C0.s:7047: Warning: section does not have enough alignment to ensure safe PC-relative loads
asm/code/code_0580C0.s:17937: Warning: section does not have enough alignment to ensure safe PC-relative loads
asm/code/code_0580C0.s:18101: Warning: section does not have enough alignment to ensure safe PC-relative loads
asm/code/code_0700C0.s:7086: Warning: section does not have enough alignment to ensure safe PC-relative loads
asm/code/code_0700C0.s:7150: Warning: section does not have enough alignment to ensure safe PC-relative loads
asm/code/code_0580C0.s:18168: Warning: section does not have enough alignment to ensure safe PC-relative loads
asm/code/code_0580C0.s:18181: Warning: section does not have enough alignment to ensure safe PC-relative loads
asm/code/code_0700C0.s:7152: Warning: section does not have enough alignment to ensure safe PC-relative loads
asm/code/code_0700C0.s:7162: Warning: section does not have enough alignment to ensure safe PC-relative loads
asm/code/code_0580C0.s:18184: Warning: section does not have enough alignment to ensure safe PC-relative loads
asm/code/code_0700C0.s:7183: Warning: section does not have enough alignment to ensure safe PC-relative loads
asm/code/code_0700C0.s:7203: Warning: section does not have enough alignment to ensure safe PC-relative loads
asm/code/code_0580C0.s:18246: Warning: section does not have enough alignment to ensure safe PC-relative loads
asm/code/code_0580C0.s:18294: Warning: section does not have enough alignment to ensure safe PC-relative loads
asm/code/code_0700C0.s:7207: Warning: section does not have enough alignment to ensure safe PC-relative loads
asm/code/code_0700C0.s:7216: Warning: section does not have enough alignment to ensure safe PC-relative loads
asm/code/code_0580C0.s:18302: Warning: section does not have enough alignment to ensure safe PC-relative loads
asm/code/code_0580C0.s:18342: Warning: section does not have enough alignment to ensure safe PC-relative loads
asm/code/code_0700C0.s:7385: Warning: section does not have enough alignment to ensure safe PC-relative loads
AS      asm/code/code_0780C0.s
asm/code/code_0580C0.s:18350: Warning: section does not have enough alignment to ensure safe PC-relative loads
asm/code/code_0700C0.s:7550: Warning: section does not have enough alignment to ensure safe PC-relative loads
asm/code/code_0700C0.s:7615: Warning: section does not have enough alignment to ensure safe PC-relative loads
asm/code/code_0580C0.s:18396: Warning: section does not have enough alignment to ensure safe PC-relative loads
asm/code/code_0580C0.s:18403: Warning: section does not have enough alignment to ensure safe PC-relative loads
asm/code/code_0700C0.s:7644: Warning: section does not have enough alignment to ensure safe PC-relative loads
asm/code/code_0700C0.s:7663: Warning: section does not have enough alignment to ensure safe PC-relative loads
asm/code/code_0580C0.s:18456: Warning: section does not have enough alignment to ensure safe PC-relative loads
asm/code/code_0580C0.s:18495: Warning: section does not have enough alignment to ensure safe PC-relative loads
asm/code/code_0700C0.s:7722: Warning: section does not have enough alignment to ensure safe PC-relative loads
asm/code/code_0580C0.s:18500: Warning: section does not have enough alignment to ensure safe PC-relative loads
asm/code/code_0580C0.s:18505: Warning: section does not have enough alignment to ensure safe PC-relative loads
asm/code/code_0700C0.s:7727: Warning: section does not have enough alignment to ensure safe PC-relative loads
asm/code/code_0700C0.s:7736: Warning: section does not have enough alignment to ensure safe PC-relative loads
asm/code/code_0580C0.s:18510: Warning: section does not have enough alignment to ensure safe PC-relative loads
asm/code/code_0580C0.s:18564: Warning: section does not have enough alignment to ensure safe PC-relative loads
asm/code/code_0700C0.s:7747: Warning: section does not have enough alignment to ensure safe PC-relative loads
asm/code/code_0700C0.s:7860: Warning: section does not have enough alignment to ensure safe PC-relative loads
asm/code/code_0580C0.s:18569: Warning: section does not have enough alignment to ensure safe PC-relative loads
asm/code/code_0580C0.s:18578: Warning: section does not have enough alignment to ensure safe PC-relative loads
asm/code/code_0700C0.s:8203: Warning: section does not have enough alignment to ensure safe PC-relative loads
asm/code/code_0700C0.s:8204: Warning: section does not have enough alignment to ensure safe PC-relative loads
asm/code/code_0580C0.s:18589: Warning: section does not have enough alignment to ensure safe PC-relative loads
asm/code/code_0580C0.s:18591: Warning: section does not have enough alignment to ensure safe PC-relative loads
asm/code/code_0700C0.s:8269: Warning: section does not have enough alignment to ensure safe PC-relative loads
asm/code/code_0580C0.s:18618: Warning: section does not have enough alignment to ensure safe PC-relative loads
asm/code/code_0700C0.s:8572: Warning: section does not have enough alignment to ensure safe PC-relative loads
asm/code/code_0700C0.s:8576: Warning: section does not have enough alignment to ensure safe PC-relative loads
asm/code/code_0580C0.s:18644: Warning: section does not have enough alignment to ensure safe PC-relative loads
asm/code/code_0580C0.s:18649: Warning: section does not have enough alignment to ensure safe PC-relative loads
asm/code/code_0700C0.s:8588: Warning: section does not have enough alignment to ensure safe PC-relative loads
asm/code/code_0700C0.s:8597: Warning: section does not have enough alignment to ensure safe PC-relative loads
asm/code/code_0580C0.s:18658: Warning: section does not have enough alignment to ensure safe PC-relative loads
asm/code/code_0580C0.s:18669: Warning: section does not have enough alignment to ensure safe PC-relative loads
asm/code/code_0700C0.s:8990: Warning: section does not have enough alignment to ensure safe PC-relative loads
asm/code/code_0700C0.s:8994: Warning: section does not have enough alignment to ensure safe PC-relative loads
asm/code/code_0580C0.s:18676: Warning: section does not have enough alignment to ensure safe PC-relative loads
asm/code/code_0580C0.s:18714: Warning: section does not have enough alignment to ensure safe PC-relative loads
asm/code/code_0700C0.s:9007: Warning: section does not have enough alignment to ensure safe PC-relative loads
asm/code/code_0580C0.s:18719: Warning: section does not have enough alignment to ensure safe PC-relative loads
asm/code/code_0700C0.s:9455: Warning: section does not have enough alignment to ensure safe PC-relative loads
asm/code/code_0700C0.s:9491: Warning: section does not have enough alignment to ensure safe PC-relative loads
asm/code/code_0780C0.s: Assembler messages:
asm/code/code_0580C0.s:18752: Warning: section does not have enough alignment to ensure safe PC-relative loads
asm/code/code_0580C0.s:18757: Warning: section does not have enough alignment to ensure safe PC-relative loads
asm/code/code_0700C0.s:9706: Warning: section does not have enough alignment to ensure safe PC-relative loads
asm/code/code_0780C0.s:57: Warning: section does not have enough alignment to ensure safe PC-relative loads
asm/code/code_0780C0.s:152: Warning: section does not have enough alignment to ensure safe PC-relative loads
asm/code/code_0580C0.s:18771: Warning: section does not have enough alignment to ensure safe PC-relative loads
asm/code/code_0700C0.s:9859: Warning: section does not have enough alignment to ensure safe PC-relative loads
asm/code/code_0700C0.s:9863: Warning: section does not have enough alignment to ensure safe PC-relative loads
asm/code/code_0780C0.s:178: Warning: section does not have enough alignment to ensure safe PC-relative loads
asm/code/code_0780C0.s:342: Warning: section does not have enough alignment to ensure safe PC-relative loads
asm/code/code_0580C0.s:18822: Warning: section does not have enough alignment to ensure safe PC-relative loads
asm/code/code_0580C0.s:18827: Warning: section does not have enough alignment to ensure safe PC-relative loads
asm/code/code_0700C0.s:9893: Warning: section does not have enough alignment to ensure safe PC-relative loads
asm/code/code_0700C0.s:9903: Warning: section does not have enough alignment to ensure safe PC-relative loads
asm/code/code_0780C0.s:344: Warning: section does not have enough alignment to ensure safe PC-relative loads
asm/code/code_0580C0.s:18841: Warning: section does not have enough alignment to ensure safe PC-relative loads
asm/code/code_0580C0.s:18846: Warning: section does not have enough alignment to ensure safe PC-relative loads
asm/code/code_0700C0.s:10283: Warning: section does not have enough alignment to ensure safe PC-relative loads
asm/code/code_0700C0.s:10291: Warning: section does not have enough alignment to ensure safe PC-relative loads
asm/code/code_0780C0.s:355: Warning: section does not have enough alignment to ensure safe PC-relative loads
asm/code/code_0780C0.s:359: Warning: section does not have enough alignment to ensure safe PC-relative loads
asm/code/code_0580C0.s:18902: Warning: section does not have enough alignment to ensure safe PC-relative loads
asm/code/code_0580C0.s:18925: Warning: section does not have enough alignment to ensure safe PC-relative loads
asm/code/code_0700C0.s:10974: Warning: section does not have enough alignment to ensure safe PC-relative loads
asm/code/code_0700C0.s:10978: Warning: section does not have enough alignment to ensure safe PC-relative loads
asm/code/code_0780C0.s:383: Warning: section does not have enough alignment to ensure safe PC-relative loads
asm/code/code_0580C0.s:18959: Warning: section does not have enough alignment to ensure safe PC-relative loads
asm/code/code_0700C0.s:11016: Warning: section does not have enough alignment to ensure safe PC-relative loads
asm/code/code_0700C0.s:11023: Warning: section does not have enough alignment to ensure safe PC-relative loads
asm/code/code_0780C0.s:419: Warning: section does not have enough alignment to ensure safe PC-relative loads
asm/code/code_0780C0.s:547: Warning: section does not have enough alignment to ensure safe PC-relative loads
asm/code/code_0580C0.s:18962: Warning: section does not have enough alignment to ensure safe PC-relative loads
asm/code/code_0700C0.s:11030: Warning: section does not have enough alignment to ensure safe PC-relative loads
asm/code/code_0780C0.s:745: Warning: section does not have enough alignment to ensure safe PC-relative loads
asm/code/code_0780C0.s:794: Warning: section does not have enough alignment to ensure safe PC-relative loads
asm/code/code_0580C0.s:18999: Warning: section does not have enough alignment to ensure safe PC-relative loads
asm/code/code_0700C0.s:11189: Warning: section does not have enough alignment to ensure safe PC-relative loads
asm/code/code_0780C0.s:872: Warning: section does not have enough alignment to ensure safe PC-relative loads
asm/code/code_0580C0.s:19004: Warning: section does not have enough alignment to ensure safe PC-relative loads
asm/code/code_0580C0.s:19011: Warning: section does not have enough alignment to ensure safe PC-relative loads
asm/code/code_0700C0.s:11494: Warning: section does not have enough alignment to ensure safe PC-relative loads
asm/code/code_0700C0.s:11502: Warning: section does not have enough alignment to ensure safe PC-relative loads
asm/code/code_0780C0.s:875: Warning: section does not have enough alignment to ensure safe PC-relative loads
asm/code/code_0780C0.s:1309: Warning: section does not have enough alignment to ensure safe PC-relative loads
asm/code/code_0580C0.s:19046: Warning: section does not have enough alignment to ensure safe PC-relative loads
asm/code/code_0580C0.s:19053: Warning: section does not have enough alignment to ensure safe PC-relative loads
asm/code/code_0700C0.s:11517: Warning: section does not have enough alignment to ensure safe PC-relative loads
asm/code/code_0780C0.s:1312: Warning: section does not have enough alignment to ensure safe PC-relative loads
asm/code/code_0580C0.s:19094: Warning: section does not have enough alignment to ensure safe PC-relative loads
asm/code/code_0700C0.s:11778: Warning: section does not have enough alignment to ensure safe PC-relative loads
asm/code/code_0780C0.s:1371: Warning: section does not have enough alignment to ensure safe PC-relative loads
asm/code/code_0780C0.s:1393: Warning: section does not have enough alignment to ensure safe PC-relative loads
asm/code/code_0700C0.s:11961: Warning: section does not have enough alignment to ensure safe PC-relative loads
asm/code/code_0700C0.s:11965: Warning: section does not have enough alignment to ensure safe PC-relative loads
asm/code/code_0780C0.s:1397: Warning: section does not have enough alignment to ensure safe PC-relative loads
asm/code/code_0780C0.s:1398: Warning: section does not have enough alignment to ensure safe PC-relative loads
asm/code/code_0700C0.s:12019: Warning: section does not have enough alignment to ensure safe PC-relative loads
asm/code/code_0700C0.s:12045: Warning: section does not have enough alignment to ensure safe PC-relative loads
asm/code/code_0780C0.s:1400: Warning: section does not have enough alignment to ensure safe PC-relative loads
asm/code/code_0780C0.s:1402: Warning: section does not have enough alignment to ensure safe PC-relative loads
asm/code/code_0700C0.s:12610: Warning: section does not have enough alignment to ensure safe PC-relative loads
asm/code/code_0780C0.s:1404: Warning: section does not have enough alignment to ensure safe PC-relative loads
asm/code/code_0700C0.s:12614: Warning: section does not have enough alignment to ensure safe PC-relative loads
asm/code/code_0780C0.s:1406: Warning: section does not have enough alignment to ensure safe PC-relative loads
asm/code/code_0780C0.s:1411: Warning: section does not have enough alignment to ensure safe PC-relative loads
asm/code/code_0700C0.s:12667: Warning: section does not have enough alignment to ensure safe PC-relative loads
asm/code/code_0700C0.s:12808: Warning: section does not have enough alignment to ensure safe PC-relative loads
asm/code/code_0780C0.s:1422: Warning: section does not have enough alignment to ensure safe PC-relative loads
asm/code/code_0780C0.s:1472: Warning: section does not have enough alignment to ensure safe PC-relative loads
asm/code/code_0700C0.s:12848: Warning: section does not have enough alignment to ensure safe PC-relative loads
asm/code/code_0700C0.s:12946: Warning: section does not have enough alignment to ensure safe PC-relative loads
asm/code/code_0780C0.s:1473: Warning: section does not have enough alignment to ensure safe PC-relative loads
asm/code/code_0780C0.s:1500: Warning: section does not have enough alignment to ensure safe PC-relative loads
asm/code/code_0700C0.s:12949: Warning: section does not have enough alignment to ensure safe PC-relative loads
asm/code/code_0700C0.s:12957: Warning: section does not have enough alignment to ensure safe PC-relative loads
asm/code/code_0780C0.s:1501: Warning: section does not have enough alignment to ensure safe PC-relative loads
asm/code/code_0780C0.s:1571: Warning: section does not have enough alignment to ensure safe PC-relative loads
asm/code/code_0700C0.s:12961: Warning: section does not have enough alignment to ensure safe PC-relative loads
asm/code/code_0780C0.s:1572: Warning: section does not have enough alignment to ensure safe PC-relative loads
asm/code/code_0780C0.s:1618: Warning: section does not have enough alignment to ensure safe PC-relative loads
asm/code/code_0700C0.s:12962: Warning: section does not have enough alignment to ensure safe PC-relative loads
asm/code/code_0700C0.s:12968: Warning: section does not have enough alignment to ensure safe PC-relative loads
asm/code/code_0780C0.s:1623: Warning: section does not have enough alignment to ensure safe PC-relative loads
asm/code/code_0780C0.s:1707: Warning: section does not have enough alignment to ensure safe PC-relative loads
asm/code/code_0700C0.s:13086: Warning: section does not have enough alignment to ensure safe PC-relative loads
asm/code/code_0700C0.s:13157: Warning: section does not have enough alignment to ensure safe PC-relative loads
asm/code/code_0780C0.s:1710: Warning: section does not have enough alignment to ensure safe PC-relative loads
asm/code/code_0780C0.s:1713: Warning: section does not have enough alignment to ensure safe PC-relative loads
asm/code/code_0700C0.s:13248: Warning: section does not have enough alignment to ensure safe PC-relative loads
asm/code/code_0700C0.s:13286: Warning: section does not have enough alignment to ensure safe PC-relative loads
asm/code/code_0780C0.s:1731: Warning: section does not have enough alignment to ensure safe PC-relative loads
asm/code/code_0780C0.s:1734: Warning: section does not have enough alignment to ensure safe PC-relative loads
asm/code/code_0700C0.s:13299: Warning: section does not have enough alignment to ensure safe PC-relative loads
asm/code/code_0780C0.s:1739: Warning: section does not have enough alignment to ensure safe PC-relative loads
asm/code/code_0780C0.s:1740: Warning: section does not have enough alignment to ensure safe PC-relative loads
AS      asm/code/code_0800C0.s
asm/code/code_0700C0.s:13358: Warning: section does not have enough alignment to ensure safe PC-relative loads
asm/code/code_0700C0.s:13359: Warning: section does not have enough alignment to ensure safe PC-relative loads
asm/code/code_0780C0.s:1742: Warning: section does not have enough alignment to ensure safe PC-relative loads
asm/code/code_0780C0.s:1744: Warning: section does not have enough alignment to ensure safe PC-relative loads
asm/code/code_0700C0.s:13429: Warning: section does not have enough alignment to ensure safe PC-relative loads
asm/code/code_0700C0.s:13432: Warning: section does not have enough alignment to ensure safe PC-relative loads
asm/code/code_0780C0.s:1746: Warning: section does not have enough alignment to ensure safe PC-relative loads
asm/code/code_0780C0.s:1748: Warning: section does not have enough alignment to ensure safe PC-relative loads
asm/code/code_0700C0.s:13440: Warning: section does not have enough alignment to ensure safe PC-relative loads
asm/code/code_0780C0.s:1750: Warning: section does not have enough alignment to ensure safe PC-relative loads
asm/code/code_0780C0.s:1752: Warning: section does not have enough alignment to ensure safe PC-relative loads
asm/code/code_0700C0.s:13446: Warning: section does not have enough alignment to ensure safe PC-relative loads
asm/code/code_0700C0.s:13447: Warning: section does not have enough alignment to ensure safe PC-relative loads
asm/code/code_0780C0.s:1756: Warning: section does not have enough alignment to ensure safe PC-relative loads
asm/code/code_0780C0.s:1759: Warning: section does not have enough alignment to ensure safe PC-relative loads
asm/code/code_0700C0.s:13455: Warning: section does not have enough alignment to ensure safe PC-relative loads
asm/code/code_0700C0.s:13549: Warning: section does not have enough alignment to ensure safe PC-relative loads
asm/code/code_0780C0.s:1762: Warning: section does not have enough alignment to ensure safe PC-relative loads
asm/code/code_0780C0.s:1764: Warning: section does not have enough alignment to ensure safe PC-relative loads
asm/code/code_0700C0.s:13622: Warning: section does not have enough alignment to ensure safe PC-relative loads
asm/code/code_0700C0.s:13626: Warning: section does not have enough alignment to ensure safe PC-relative loads
asm/code/code_0780C0.s:1766: Warning: section does not have enough alignment to ensure safe PC-relative loads
asm/code/code_0780C0.s:1768: Warning: section does not have enough alignment to ensure safe PC-relative loads
asm/code/code_0700C0.s:14167: Warning: section does not have enough alignment to ensure safe PC-relative loads
asm/code/code_0700C0.s:14296: Warning: section does not have enough alignment to ensure safe PC-relative loads
asm/code/code_0780C0.s:1772: Warning: section does not have enough alignment to ensure safe PC-relative loads
asm/code/code_0780C0.s:1872: Warning: section does not have enough alignment to ensure safe PC-relative loads
asm/code/code_0700C0.s:14348: Warning: section does not have enough alignment to ensure safe PC-relative loads
asm/code/code_0700C0.s:14419: Warning: section does not have enough alignment to ensure safe PC-relative loads
asm/code/code_0780C0.s:1888: Warning: section does not have enough alignment to ensure safe PC-relative loads
asm/code/code_0780C0.s:1913: Warning: section does not have enough alignment to ensure safe PC-relative loads
asm/code/code_0700C0.s:14444: Warning: section does not have enough alignment to ensure safe PC-relative loads
asm/code/code_0700C0.s:14465: Warning: section does not have enough alignment to ensure safe PC-relative loads
asm/code/code_0780C0.s:1920: Warning: section does not have enough alignment to ensure safe PC-relative loads
asm/code/code_0780C0.s:1924: Warning: section does not have enough alignment to ensure safe PC-relative loads
asm/code/code_0700C0.s:14488: Warning: section does not have enough alignment to ensure safe PC-relative loads
asm/code/code_0700C0.s:14542: Warning: section does not have enough alignment to ensure safe PC-relative loads
asm/code/code_0780C0.s:1933: Warning: section does not have enough alignment to ensure safe PC-relative loads
asm/code/code_0780C0.s:1936: Warning: section does not have enough alignment to ensure safe PC-relative loads
asm/code/code_0800C0.s: Assembler messages:
asm/code/code_0700C0.s:14581: Warning: section does not have enough alignment to ensure safe PC-relative loads
asm/code/code_0700C0.s:14584: Warning: section does not have enough alignment to ensure safe PC-relative loads
asm/code/code_0780C0.s:1943: Warning: section does not have enough alignment to ensure safe PC-relative loads
asm/code/code_0780C0.s:1949: Warning: section does not have enough alignment to ensure safe PC-relative loads
asm/code/code_0800C0.s:15102: Warning: use of r13 is deprecated
asm/code/code_0700C0.s:14769: Warning: section does not have enough alignment to ensure safe PC-relative loads
asm/code/code_0700C0.s:14773: Warning: section does not have enough alignment to ensure safe PC-relative loads
asm/code/code_0780C0.s:1956: Warning: section does not have enough alignment to ensure safe PC-relative loads
asm/code/code_0780C0.s:1959: Warning: section does not have enough alignment to ensure safe PC-relative loads
asm/code/code_0700C0.s:14793: Warning: section does not have enough alignment to ensure safe PC-relative loads
asm/code/code_0700C0.s:14800: Warning: section does not have enough alignment to ensure safe PC-relative loads
asm/code/code_0800C0.s:16575: Warning: use of r13 is deprecated
asm/code/code_0780C0.s:1967: Warning: section does not have enough alignment to ensure safe PC-relative loads
asm/code/code_0780C0.s:1969: Warning: section does not have enough alignment to ensure safe PC-relative loads
asm/code/code_0700C0.s:14937: Warning: section does not have enough alignment to ensure safe PC-relative loads
asm/code/code_0700C0.s:14941: Warning: section does not have enough alignment to ensure safe PC-relative loads
asm/code/code_0800C0.s:16591: Warning: use of r13 is deprecated
asm/code/code_0780C0.s:1974: Warning: section does not have enough alignment to ensure safe PC-relative loads
asm/code/code_0700C0.s:15188: Warning: section does not have enough alignment to ensure safe PC-relative loads
asm/code/code_0700C0.s:15288: Warning: section does not have enough alignment to ensure safe PC-relative loads
asm/code/code_0780C0.s:1981: Warning: section does not have enough alignment to ensure safe PC-relative loads
asm/code/code_0780C0.s:2035: Warning: section does not have enough alignment to ensure safe PC-relative loads
asm/code/code_0700C0.s:15533: Warning: section does not have enough alignment to ensure safe PC-relative loads
asm/code/code_0800C0.s:34: Warning: section does not have enough alignment to ensure safe PC-relative loads
asm/code/code_0800C0.s:74: Warning: section does not have enough alignment to ensure safe PC-relative loads
asm/code/code_0780C0.s:2043: Warning: section does not have enough alignment to ensure safe PC-relative loads
asm/code/code_0780C0.s:2054: Warning: section does not have enough alignment to ensure safe PC-relative loads
asm/code/code_0700C0.s:15794: Warning: section does not have enough alignment to ensure safe PC-relative loads
asm/code/code_0800C0.s:112: Warning: section does not have enough alignment to ensure safe PC-relative loads
asm/code/code_0800C0.s:263: Warning: section does not have enough alignment to ensure safe PC-relative loads
asm/code/code_0780C0.s:2056: Warning: section does not have enough alignment to ensure safe PC-relative loads
asm/code/code_0780C0.s:2058: Warning: section does not have enough alignment to ensure safe PC-relative loads
asm/code/code_0700C0.s:16264: Warning: section does not have enough alignment to ensure safe PC-relative loads
asm/code/code_0700C0.s:16265: Warning: section does not have enough alignment to ensure safe PC-relative loads
asm/code/code_0800C0.s:273: Warning: section does not have enough alignment to ensure safe PC-relative loads
asm/code/code_0800C0.s:305: Warning: section does not have enough alignment to ensure safe PC-relative loads
asm/code/code_0780C0.s:2068: Warning: section does not have enough alignment to ensure safe PC-relative loads
asm/code/code_0780C0.s:2070: Warning: section does not have enough alignment to ensure safe PC-relative loads
asm/code/code_0700C0.s:16323: Warning: section does not have enough alignment to ensure safe PC-relative loads
asm/code/code_0700C0.s:16331: Warning: section does not have enough alignment to ensure safe PC-relative loads
asm/code/code_0800C0.s:329: Warning: section does not have enough alignment to ensure safe PC-relative loads
asm/code/code_0800C0.s:335: Warning: section does not have enough alignment to ensure safe PC-relative loads
asm/code/code_0780C0.s:2071: Warning: section does not have enough alignment to ensure safe PC-relative loads
asm/code/code_0780C0.s:2077: Warning: section does not have enough alignment to ensure safe PC-relative loads
asm/code/code_0700C0.s:16355: Warning: section does not have enough alignment to ensure safe PC-relative loads
asm/code/code_0700C0.s:16363: Warning: section does not have enough alignment to ensure safe PC-relative loads
asm/code/code_0800C0.s:371: Warning: section does not have enough alignment to ensure safe PC-relative loads
asm/code/code_0800C0.s:396: Warning: section does not have enough alignment to ensure safe PC-relative loads
asm/code/code_0780C0.s:2083: Warning: section does not have enough alignment to ensure safe PC-relative loads
asm/code/code_0780C0.s:2089: Warning: section does not have enough alignment to ensure safe PC-relative loads
asm/code/code_0700C0.s:16364: Warning: section does not have enough alignment to ensure safe PC-relative loads
asm/code/code_0800C0.s:407: Warning: section does not have enough alignment to ensure safe PC-relative loads
asm/code/code_0800C0.s:455: Warning: section does not have enough alignment to ensure safe PC-relative loads
asm/code/code_0780C0.s:2131: Warning: section does not have enough alignment to ensure safe PC-relative loads
asm/code/code_0780C0.s:2134: Warning: section does not have enough alignment to ensure safe PC-relative loads
asm/code/code_0700C0.s:16492: Warning: section does not have enough alignment to ensure safe PC-relative loads
asm/code/code_0700C0.s:16545: Warning: section does not have enough alignment to ensure safe PC-relative loads
asm/code/code_0800C0.s:467: Warning: section does not have enough alignment to ensure safe PC-relative loads
asm/code/code_0800C0.s:515: Warning: section does not have enough alignment to ensure safe PC-relative loads
asm/code/code_0780C0.s:2186: Warning: section does not have enough alignment to ensure safe PC-relative loads
asm/code/code_0700C0.s:16567: Warning: section does not have enough alignment to ensure safe PC-relative loads
asm/code/code_0700C0.s:16604: Warning: section does not have enough alignment to ensure safe PC-relative loads
asm/code/code_0800C0.s:537: Warning: section does not have enough alignment to ensure safe PC-relative loads
asm/code/code_0800C0.s:580: Warning: section does not have enough alignment to ensure safe PC-relative loads
asm/code/code_0780C0.s:2204: Warning: section does not have enough alignment to ensure safe PC-relative loads
asm/code/code_0780C0.s:2248: Warning: section does not have enough alignment to ensure safe PC-relative loads
asm/code/code_0700C0.s:16693: Warning: section does not have enough alignment to ensure safe PC-relative loads
asm/code/code_0700C0.s:16708: Warning: section does not have enough alignment to ensure safe PC-relative loads
asm/code/code_0800C0.s:677: Warning: section does not have enough alignment to ensure safe PC-relative loads
asm/code/code_0780C0.s:2251: Warning: section does not have enough alignment to ensure safe PC-relative loads
asm/code/code_0700C0.s:16709: Warning: section does not have enough alignment to ensure safe PC-relative loads
asm/code/code_0800C0.s:683: Warning: section does not have enough alignment to ensure safe PC-relative loads
asm/code/code_0780C0.s:2258: Warning: section does not have enough alignment to ensure safe PC-relative loads
asm/code/code_0780C0.s:2265: Warning: section does not have enough alignment to ensure safe PC-relative loads
asm/code/code_0700C0.s:17063: Warning: section does not have enough alignment to ensure safe PC-relative loads
asm/code/code_0700C0.s:17065: Warning: section does not have enough alignment to ensure safe PC-relative loads
asm/code/code_0800C0.s:720: Warning: section does not have enough alignment to ensure safe PC-relative loads
asm/code/code_0780C0.s:2269: Warning: section does not have enough alignment to ensure safe PC-relative loads
asm/code/code_0780C0.s:2279: Warning: section does not have enough alignment to ensure safe PC-relative loads
asm/code/code_0700C0.s:17119: Warning: section does not have enough alignment to ensure safe PC-relative loads
asm/code/code_0700C0.s:17122: Warning: section does not have enough alignment to ensure safe PC-relative loads
asm/code/code_0800C0.s:723: Warning: section does not have enough alignment to ensure safe PC-relative loads
asm/code/code_0780C0.s:2314: Warning: section does not have enough alignment to ensure safe PC-relative loads
asm/code/code_0700C0.s:17153: Warning: section does not have enough alignment to ensure safe PC-relative loads
asm/code/code_0800C0.s:748: Warning: section does not have enough alignment to ensure safe PC-relative loads
asm/code/code_0780C0.s:2317: Warning: section does not have enough alignment to ensure safe PC-relative loads
asm/code/code_0780C0.s:2320: Warning: section does not have enough alignment to ensure safe PC-relative loads
asm/code/code_0700C0.s:17168: Warning: section does not have enough alignment to ensure safe PC-relative loads
asm/code/code_0700C0.s:17247: Warning: section does not have enough alignment to ensure safe PC-relative loads
asm/code/code_0800C0.s:766: Warning: section does not have enough alignment to ensure safe PC-relative loads
asm/code/code_0800C0.s:769: Warning: section does not have enough alignment to ensure safe PC-relative loads
asm/code/code_0780C0.s:2364: Warning: section does not have enough alignment to ensure safe PC-relative loads
asm/code/code_0780C0.s:2367: Warning: section does not have enough alignment to ensure safe PC-relative loads
asm/code/code_0700C0.s:17249: Warning: section does not have enough alignment to ensure safe PC-relative loads
asm/code/code_0700C0.s:17268: Warning: section does not have enough alignment to ensure safe PC-relative loads
asm/code/code_0800C0.s:771: Warning: section does not have enough alignment to ensure safe PC-relative loads
asm/code/code_0800C0.s:775: Warning: section does not have enough alignment to ensure safe PC-relative loads
asm/code/code_0780C0.s:2404: Warning: section does not have enough alignment to ensure safe PC-relative loads
asm/code/code_0780C0.s:2406: Warning: section does not have enough alignment to ensure safe PC-relative loads
asm/code/code_0700C0.s:17292: Warning: section does not have enough alignment to ensure safe PC-relative loads
asm/code/code_0700C0.s:17305: Warning: section does not have enough alignment to ensure safe PC-relative loads
asm/code/code_0800C0.s:804: Warning: section does not have enough alignment to ensure safe PC-relative loads
asm/code/code_0800C0.s:806: Warning: section does not have enough alignment to ensure safe PC-relative loads
asm/code/code_0780C0.s:2436: Warning: section does not have enough alignment to ensure safe PC-relative loads
asm/code/code_0780C0.s:2558: Warning: section does not have enough alignment to ensure safe PC-relative loads
asm/code/code_0700C0.s:17306: Warning: section does not have enough alignment to ensure safe PC-relative loads
asm/code/code_0800C0.s:810: Warning: section does not have enough alignment to ensure safe PC-relative loads
asm/code/code_0800C0.s:815: Warning: section does not have enough alignment to ensure safe PC-relative loads
asm/code/code_0780C0.s:2588: Warning: section does not have enough alignment to ensure safe PC-relative loads
asm/code/code_0780C0.s:2845: Warning: section does not have enough alignment to ensure safe PC-relative loads
asm/code/code_0700C0.s:17391: Warning: section does not have enough alignment to ensure safe PC-relative loads
asm/code/code_0800C0.s:846: Warning: section does not have enough alignment to ensure safe PC-relative loads
asm/code/code_0780C0.s:2875: Warning: section does not have enough alignment to ensure safe PC-relative loads
asm/code/code_0780C0.s:2878: Warning: section does not have enough alignment to ensure safe PC-relative loads
asm/code/code_0800C0.s:863: Warning: section does not have enough alignment to ensure safe PC-relative loads
asm/code/code_0780C0.s:2942: Warning: section does not have enough alignment to ensure safe PC-relative loads
asm/code/code_0800C0.s:896: Warning: section does not have enough alignment to ensure safe PC-relative loads
asm/code/code_0800C0.s:909: Warning: section does not have enough alignment to ensure safe PC-relative loads
asm/code/code_0780C0.s:2952: Warning: section does not have enough alignment to ensure safe PC-relative loads
asm/code/code_0800C0.s:927: Warning: section does not have enough alignment to ensure safe PC-relative loads
asm/code/code_0800C0.s:959: Warning: section does not have enough alignment to ensure safe PC-relative loads
asm/code/code_0780C0.s:2959: Warning: section does not have enough alignment to ensure safe PC-relative loads
asm/code/code_0780C0.s:2969: Warning: section does not have enough alignment to ensure safe PC-relative loads
asm/code/code_0800C0.s:961: Warning: section does not have enough alignment to ensure safe PC-relative loads
asm/code/code_0800C0.s:972: Warning: section does not have enough alignment to ensure safe PC-relative loads
asm/code/code_0780C0.s:3065: Warning: section does not have enough alignment to ensure safe PC-relative loads
asm/code/code_0800C0.s:974: Warning: section does not have enough alignment to ensure safe PC-relative loads
asm/code/code_0800C0.s:987: Warning: section does not have enough alignment to ensure safe PC-relative loads
asm/code/code_0780C0.s:3117: Warning: section does not have enough alignment to ensure safe PC-relative loads
asm/code/code_0780C0.s:3119: Warning: section does not have enough alignment to ensure safe PC-relative loads
asm/code/code_0800C0.s:989: Warning: section does not have enough alignment to ensure safe PC-relative loads
asm/code/code_0800C0.s:1086: Warning: section does not have enough alignment to ensure safe PC-relative loads
asm/code/code_0780C0.s:3120: Warning: section does not have enough alignment to ensure safe PC-relative loads
asm/code/code_0780C0.s:3137: Warning: section does not have enough alignment to ensure safe PC-relative loads
asm/code/code_0800C0.s:1087: Warning: section does not have enough alignment to ensure safe PC-relative loads
asm/code/code_0800C0.s:1143: Warning: section does not have enough alignment to ensure safe PC-relative loads
asm/code/code_0780C0.s:3139: Warning: section does not have enough alignment to ensure safe PC-relative loads
asm/code/code_0780C0.s:3140: Warning: section does not have enough alignment to ensure safe PC-relative loads
asm/code/code_0800C0.s:1144: Warning: section does not have enough alignment to ensure safe PC-relative loads
asm/code/code_0780C0.s:3155: Warning: section does not have enough alignment to ensure safe PC-relative loads
asm/code/code_0780C0.s:3157: Warning: section does not have enough alignment to ensure safe PC-relative loads
asm/code/code_0800C0.s:1203: Warning: section does not have enough alignment to ensure safe PC-relative loads
asm/code/code_0800C0.s:1204: Warning: section does not have enough alignment to ensure safe PC-relative loads
asm/code/code_0780C0.s:3158: Warning: section does not have enough alignment to ensure safe PC-relative loads
asm/code/code_0780C0.s:3177: Warning: section does not have enough alignment to ensure safe PC-relative loads
asm/code/code_0800C0.s:1844: Warning: section does not have enough alignment to ensure safe PC-relative loads
asm/code/code_0780C0.s:3179: Warning: section does not have enough alignment to ensure safe PC-relative loads
asm/code/code_0780C0.s:3180: Warning: section does not have enough alignment to ensure safe PC-relative loads
asm/code/code_0800C0.s:2208: Warning: section does not have enough alignment to ensure safe PC-relative loads
asm/code/code_0800C0.s:2210: Warning: section does not have enough alignment to ensure safe PC-relative loads
asm/code/code_0780C0.s:3269: Warning: section does not have enough alignment to ensure safe PC-relative loads
asm/code/code_0800C0.s:2216: Warning: section does not have enough alignment to ensure safe PC-relative loads
asm/code/code_0800C0.s:2220: Warning: section does not have enough alignment to ensure safe PC-relative loads
asm/code/code_0780C0.s:3590: Warning: section does not have enough alignment to ensure safe PC-relative loads
AS      asm/code/code_0880C0.s
asm/code/code_0800C0.s:2266: Warning: section does not have enough alignment to ensure safe PC-relative loads
asm/code/code_0800C0.s:2376: Warning: section does not have enough alignment to ensure safe PC-relative loads
asm/code/code_0780C0.s:3596: Warning: section does not have enough alignment to ensure safe PC-relative loads
asm/code/code_0780C0.s:3612: Warning: section does not have enough alignment to ensure safe PC-relative loads
asm/code/code_0800C0.s:2536: Warning: section does not have enough alignment to ensure safe PC-relative loads
asm/code/code_0780C0.s:3660: Warning: section does not have enough alignment to ensure safe PC-relative loads
asm/code/code_0780C0.s:3669: Warning: section does not have enough alignment to ensure safe PC-relative loads
asm/code/code_0800C0.s:2701: Warning: section does not have enough alignment to ensure safe PC-relative loads
asm/code/code_0780C0.s:3774: Warning: section does not have enough alignment to ensure safe PC-relative loads
asm/code/code_0800C0.s:2802: Warning: section does not have enough alignment to ensure safe PC-relative loads
asm/code/code_0780C0.s:3813: Warning: section does not have enough alignment to ensure safe PC-relative loads
asm/code/code_0780C0.s:3874: Warning: section does not have enough alignment to ensure safe PC-relative loads
asm/code/code_0800C0.s:3335: Warning: section does not have enough alignment to ensure safe PC-relative loads
asm/code/code_0800C0.s:3336: Warning: section does not have enough alignment to ensure safe PC-relative loads
asm/code/code_0780C0.s:3912: Warning: section does not have enough alignment to ensure safe PC-relative loads
asm/code/code_0800C0.s:3337: Warning: section does not have enough alignment to ensure safe PC-relative loads
asm/code/code_0800C0.s:3381: Warning: section does not have enough alignment to ensure safe PC-relative loads
asm/code/code_0780C0.s:4017: Warning: section does not have enough alignment to ensure safe PC-relative loads
asm/code/code_0800C0.s:3405: Warning: section does not have enough alignment to ensure safe PC-relative loads
asm/code/code_0800C0.s:3410: Warning: section does not have enough alignment to ensure safe PC-relative loads
asm/code/code_0780C0.s:4114: Warning: section does not have enough alignment to ensure safe PC-relative loads
asm/code/code_0780C0.s:4132: Warning: section does not have enough alignment to ensure safe PC-relative loads
asm/code/code_0800C0.s:3422: Warning: section does not have enough alignment to ensure safe PC-relative loads
asm/code/code_0800C0.s:3455: Warning: section does not have enough alignment to ensure safe PC-relative loads
asm/code/code_0780C0.s:4149: Warning: section does not have enough alignment to ensure safe PC-relative loads
asm/code/code_0800C0.s:3480: Warning: section does not have enough alignment to ensure safe PC-relative loads
asm/code/code_0800C0.s:3483: Warning: section does not have enough alignment to ensure safe PC-relative loads
asm/code/code_0780C0.s:4155: Warning: section does not have enough alignment to ensure safe PC-relative loads
asm/code/code_0780C0.s:4160: Warning: section does not have enough alignment to ensure safe PC-relative loads
asm/code/code_0880C0.s: Assembler messages:
asm/code/code_0800C0.s:3488: Warning: section does not have enough alignment to ensure safe PC-relative loads
asm/code/code_0800C0.s:3492: Warning: section does not have enough alignment to ensure safe PC-relative loads
asm/code/code_0780C0.s:4165: Warning: section does not have enough alignment to ensure safe PC-relative loads
asm/code/code_0780C0.s:4293: Warning: section does not have enough alignment to ensure safe PC-relative loads
asm/code/code_0880C0.s:6250: Warning: value stored for r3 is UNKNOWN
asm/code/code_0800C0.s:3559: Warning: section does not have enough alignment to ensure safe PC-relative loads
asm/code/code_0800C0.s:3575: Warning: section does not have enough alignment to ensure safe PC-relative loads
asm/code/code_0780C0.s:4295: Warning: section does not have enough alignment to ensure safe PC-relative loads
asm/code/code_0780C0.s:4337: Warning: section does not have enough alignment to ensure safe PC-relative loads
asm/code/code_0880C0.s:6266: Warning: value stored for r4 is UNKNOWN
asm/code/code_0800C0.s:3602: Warning: section does not have enough alignment to ensure safe PC-relative loads
asm/code/code_0800C0.s:3639: Warning: section does not have enough alignment to ensure safe PC-relative loads
asm/code/code_0780C0.s:4339: Warning: section does not have enough alignment to ensure safe PC-relative loads
asm/code/code_0780C0.s:4381: Warning: section does not have enough alignment to ensure safe PC-relative loads
asm/code/code_0880C0.s:6270: Warning: value stored for r4 is UNKNOWN
asm/code/code_0800C0.s:3649: Warning: section does not have enough alignment to ensure safe PC-relative loads
asm/code/code_0800C0.s:3650: Warning: section does not have enough alignment to ensure safe PC-relative loads
asm/code/code_0780C0.s:4383: Warning: section does not have enough alignment to ensure safe PC-relative loads
asm/code/code_0780C0.s:4433: Warning: section does not have enough alignment to ensure safe PC-relative loads
asm/code/code_0880C0.s:6274: Warning: value stored for r4 is UNKNOWN
asm/code/code_0800C0.s:3725: Warning: section does not have enough alignment to ensure safe PC-relative loads
asm/code/code_0800C0.s:3963: Warning: section does not have enough alignment to ensure safe PC-relative loads
asm/code/code_0780C0.s:4436: Warning: section does not have enough alignment to ensure safe PC-relative loads
asm/code/code_0780C0.s:4437: Warning: section does not have enough alignment to ensure safe PC-relative loads
asm/code/code_0880C0.s:6294: Warning: value stored for r5 is UNKNOWN
asm/code/code_0800C0.s:4017: Warning: section does not have enough alignment to ensure safe PC-relative loads
asm/code/code_0780C0.s:4438: Warning: section does not have enough alignment to ensure safe PC-relative loads
asm/code/code_0780C0.s:4464: Warning: section does not have enough alignment to ensure safe PC-relative loads
asm/code/code_0880C0.s:6302: Warning: value stored for r5 is UNKNOWN
asm/code/code_0800C0.s:4192: Warning: section does not have enough alignment to ensure safe PC-relative loads
asm/code/code_0800C0.s:4312: Warning: section does not have enough alignment to ensure safe PC-relative loads
asm/code/code_0780C0.s:4465: Warning: section does not have enough alignment to ensure safe PC-relative loads
asm/code/code_0780C0.s:4467: Warning: section does not have enough alignment to ensure safe PC-relative loads
asm/code/code_0880C0.s:6314: Warning: value stored for r5 is UNKNOWN
asm/code/code_0800C0.s:4313: Warning: section does not have enough alignment to ensure safe PC-relative loads
asm/code/code_0780C0.s:4470: Warning: section does not have enough alignment to ensure safe PC-relative loads
asm/code/code_0780C0.s:4471: Warning: section does not have enough alignment to ensure safe PC-relative loads
asm/code/code_0880C0.s:6322: Warning: value stored for r5 is UNKNOWN
asm/code/code_0800C0.s:4372: Warning: section does not have enough alignment to ensure safe PC-relative loads
asm/code/code_0800C0.s:4415: Warning: section does not have enough alignment to ensure safe PC-relative loads
asm/code/code_0780C0.s:4472: Warning: section does not have enough alignment to ensure safe PC-relative loads
asm/code/code_0780C0.s:4506: Warning: section does not have enough alignment to ensure safe PC-relative loads
asm/code/code_0800C0.s:4593: Warning: section does not have enough alignment to ensure safe PC-relative loads
asm/code/code_0800C0.s:4663: Warning: section does not have enough alignment to ensure safe PC-relative loads
asm/code/code_0780C0.s:4507: Warning: section does not have enough alignment to ensure safe PC-relative loads
asm/code/code_0780C0.s:4509: Warning: section does not have enough alignment to ensure safe PC-relative loads
asm/code/code_0800C0.s:4664: Warning: section does not have enough alignment to ensure safe PC-relative loads
asm/code/code_0780C0.s:4511: Warning: section does not have enough alignment to ensure safe PC-relative loads
asm/code/code_0780C0.s:4556: Warning: section does not have enough alignment to ensure safe PC-relative loads
asm/code/code_0800C0.s:5271: Warning: section does not have enough alignment to ensure safe PC-relative loads
asm/code/code_0800C0.s:5272: Warning: section does not have enough alignment to ensure safe PC-relative loads
asm/code/code_0780C0.s:4580: Warning: section does not have enough alignment to ensure safe PC-relative loads
asm/code/code_0780C0.s:4598: Warning: section does not have enough alignment to ensure safe PC-relative loads
asm/code/code_0800C0.s:5296: Warning: section does not have enough alignment to ensure safe PC-relative loads
asm/code/code_0800C0.s:5368: Warning: section does not have enough alignment to ensure safe PC-relative loads
asm/code/code_0780C0.s:4604: Warning: section does not have enough alignment to ensure safe PC-relative loads
asm/code/code_0780C0.s:4606: Warning: section does not have enough alignment to ensure safe PC-relative loads
asm/code/code_0800C0.s:5722: Warning: section does not have enough alignment to ensure safe PC-relative loads
asm/code/code_0800C0.s:5758: Warning: section does not have enough alignment to ensure safe PC-relative loads
asm/code/code_0780C0.s:4654: Warning: section does not have enough alignment to ensure safe PC-relative loads
asm/code/code_0780C0.s:4699: Warning: section does not have enough alignment to ensure safe PC-relative loads
asm/code/code_0800C0.s:5761: Warning: section does not have enough alignment to ensure safe PC-relative loads
asm/code/code_0800C0.s:5794: Warning: section does not have enough alignment to ensure safe PC-relative loads
asm/code/code_0880C0.s:105: Warning: section does not have enough alignment to ensure safe PC-relative loads
asm/code/code_0880C0.s:113: Warning: section does not have enough alignment to ensure safe PC-relative loads
asm/code/code_0780C0.s:4730: Warning: section does not have enough alignment to ensure safe PC-relative loads
asm/code/code_0780C0.s:4821: Warning: section does not have enough alignment to ensure safe PC-relative loads
asm/code/code_0800C0.s:5797: Warning: section does not have enough alignment to ensure safe PC-relative loads
asm/code/code_0880C0.s:116: Warning: section does not have enough alignment to ensure safe PC-relative loads
asm/code/code_0880C0.s:212: Warning: section does not have enough alignment to ensure safe PC-relative loads
asm/code/code_0780C0.s:4837: Warning: section does not have enough alignment to ensure safe PC-relative loads
asm/code/code_0780C0.s:4839: Warning: section does not have enough alignment to ensure safe PC-relative loads
asm/code/code_0800C0.s:5847: Warning: section does not have enough alignment to ensure safe PC-relative loads
asm/code/code_0800C0.s:5848: Warning: section does not have enough alignment to ensure safe PC-relative loads
asm/code/code_0880C0.s:653: Warning: section does not have enough alignment to ensure safe PC-relative loads
asm/code/code_0880C0.s:654: Warning: section does not have enough alignment to ensure safe PC-relative loads
asm/code/code_0780C0.s:4841: Warning: section does not have enough alignment to ensure safe PC-relative loads
asm/code/code_0780C0.s:4917: Warning: section does not have enough alignment to ensure safe PC-relative loads
asm/code/code_0800C0.s:5912: Warning: section does not have enough alignment to ensure safe PC-relative loads
asm/code/code_0800C0.s:5915: Warning: section does not have enough alignment to ensure safe PC-relative loads
asm/code/code_0880C0.s:655: Warning: section does not have enough alignment to ensure safe PC-relative loads
asm/code/code_0880C0.s:658: Warning: section does not have enough alignment to ensure safe PC-relative loads
asm/code/code_0780C0.s:5237: Warning: section does not have enough alignment to ensure safe PC-relative loads
asm/code/code_0780C0.s:5260: Warning: section does not have enough alignment to ensure safe PC-relative loads
asm/code/code_0800C0.s:5962: Warning: section does not have enough alignment to ensure safe PC-relative loads
asm/code/code_0800C0.s:5965: Warning: section does not have enough alignment to ensure safe PC-relative loads
asm/code/code_0880C0.s:661: Warning: section does not have enough alignment to ensure safe PC-relative loads
asm/code/code_0880C0.s:667: Warning: section does not have enough alignment to ensure safe PC-relative loads
asm/code/code_0780C0.s:5332: Warning: section does not have enough alignment to ensure safe PC-relative loads
asm/code/code_0800C0.s:6016: Warning: section does not have enough alignment to ensure safe PC-relative loads
asm/code/code_0800C0.s:6019: Warning: section does not have enough alignment to ensure safe PC-relative loads
asm/code/code_0880C0.s:710: Warning: section does not have enough alignment to ensure safe PC-relative loads
asm/code/code_0880C0.s:713: Warning: section does not have enough alignment to ensure safe PC-relative loads
asm/code/code_0780C0.s:6059: Warning: section does not have enough alignment to ensure safe PC-relative loads
asm/code/code_0780C0.s:6110: Warning: section does not have enough alignment to ensure safe PC-relative loads
asm/code/code_0800C0.s:6091: Warning: section does not have enough alignment to ensure safe PC-relative loads
asm/code/code_0800C0.s:6151: Warning: section does not have enough alignment to ensure safe PC-relative loads
asm/code/code_0880C0.s:746: Warning: section does not have enough alignment to ensure safe PC-relative loads
asm/code/code_0880C0.s:759: Warning: section does not have enough alignment to ensure safe PC-relative loads
asm/code/code_0780C0.s:6134: Warning: section does not have enough alignment to ensure safe PC-relative loads
asm/code/code_0800C0.s:6230: Warning: section does not have enough alignment to ensure safe PC-relative loads
asm/code/code_0880C0.s:762: Warning: section does not have enough alignment to ensure safe PC-relative loads
asm/code/code_0880C0.s:765: Warning: section does not have enough alignment to ensure safe PC-relative loads
asm/code/code_0780C0.s:6350: Warning: section does not have enough alignment to ensure safe PC-relative loads
asm/code/code_0780C0.s:6404: Warning: section does not have enough alignment to ensure safe PC-relative loads
asm/code/code_0800C0.s:6283: Warning: section does not have enough alignment to ensure safe PC-relative loads
asm/code/code_0800C0.s:6305: Warning: section does not have enough alignment to ensure safe PC-relative loads
asm/code/code_0880C0.s:766: Warning: section does not have enough alignment to ensure safe PC-relative loads
asm/code/code_0880C0.s:767: Warning: section does not have enough alignment to ensure safe PC-relative loads
asm/code/code_0780C0.s:6407: Warning: section does not have enough alignment to ensure safe PC-relative loads
asm/code/code_0780C0.s:6417: Warning: section does not have enough alignment to ensure safe PC-relative loads
asm/code/code_0800C0.s:6363: Warning: section does not have enough alignment to ensure safe PC-relative loads
asm/code/code_0800C0.s:6448: Warning: section does not have enough alignment to ensure safe PC-relative loads
asm/code/code_0880C0.s:771: Warning: section does not have enough alignment to ensure safe PC-relative loads
asm/code/code_0880C0.s:774: Warning: section does not have enough alignment to ensure safe PC-relative loads
asm/code/code_0780C0.s:6420: Warning: section does not have enough alignment to ensure safe PC-relative loads
asm/code/code_0780C0.s:6435: Warning: section does not have enough alignment to ensure safe PC-relative loads
asm/code/code_0800C0.s:6464: Warning: section does not have enough alignment to ensure safe PC-relative loads
asm/code/code_0880C0.s:782: Warning: section does not have enough alignment to ensure safe PC-relative loads
asm/code/code_0880C0.s:787: Warning: section does not have enough alignment to ensure safe PC-relative loads
asm/code/code_0780C0.s:6438: Warning: section does not have enough alignment to ensure safe PC-relative loads
asm/code/code_0800C0.s:6553: Warning: section does not have enough alignment to ensure safe PC-relative loads
asm/code/code_0800C0.s:6555: Warning: section does not have enough alignment to ensure safe PC-relative loads
asm/code/code_0880C0.s:841: Warning: section does not have enough alignment to ensure safe PC-relative loads
asm/code/code_0880C0.s:848: Warning: section does not have enough alignment to ensure safe PC-relative loads
asm/code/code_0780C0.s:6486: Warning: section does not have enough alignment to ensure safe PC-relative loads
asm/code/code_0780C0.s:6492: Warning: section does not have enough alignment to ensure safe PC-relative loads
asm/code/code_0800C0.s:6625: Warning: section does not have enough alignment to ensure safe PC-relative loads
asm/code/code_0800C0.s:6642: Warning: section does not have enough alignment to ensure safe PC-relative loads
asm/code/code_0880C0.s:849: Warning: section does not have enough alignment to ensure safe PC-relative loads
asm/code/code_0880C0.s:850: Warning: section does not have enough alignment to ensure safe PC-relative loads
asm/code/code_0780C0.s:6500: Warning: section does not have enough alignment to ensure safe PC-relative loads
asm/code/code_0800C0.s:7074: Warning: section does not have enough alignment to ensure safe PC-relative loads
asm/code/code_0800C0.s:7107: Warning: section does not have enough alignment to ensure safe PC-relative loads
asm/code/code_0880C0.s:855: Warning: section does not have enough alignment to ensure safe PC-relative loads
asm/code/code_0880C0.s:858: Warning: section does not have enough alignment to ensure safe PC-relative loads
asm/code/code_0780C0.s:6514: Warning: section does not have enough alignment to ensure safe PC-relative loads
asm/code/code_0780C0.s:6520: Warning: section does not have enough alignment to ensure safe PC-relative loads
asm/code/code_0800C0.s:7230: Warning: section does not have enough alignment to ensure safe PC-relative loads
asm/code/code_0800C0.s:7247: Warning: section does not have enough alignment to ensure safe PC-relative loads
asm/code/code_0880C0.s:859: Warning: section does not have enough alignment to ensure safe PC-relative loads
asm/code/code_0880C0.s:862: Warning: section does not have enough alignment to ensure safe PC-relative loads
asm/code/code_0780C0.s:6526: Warning: section does not have enough alignment to ensure safe PC-relative loads
asm/code/code_0780C0.s:6545: Warning: section does not have enough alignment to ensure safe PC-relative loads
asm/code/code_0800C0.s:7288: Warning: section does not have enough alignment to ensure safe PC-relative loads
asm/code/code_0800C0.s:7317: Warning: section does not have enough alignment to ensure safe PC-relative loads
asm/code/code_0880C0.s:863: Warning: section does not have enough alignment to ensure safe PC-relative loads
asm/code/code_0780C0.s:6551: Warning: section does not have enough alignment to ensure safe PC-relative loads
asm/code/code_0780C0.s:6564: Warning: section does not have enough alignment to ensure safe PC-relative loads
asm/code/code_0800C0.s:7352: Warning: section does not have enough alignment to ensure safe PC-relative loads
asm/code/code_0800C0.s:7430: Warning: section does not have enough alignment to ensure safe PC-relative loads
asm/code/code_0880C0.s:866: Warning: section does not have enough alignment to ensure safe PC-relative loads
asm/code/code_0880C0.s:872: Warning: section does not have enough alignment to ensure safe PC-relative loads
asm/code/code_0780C0.s:6568: Warning: section does not have enough alignment to ensure safe PC-relative loads
asm/code/code_0800C0.s:7459: Warning: section does not have enough alignment to ensure safe PC-relative loads
asm/code/code_0800C0.s:7496: Warning: section does not have enough alignment to ensure safe PC-relative loads
asm/code/code_0880C0.s:874: Warning: section does not have enough alignment to ensure safe PC-relative loads
asm/code/code_0880C0.s:878: Warning: section does not have enough alignment to ensure safe PC-relative loads
asm/code/code_0780C0.s:6578: Warning: section does not have enough alignment to ensure safe PC-relative loads
asm/code/code_0780C0.s:6586: Warning: section does not have enough alignment to ensure safe PC-relative loads
asm/code/code_0800C0.s:7525: Warning: section does not have enough alignment to ensure safe PC-relative loads
asm/code/code_0800C0.s:7594: Warning: section does not have enough alignment to ensure safe PC-relative loads
asm/code/code_0880C0.s:886: Warning: section does not have enough alignment to ensure safe PC-relative loads
asm/code/code_0880C0.s:891: Warning: section does not have enough alignment to ensure safe PC-relative loads
asm/code/code_0780C0.s:6603: Warning: section does not have enough alignment to ensure safe PC-relative loads
asm/code/code_0780C0.s:6611: Warning: section does not have enough alignment to ensure safe PC-relative loads
asm/code/code_0800C0.s:7595: Warning: section does not have enough alignment to ensure safe PC-relative loads
asm/code/code_0800C0.s:7601: Warning: section does not have enough alignment to ensure safe PC-relative loads
asm/code/code_0880C0.s:923: Warning: section does not have enough alignment to ensure safe PC-relative loads
asm/code/code_0880C0.s:938: Warning: section does not have enough alignment to ensure safe PC-relative loads
asm/code/code_0780C0.s:6624: Warning: section does not have enough alignment to ensure safe PC-relative loads
asm/code/code_0780C0.s:6627: Warning: section does not have enough alignment to ensure safe PC-relative loads
asm/code/code_0800C0.s:7669: Warning: section does not have enough alignment to ensure safe PC-relative loads
asm/code/code_0800C0.s:7696: Warning: section does not have enough alignment to ensure safe PC-relative loads
asm/code/code_0880C0.s:950: Warning: section does not have enough alignment to ensure safe PC-relative loads
asm/code/code_0880C0.s:986: Warning: section does not have enough alignment to ensure safe PC-relative loads
asm/code/code_0780C0.s:6650: Warning: section does not have enough alignment to ensure safe PC-relative loads
asm/code/code_0780C0.s:6654: Warning: section does not have enough alignment to ensure safe PC-relative loads
asm/code/code_0800C0.s:7728: Warning: section does not have enough alignment to ensure safe PC-relative loads
asm/code/code_0880C0.s:992: Warning: section does not have enough alignment to ensure safe PC-relative loads
asm/code/code_0880C0.s:1008: Warning: section does not have enough alignment to ensure safe PC-relative loads
asm/code/code_0780C0.s:6657: Warning: section does not have enough alignment to ensure safe PC-relative loads
asm/code/code_0780C0.s:6687: Warning: section does not have enough alignment to ensure safe PC-relative loads
asm/code/code_0800C0.s:7780: Warning: section does not have enough alignment to ensure safe PC-relative loads
asm/code/code_0800C0.s:7807: Warning: section does not have enough alignment to ensure safe PC-relative loads
asm/code/code_0880C0.s:1062: Warning: section does not have enough alignment to ensure safe PC-relative loads
asm/code/code_0880C0.s:1063: Warning: section does not have enough alignment to ensure safe PC-relative loads
asm/code/code_0780C0.s:6709: Warning: section does not have enough alignment to ensure safe PC-relative loads
asm/code/code_0780C0.s:6740: Warning: section does not have enough alignment to ensure safe PC-relative loads
asm/code/code_0800C0.s:7894: Warning: section does not have enough alignment to ensure safe PC-relative loads
asm/code/code_0800C0.s:7921: Warning: section does not have enough alignment to ensure safe PC-relative loads
asm/code/code_0880C0.s:1064: Warning: section does not have enough alignment to ensure safe PC-relative loads
asm/code/code_0880C0.s:1151: Warning: section does not have enough alignment to ensure safe PC-relative loads
asm/code/code_0780C0.s:6756: Warning: section does not have enough alignment to ensure safe PC-relative loads
asm/code/code_0780C0.s:6793: Warning: section does not have enough alignment to ensure safe PC-relative loads
asm/code/code_0800C0.s:7959: Warning: section does not have enough alignment to ensure safe PC-relative loads
asm/code/code_0800C0.s:7999: Warning: section does not have enough alignment to ensure safe PC-relative loads
asm/code/code_0880C0.s:1157: Warning: section does not have enough alignment to ensure safe PC-relative loads
asm/code/code_0880C0.s:1163: Warning: section does not have enough alignment to ensure safe PC-relative loads
asm/code/code_0780C0.s:6808: Warning: section does not have enough alignment to ensure safe PC-relative loads
asm/code/code_0780C0.s:6857: Warning: section does not have enough alignment to ensure safe PC-relative loads
asm/code/code_0800C0.s:8082: Warning: section does not have enough alignment to ensure safe PC-relative loads
asm/code/code_0800C0.s:8083: Warning: section does not have enough alignment to ensure safe PC-relative loads
asm/code/code_0880C0.s:1168: Warning: section does not have enough alignment to ensure safe PC-relative loads
asm/code/code_0880C0.s:1179: Warning: section does not have enough alignment to ensure safe PC-relative loads
asm/code/code_0780C0.s:6863: Warning: section does not have enough alignment to ensure safe PC-relative loads
asm/code/code_0780C0.s:6880: Warning: section does not have enough alignment to ensure safe PC-relative loads
asm/code/code_0800C0.s:8113: Warning: section does not have enough alignment to ensure safe PC-relative loads
asm/code/code_0880C0.s:1198: Warning: section does not have enough alignment to ensure safe PC-relative loads
asm/code/code_0880C0.s:1199: Warning: section does not have enough alignment to ensure safe PC-relative loads
asm/code/code_0780C0.s:6882: Warning: section does not have enough alignment to ensure safe PC-relative loads
asm/code/code_0780C0.s:6884: Warning: section does not have enough alignment to ensure safe PC-relative loads
asm/code/code_0800C0.s:8140: Warning: section does not have enough alignment to ensure safe PC-relative loads
asm/code/code_0800C0.s:8232: Warning: section does not have enough alignment to ensure safe PC-relative loads
asm/code/code_0880C0.s:1205: Warning: section does not have enough alignment to ensure safe PC-relative loads
asm/code/code_0780C0.s:6946: Warning: section does not have enough alignment to ensure safe PC-relative loads
asm/code/code_0780C0.s:6976: Warning: section does not have enough alignment to ensure safe PC-relative loads
asm/code/code_0800C0.s:8256: Warning: section does not have enough alignment to ensure safe PC-relative loads
asm/code/code_0800C0.s:8483: Warning: section does not have enough alignment to ensure safe PC-relative loads
asm/code/code_0880C0.s:1209: Warning: section does not have enough alignment to ensure safe PC-relative loads
asm/code/code_0880C0.s:1212: Warning: section does not have enough alignment to ensure safe PC-relative loads
asm/code/code_0780C0.s:7023: Warning: section does not have enough alignment to ensure safe PC-relative loads
asm/code/code_0780C0.s:7034: Warning: section does not have enough alignment to ensure safe PC-relative loads
asm/code/code_0800C0.s:8633: Warning: section does not have enough alignment to ensure safe PC-relative loads
asm/code/code_0880C0.s:1213: Warning: section does not have enough alignment to ensure safe PC-relative loads
asm/code/code_0880C0.s:1216: Warning: section does not have enough alignment to ensure safe PC-relative loads
asm/code/code_0780C0.s:7043: Warning: section does not have enough alignment to ensure safe PC-relative loads
asm/code/code_0800C0.s:8719: Warning: section does not have enough alignment to ensure safe PC-relative loads
asm/code/code_0880C0.s:1217: Warning: section does not have enough alignment to ensure safe PC-relative loads
asm/code/code_0880C0.s:1220: Warning: section does not have enough alignment to ensure safe PC-relative loads
asm/code/code_0780C0.s:7080: Warning: section does not have enough alignment to ensure safe PC-relative loads
asm/code/code_0780C0.s:7089: Warning: section does not have enough alignment to ensure safe PC-relative loads
asm/code/code_0800C0.s:9073: Warning: section does not have enough alignment to ensure safe PC-relative loads
asm/code/code_0800C0.s:9089: Warning: section does not have enough alignment to ensure safe PC-relative loads
asm/code/code_0880C0.s:1226: Warning: section does not have enough alignment to ensure safe PC-relative loads
asm/code/code_0780C0.s:7098: Warning: section does not have enough alignment to ensure safe PC-relative loads
asm/code/code_0800C0.s:9102: Warning: section does not have enough alignment to ensure safe PC-relative loads
asm/code/code_0800C0.s:9147: Warning: section does not have enough alignment to ensure safe PC-relative loads
asm/code/code_0880C0.s:1232: Warning: section does not have enough alignment to ensure safe PC-relative loads
asm/code/code_0880C0.s:1239: Warning: section does not have enough alignment to ensure safe PC-relative loads
asm/code/code_0780C0.s:7166: Warning: section does not have enough alignment to ensure safe PC-relative loads
asm/code/code_0780C0.s:7230: Warning: section does not have enough alignment to ensure safe PC-relative loads
asm/code/code_0800C0.s:9162: Warning: section does not have enough alignment to ensure safe PC-relative loads
asm/code/code_0880C0.s:1251: Warning: section does not have enough alignment to ensure safe PC-relative loads
asm/code/code_0880C0.s:1254: Warning: section does not have enough alignment to ensure safe PC-relative loads
asm/code/code_0780C0.s:7268: Warning: section does not have enough alignment to ensure safe PC-relative loads
asm/code/code_0780C0.s:7310: Warning: section does not have enough alignment to ensure safe PC-relative loads
asm/code/code_0800C0.s:9188: Warning: section does not have enough alignment to ensure safe PC-relative loads
asm/code/code_0800C0.s:9189: Warning: section does not have enough alignment to ensure safe PC-relative loads
asm/code/code_0880C0.s:1255: Warning: section does not have enough alignment to ensure safe PC-relative loads
asm/code/code_0880C0.s:1267: Warning: section does not have enough alignment to ensure safe PC-relative loads
asm/code/code_0780C0.s:7446: Warning: section does not have enough alignment to ensure safe PC-relative loads
asm/code/code_0780C0.s:7450: Warning: section does not have enough alignment to ensure safe PC-relative loads
asm/code/code_0800C0.s:9208: Warning: section does not have enough alignment to ensure safe PC-relative loads
asm/code/code_0800C0.s:9209: Warning: section does not have enough alignment to ensure safe PC-relative loads
asm/code/code_0880C0.s:1290: Warning: section does not have enough alignment to ensure safe PC-relative loads
asm/code/code_0880C0.s:1318: Warning: section does not have enough alignment to ensure safe PC-relative loads
asm/code/code_0780C0.s:7461: Warning: section does not have enough alignment to ensure safe PC-relative loads
asm/code/code_0780C0.s:7501: Warning: section does not have enough alignment to ensure safe PC-relative loads
asm/code/code_0800C0.s:9223: Warning: section does not have enough alignment to ensure safe PC-relative loads
asm/code/code_0800C0.s:9224: Warning: section does not have enough alignment to ensure safe PC-relative loads
asm/code/code_0880C0.s:1345: Warning: section does not have enough alignment to ensure safe PC-relative loads
asm/code/code_0880C0.s:1378: Warning: section does not have enough alignment to ensure safe PC-relative loads
asm/code/code_0780C0.s:7547: Warning: section does not have enough alignment to ensure safe PC-relative loads
asm/code/code_0780C0.s:7659: Warning: section does not have enough alignment to ensure safe PC-relative loads
asm/code/code_0800C0.s:9228: Warning: section does not have enough alignment to ensure safe PC-relative loads
asm/code/code_0800C0.s:9239: Warning: section does not have enough alignment to ensure safe PC-relative loads
asm/code/code_0880C0.s:1384: Warning: section does not have enough alignment to ensure safe PC-relative loads
asm/code/code_0780C0.s:7676: Warning: section does not have enough alignment to ensure safe PC-relative loads
asm/code/code_0800C0.s:9240: Warning: section does not have enough alignment to ensure safe PC-relative loads
asm/code/code_0780C0.s:7707: Warning: section does not have enough alignment to ensure safe PC-relative loads
asm/code/code_0800C0.s:9309: Warning: section does not have enough alignment to ensure safe PC-relative loads
asm/code/code_0800C0.s:9316: Warning: section does not have enough alignment to ensure safe PC-relative loads
asm/code/code_0780C0.s:7712: Warning: section does not have enough alignment to ensure safe PC-relative loads
asm/code/code_0780C0.s:7733: Warning: section does not have enough alignment to ensure safe PC-relative loads
asm/code/code_0800C0.s:9317: Warning: section does not have enough alignment to ensure safe PC-relative loads
asm/code/code_0800C0.s:9345: Warning: section does not have enough alignment to ensure safe PC-relative loads
asm/code/code_0780C0.s:7752: Warning: section does not have enough alignment to ensure safe PC-relative loads
asm/code/code_0800C0.s:9346: Warning: section does not have enough alignment to ensure safe PC-relative loads
asm/code/code_0780C0.s:7797: Warning: section does not have enough alignment to ensure safe PC-relative loads
asm/code/code_0780C0.s:7819: Warning: section does not have enough alignment to ensure safe PC-relative loads
asm/code/code_0800C0.s:9352: Warning: section does not have enough alignment to ensure safe PC-relative loads
asm/code/code_0780C0.s:7848: Warning: section does not have enough alignment to ensure safe PC-relative loads
asm/code/code_0800C0.s:9353: Warning: section does not have enough alignment to ensure safe PC-relative loads
asm/code/code_0780C0.s:7882: Warning: section does not have enough alignment to ensure safe PC-relative loads
asm/code/code_0780C0.s:7913: Warning: section does not have enough alignment to ensure safe PC-relative loads
asm/code/code_0800C0.s:9389: Warning: section does not have enough alignment to ensure safe PC-relative loads
asm/code/code_0800C0.s:9390: Warning: section does not have enough alignment to ensure safe PC-relative loads
asm/code/code_0780C0.s:7938: Warning: section does not have enough alignment to ensure safe PC-relative loads
asm/code/code_0800C0.s:9424: Warning: section does not have enough alignment to ensure safe PC-relative loads
asm/code/code_0800C0.s:9446: Warning: section does not have enough alignment to ensure safe PC-relative loads
asm/code/code_0780C0.s:8014: Warning: section does not have enough alignment to ensure safe PC-relative loads
asm/code/code_0780C0.s:8017: Warning: section does not have enough alignment to ensure safe PC-relative loads
asm/code/code_0800C0.s:9447: Warning: section does not have enough alignment to ensure safe PC-relative loads
asm/code/code_0780C0.s:8079: Warning: section does not have enough alignment to ensure safe PC-relative loads
asm/code/code_0780C0.s:8081: Warning: section does not have enough alignment to ensure safe PC-relative loads
asm/code/code_0800C0.s:9476: Warning: section does not have enough alignment to ensure safe PC-relative loads
asm/code/code_0800C0.s:9477: Warning: section does not have enough alignment to ensure safe PC-relative loads
asm/code/code_0780C0.s:8146: Warning: section does not have enough alignment to ensure safe PC-relative loads
asm/code/code_0800C0.s:9563: Warning: section does not have enough alignment to ensure safe PC-relative loads
asm/code/code_0800C0.s:9586: Warning: section does not have enough alignment to ensure safe PC-relative loads
AS      asm/code/code_0900C0.s
asm/code/code_0780C0.s:8148: Warning: section does not have enough alignment to ensure safe PC-relative loads
asm/code/code_0780C0.s:8181: Warning: section does not have enough alignment to ensure safe PC-relative loads
asm/code/code_0800C0.s:9587: Warning: section does not have enough alignment to ensure safe PC-relative loads
asm/code/code_0800C0.s:9620: Warning: section does not have enough alignment to ensure safe PC-relative loads
asm/code/code_0780C0.s:8183: Warning: section does not have enough alignment to ensure safe PC-relative loads
asm/code/code_0780C0.s:8213: Warning: section does not have enough alignment to ensure safe PC-relative loads
asm/code/code_0800C0.s:9621: Warning: section does not have enough alignment to ensure safe PC-relative loads
asm/code/code_0800C0.s:9625: Warning: section does not have enough alignment to ensure safe PC-relative loads
asm/code/code_0780C0.s:8215: Warning: section does not have enough alignment to ensure safe PC-relative loads
asm/code/code_0780C0.s:8249: Warning: section does not have enough alignment to ensure safe PC-relative loads
asm/code/code_0800C0.s:9626: Warning: section does not have enough alignment to ensure safe PC-relative loads
asm/code/code_0780C0.s:8251: Warning: section does not have enough alignment to ensure safe PC-relative loads
asm/code/code_0780C0.s:8292: Warning: section does not have enough alignment to ensure safe PC-relative loads
asm/code/code_0800C0.s:9748: Warning: section does not have enough alignment to ensure safe PC-relative loads
asm/code/code_0780C0.s:8294: Warning: section does not have enough alignment to ensure safe PC-relative loads
asm/code/code_0800C0.s:9890: Warning: section does not have enough alignment to ensure safe PC-relative loads
asm/code/code_0800C0.s:9895: Warning: section does not have enough alignment to ensure safe PC-relative loads
asm/code/code_0780C0.s:8339: Warning: section does not have enough alignment to ensure safe PC-relative loads
asm/code/code_0780C0.s:8341: Warning: section does not have enough alignment to ensure safe PC-relative loads
asm/code/code_0800C0.s:10483: Warning: section does not have enough alignment to ensure safe PC-relative loads
asm/code/code_0800C0.s:10485: Warning: section does not have enough alignment to ensure safe PC-relative loads
asm/code/code_0780C0.s:8398: Warning: section does not have enough alignment to ensure safe PC-relative loads
asm/code/code_0800C0.s:10499: Warning: section does not have enough alignment to ensure safe PC-relative loads
asm/code/code_0800C0.s:10587: Warning: section does not have enough alignment to ensure safe PC-relative loads
asm/code/code_0780C0.s:8400: Warning: section does not have enough alignment to ensure safe PC-relative loads
asm/code/code_0800C0.s:10589: Warning: section does not have enough alignment to ensure safe PC-relative loads
asm/code/code_0800C0.s:10591: Warning: section does not have enough alignment to ensure safe PC-relative loads
asm/code/code_0780C0.s:8493: Warning: section does not have enough alignment to ensure safe PC-relative loads
asm/code/code_0780C0.s:8555: Warning: section does not have enough alignment to ensure safe PC-relative loads
asm/code/code_0800C0.s:10593: Warning: section does not have enough alignment to ensure safe PC-relative loads
asm/code/code_0780C0.s:8558: Warning: section does not have enough alignment to ensure safe PC-relative loads
asm/code/code_0780C0.s:8645: Warning: section does not have enough alignment to ensure safe PC-relative loads
asm/code/code_0800C0.s:10701: Warning: section does not have enough alignment to ensure safe PC-relative loads
asm/code/code_0800C0.s:10723: Warning: section does not have enough alignment to ensure safe PC-relative loads
asm/code/code_0780C0.s:8702: Warning: section does not have enough alignment to ensure safe PC-relative loads
asm/code/code_0800C0.s:10742: Warning: section does not have enough alignment to ensure safe PC-relative loads
asm/code/code_0780C0.s:8743: Warning: section does not have enough alignment to ensure safe PC-relative loads
asm/code/code_0800C0.s:10814: Warning: section does not have enough alignment to ensure safe PC-relative loads
asm/code/code_0800C0.s:10838: Warning: section does not have enough alignment to ensure safe PC-relative loads
asm/code/code_0780C0.s:8823: Warning: section does not have enough alignment to ensure safe PC-relative loads
asm/code/code_0780C0.s:8825: Warning: section does not have enough alignment to ensure safe PC-relative loads
asm/code/code_0800C0.s:10842: Warning: section does not have enough alignment to ensure safe PC-relative loads
asm/code/code_0780C0.s:8844: Warning: section does not have enough alignment to ensure safe PC-relative loads
asm/code/code_0800C0.s:10901: Warning: section does not have enough alignment to ensure safe PC-relative loads
asm/code/code_0780C0.s:8898: Warning: section does not have enough alignment to ensure safe PC-relative loads
asm/code/code_0800C0.s:10933: Warning: section does not have enough alignment to ensure safe PC-relative loads
asm/code/code_0780C0.s:8933: Warning: section does not have enough alignment to ensure safe PC-relative loads
asm/code/code_0780C0.s:8946: Warning: section does not have enough alignment to ensure safe PC-relative loads
asm/code/code_0800C0.s:10937: Warning: section does not have enough alignment to ensure safe PC-relative loads
asm/code/code_0800C0.s:10996: Warning: section does not have enough alignment to ensure safe PC-relative loads
asm/code/code_0780C0.s:9003: Warning: section does not have enough alignment to ensure safe PC-relative loads
asm/code/code_0800C0.s:11014: Warning: section does not have enough alignment to ensure safe PC-relative loads
asm/code/code_0800C0.s:11084: Warning: section does not have enough alignment to ensure safe PC-relative loads
asm/code/code_0780C0.s:9052: Warning: section does not have enough alignment to ensure safe PC-relative loads
asm/code/code_0780C0.s:9054: Warning: section does not have enough alignment to ensure safe PC-relative loads
asm/code/code_0800C0.s:11094: Warning: section does not have enough alignment to ensure safe PC-relative loads
asm/code/code_0780C0.s:9186: Warning: section does not have enough alignment to ensure safe PC-relative loads
asm/code/code_0780C0.s:9188: Warning: section does not have enough alignment to ensure safe PC-relative loads
asm/code/code_0800C0.s:11128: Warning: section does not have enough alignment to ensure safe PC-relative loads
asm/code/code_0800C0.s:11129: Warning: section does not have enough alignment to ensure safe PC-relative loads
asm/code/code_0780C0.s:9320: Warning: section does not have enough alignment to ensure safe PC-relative loads
asm/code/code_0800C0.s:11162: Warning: section does not have enough alignment to ensure safe PC-relative loads
asm/code/code_0800C0.s:11594: Warning: section does not have enough alignment to ensure safe PC-relative loads
asm/code/code_0780C0.s:9328: Warning: section does not have enough alignment to ensure safe PC-relative loads
asm/code/code_0800C0.s:11611: Warning: section does not have enough alignment to ensure safe PC-relative loads
asm/code/code_0780C0.s:9347: Warning: section does not have enough alignment to ensure safe PC-relative loads
asm/code/code_0780C0.s:9438: Warning: section does not have enough alignment to ensure safe PC-relative loads
asm/code/code_0800C0.s:11674: Warning: section does not have enough alignment to ensure safe PC-relative loads
asm/code/code_0800C0.s:11722: Warning: section does not have enough alignment to ensure safe PC-relative loads
AS      asm/code/code_0980C0.s
asm/code/code_0780C0.s:9525: Warning: section does not have enough alignment to ensure safe PC-relative loads
asm/code/code_0780C0.s:9533: Warning: section does not have enough alignment to ensure safe PC-relative loads
asm/code/code_0800C0.s:11764: Warning: section does not have enough alignment to ensure safe PC-relative loads
asm/code/code_0800C0.s:11773: Warning: section does not have enough alignment to ensure safe PC-relative loads
asm/code/code_0780C0.s:9547: Warning: section does not have enough alignment to ensure safe PC-relative loads
asm/code/code_0780C0.s:9577: Warning: section does not have enough alignment to ensure safe PC-relative loads
asm/code/code_0800C0.s:11778: Warning: section does not have enough alignment to ensure safe PC-relative loads
asm/code/code_0800C0.s:11786: Warning: section does not have enough alignment to ensure safe PC-relative loads
asm/code/code_0780C0.s:9587: Warning: section does not have enough alignment to ensure safe PC-relative loads
asm/code/code_0780C0.s:9708: Warning: section does not have enough alignment to ensure safe PC-relative loads
asm/code/code_0800C0.s:11788: Warning: section does not have enough alignment to ensure safe PC-relative loads
asm/code/code_0780C0.s:9709: Warning: section does not have enough alignment to ensure safe PC-relative loads
asm/code/code_0800C0.s:11800: Warning: section does not have enough alignment to ensure safe PC-relative loads
asm/code/code_0780C0.s:9794: Warning: section does not have enough alignment to ensure safe PC-relative loads
asm/code/code_0800C0.s:11805: Warning: section does not have enough alignment to ensure safe PC-relative loads
asm/code/code_0800C0.s:11812: Warning: section does not have enough alignment to ensure safe PC-relative loads
asm/code/code_0780C0.s:9912: Warning: section does not have enough alignment to ensure safe PC-relative loads
asm/code/code_0780C0.s:9951: Warning: section does not have enough alignment to ensure safe PC-relative loads
asm/code/code_0800C0.s:11889: Warning: section does not have enough alignment to ensure safe PC-relative loads
asm/code/code_0800C0.s:11893: Warning: section does not have enough alignment to ensure safe PC-relative loads
asm/code/code_0780C0.s:9986: Warning: section does not have enough alignment to ensure safe PC-relative loads
asm/code/code_0780C0.s:10033: Warning: section does not have enough alignment to ensure safe PC-relative loads
asm/code/code_0800C0.s:11942: Warning: section does not have enough alignment to ensure safe PC-relative loads
asm/code/code_0800C0.s:11943: Warning: section does not have enough alignment to ensure safe PC-relative loads
asm/code/code_0780C0.s:10038: Warning: section does not have enough alignment to ensure safe PC-relative loads
asm/code/code_0780C0.s:10096: Warning: section does not have enough alignment to ensure safe PC-relative loads
asm/code/code_0800C0.s:11956: Warning: section does not have enough alignment to ensure safe PC-relative loads
asm/code/code_0780C0.s:10152: Warning: section does not have enough alignment to ensure safe PC-relative loads
asm/code/code_0780C0.s:10160: Warning: section does not have enough alignment to ensure safe PC-relative loads
asm/code/code_0800C0.s:12008: Warning: section does not have enough alignment to ensure safe PC-relative loads
asm/code/code_0780C0.s:10174: Warning: section does not have enough alignment to ensure safe PC-relative loads
asm/code/code_0780C0.s:10204: Warning: section does not have enough alignment to ensure safe PC-relative loads
asm/code/code_0800C0.s:12014: Warning: section does not have enough alignment to ensure safe PC-relative loads
asm/code/code_0780C0.s:10213: Warning: section does not have enough alignment to ensure safe PC-relative loads
asm/code/code_0780C0.s:10329: Warning: section does not have enough alignment to ensure safe PC-relative loads
asm/code/code_0800C0.s:12100: Warning: section does not have enough alignment to ensure safe PC-relative loads
asm/code/code_0780C0.s:10330: Warning: section does not have enough alignment to ensure safe PC-relative loads
asm/code/code_0780C0.s:10431: Warning: section does not have enough alignment to ensure safe PC-relative loads
asm/code/code_0800C0.s:12123: Warning: section does not have enough alignment to ensure safe PC-relative loads
asm/code/code_0800C0.s:12169: Warning: section does not have enough alignment to ensure safe PC-relative loads
asm/code/code_0780C0.s:10490: Warning: section does not have enough alignment to ensure safe PC-relative loads
asm/code/code_0780C0.s:10586: Warning: section does not have enough alignment to ensure safe PC-relative loads
asm/code/code_0800C0.s:12224: Warning: section does not have enough alignment to ensure safe PC-relative loads
asm/code/code_0800C0.s:12290: Warning: section does not have enough alignment to ensure safe PC-relative loads
asm/code/code_0780C0.s:10627: Warning: section does not have enough alignment to ensure safe PC-relative loads
asm/code/code_0780C0.s:10662: Warning: section does not have enough alignment to ensure safe PC-relative loads
asm/code/code_0800C0.s:12306: Warning: section does not have enough alignment to ensure safe PC-relative loads
asm/code/code_0800C0.s:12315: Warning: section does not have enough alignment to ensure safe PC-relative loads
asm/code/code_0780C0.s:10703: Warning: section does not have enough alignment to ensure safe PC-relative loads
asm/code/code_0800C0.s:12360: Warning: section does not have enough alignment to ensure safe PC-relative loads
asm/code/code_0800C0.s:12391: Warning: section does not have enough alignment to ensure safe PC-relative loads
asm/code/code_0780C0.s:10709: Warning: section does not have enough alignment to ensure safe PC-relative loads
asm/code/code_0780C0.s:10765: Warning: section does not have enough alignment to ensure safe PC-relative loads
asm/code/code_0800C0.s:12485: Warning: section does not have enough alignment to ensure safe PC-relative loads
asm/code/code_0800C0.s:12502: Warning: section does not have enough alignment to ensure safe PC-relative loads
asm/code/code_0780C0.s:10825: Warning: section does not have enough alignment to ensure safe PC-relative loads
asm/code/code_0780C0.s:10893: Warning: section does not have enough alignment to ensure safe PC-relative loads
asm/code/code_0800C0.s:12569: Warning: section does not have enough alignment to ensure safe PC-relative loads
asm/code/code_0780C0.s:10975: Warning: section does not have enough alignment to ensure safe PC-relative loads
asm/code/code_0780C0.s:11024: Warning: section does not have enough alignment to ensure safe PC-relative loads
asm/code/code_0800C0.s:12661: Warning: section does not have enough alignment to ensure safe PC-relative loads
asm/code/code_0800C0.s:12663: Warning: section does not have enough alignment to ensure safe PC-relative loads
asm/code/code_0780C0.s:11138: Warning: section does not have enough alignment to ensure safe PC-relative loads
asm/code/code_0780C0.s:11139: Warning: section does not have enough alignment to ensure safe PC-relative loads
asm/code/code_0800C0.s:12931: Warning: section does not have enough alignment to ensure safe PC-relative loads
asm/code/code_0800C0.s:13039: Warning: section does not have enough alignment to ensure safe PC-relative loads
asm/code/code_0780C0.s:11218: Warning: section does not have enough alignment to ensure safe PC-relative loads
asm/code/code_0780C0.s:11219: Warning: section does not have enough alignment to ensure safe PC-relative loads
asm/code/code_0800C0.s:13136: Warning: section does not have enough alignment to ensure safe PC-relative loads
asm/code/code_0780C0.s:11300: Warning: section does not have enough alignment to ensure safe PC-relative loads
asm/code/code_0780C0.s:11301: Warning: section does not have enough alignment to ensure safe PC-relative loads
asm/code/code_0800C0.s:13304: Warning: section does not have enough alignment to ensure safe PC-relative loads
asm/code/code_0800C0.s:13358: Warning: section does not have enough alignment to ensure safe PC-relative loads
asm/code/code_0780C0.s:11364: Warning: section does not have enough alignment to ensure safe PC-relative loads
asm/code/code_0780C0.s:11519: Warning: section does not have enough alignment to ensure safe PC-relative loads
asm/code/code_0800C0.s:13450: Warning: section does not have enough alignment to ensure safe PC-relative loads
asm/code/code_0780C0.s:11638: Warning: section does not have enough alignment to ensure safe PC-relative loads
asm/code/code_0780C0.s:11650: Warning: section does not have enough alignment to ensure safe PC-relative loads
asm/code/code_0800C0.s:13475: Warning: section does not have enough alignment to ensure safe PC-relative loads
asm/code/code_0800C0.s:13750: Warning: section does not have enough alignment to ensure safe PC-relative loads
asm/code/code_0780C0.s:11662: Warning: section does not have enough alignment to ensure safe PC-relative loads
asm/code/code_0780C0.s:11674: Warning: section does not have enough alignment to ensure safe PC-relative loads
asm/code/code_0800C0.s:13787: Warning: section does not have enough alignment to ensure safe PC-relative loads
asm/code/code_0800C0.s:13920: Warning: section does not have enough alignment to ensure safe PC-relative loads
asm/code/code_0780C0.s:11686: Warning: section does not have enough alignment to ensure safe PC-relative loads
asm/code/code_0780C0.s:11700: Warning: section does not have enough alignment to ensure safe PC-relative loads
AS      asm/code/code_0A00C0.s
asm/code/code_0800C0.s:13965: Warning: section does not have enough alignment to ensure safe PC-relative loads
asm/code/code_0800C0.s:13998: Warning: section does not have enough alignment to ensure safe PC-relative loads
asm/code/code_0780C0.s:11713: Warning: section does not have enough alignment to ensure safe PC-relative loads
asm/code/code_0780C0.s:11721: Warning: section does not have enough alignment to ensure safe PC-relative loads
asm/code/code_0800C0.s:14036: Warning: section does not have enough alignment to ensure safe PC-relative loads
asm/code/code_0800C0.s:14040: Warning: section does not have enough alignment to ensure safe PC-relative loads
asm/code/code_0780C0.s:11740: Warning: section does not have enough alignment to ensure safe PC-relative loads
asm/code/code_0780C0.s:11800: Warning: section does not have enough alignment to ensure safe PC-relative loads
asm/code/code_0800C0.s:14114: Warning: section does not have enough alignment to ensure safe PC-relative loads
asm/code/code_0800C0.s:14134: Warning: section does not have enough alignment to ensure safe PC-relative loads
asm/code/code_0780C0.s:11802: Warning: section does not have enough alignment to ensure safe PC-relative loads
asm/code/code_0780C0.s:11807: Warning: section does not have enough alignment to ensure safe PC-relative loads
asm/code/code_0800C0.s:14268: Warning: section does not have enough alignment to ensure safe PC-relative loads
asm/code/code_0800C0.s:14335: Warning: section does not have enough alignment to ensure safe PC-relative loads
asm/code/code_0780C0.s:11827: Warning: section does not have enough alignment to ensure safe PC-relative loads
asm/code/code_0780C0.s:11829: Warning: section does not have enough alignment to ensure safe PC-relative loads
asm/code/code_0800C0.s:14371: Warning: section does not have enough alignment to ensure safe PC-relative loads
asm/code/code_0800C0.s:14416: Warning: section does not have enough alignment to ensure safe PC-relative loads
asm/code/code_0780C0.s:11882: Warning: section does not have enough alignment to ensure safe PC-relative loads
asm/code/code_0780C0.s:11925: Warning: section does not have enough alignment to ensure safe PC-relative loads
asm/code/code_0800C0.s:14458: Warning: section does not have enough alignment to ensure safe PC-relative loads
asm/code/code_0800C0.s:14486: Warning: section does not have enough alignment to ensure safe PC-relative loads
asm/code/code_0780C0.s:11988: Warning: section does not have enough alignment to ensure safe PC-relative loads
asm/code/code_0780C0.s:12004: Warning: section does not have enough alignment to ensure safe PC-relative loads
asm/code/code_0800C0.s:14493: Warning: section does not have enough alignment to ensure safe PC-relative loads
asm/code/code_0780C0.s:12425: Warning: section does not have enough alignment to ensure safe PC-relative loads
asm/code/code_0800C0.s:14508: Warning: section does not have enough alignment to ensure safe PC-relative loads
asm/code/code_0800C0.s:14527: Warning: section does not have enough alignment to ensure safe PC-relative loads
asm/code/code_0780C0.s:13774: Warning: section does not have enough alignment to ensure safe PC-relative loads
asm/code/code_0780C0.s:13823: Warning: section does not have enough alignment to ensure safe PC-relative loads
asm/code/code_0800C0.s:14553: Warning: section does not have enough alignment to ensure safe PC-relative loads
asm/code/code_0800C0.s:14564: Warning: section does not have enough alignment to ensure safe PC-relative loads
asm/code/code_0780C0.s:13837: Warning: section does not have enough alignment to ensure safe PC-relative loads
asm/code/code_0780C0.s:13849: Warning: section does not have enough alignment to ensure safe PC-relative loads
asm/code/code_0800C0.s:14570: Warning: section does not have enough alignment to ensure safe PC-relative loads
asm/code/code_0780C0.s:13862: Warning: section does not have enough alignment to ensure safe PC-relative loads
asm/code/code_0800C0.s:14573: Warning: section does not have enough alignment to ensure safe PC-relative loads
asm/code/code_0780C0.s:13924: Warning: section does not have enough alignment to ensure safe PC-relative loads
asm/code/code_0780C0.s:13958: Warning: section does not have enough alignment to ensure safe PC-relative loads
asm/code/code_0800C0.s:14720: Warning: section does not have enough alignment to ensure safe PC-relative loads
asm/code/code_0800C0.s:14768: Warning: section does not have enough alignment to ensure safe PC-relative loads
asm/code/code_0780C0.s:14035: Warning: section does not have enough alignment to ensure safe PC-relative loads
asm/code/code_0780C0.s:14065: Warning: section does not have enough alignment to ensure safe PC-relative loads
asm/code/code_0800C0.s:14801: Warning: section does not have enough alignment to ensure safe PC-relative loads
asm/code/code_0780C0.s:14112: Warning: section does not have enough alignment to ensure safe PC-relative loads
asm/code/code_0800C0.s:14886: Warning: section does not have enough alignment to ensure safe PC-relative loads
asm/code/code_0800C0.s:14973: Warning: section does not have enough alignment to ensure safe PC-relative loads
asm/code/code_0780C0.s:14163: Warning: section does not have enough alignment to ensure safe PC-relative loads
asm/code/code_0800C0.s:15035: Warning: section does not have enough alignment to ensure safe PC-relative loads
asm/code/code_0780C0.s:14247: Warning: section does not have enough alignment to ensure safe PC-relative loads
asm/code/code_0780C0.s:14336: Warning: section does not have enough alignment to ensure safe PC-relative loads
asm/code/code_0800C0.s:15092: Warning: section does not have enough alignment to ensure safe PC-relative loads
asm/code/code_0800C0.s:15096: Warning: section does not have enough alignment to ensure safe PC-relative loads
asm/code/code_0780C0.s:14475: Warning: section does not have enough alignment to ensure safe PC-relative loads
asm/code/code_0800C0.s:15104: Warning: section does not have enough alignment to ensure safe PC-relative loads
asm/code/code_0780C0.s:14477: Warning: section does not have enough alignment to ensure safe PC-relative loads
asm/code/code_0800C0.s:15206: Warning: section does not have enough alignment to ensure safe PC-relative loads
asm/code/code_0780C0.s:14510: Warning: section does not have enough alignment to ensure safe PC-relative loads
asm/code/code_0780C0.s:14529: Warning: section does not have enough alignment to ensure safe PC-relative loads
asm/code/code_0800C0.s:15330: Warning: section does not have enough alignment to ensure safe PC-relative loads
asm/code/code_0800C0.s:15362: Warning: section does not have enough alignment to ensure safe PC-relative loads
asm/code/code_0780C0.s:14570: Warning: section does not have enough alignment to ensure safe PC-relative loads
asm/code/code_0780C0.s:14586: Warning: section does not have enough alignment to ensure safe PC-relative loads
asm/code/code_0800C0.s:15379: Warning: section does not have enough alignment to ensure safe PC-relative loads
asm/code/code_0800C0.s:15417: Warning: section does not have enough alignment to ensure safe PC-relative loads
asm/code/code_0780C0.s:14602: Warning: section does not have enough alignment to ensure safe PC-relative loads
asm/code/code_0780C0.s:14622: Warning: section does not have enough alignment to ensure safe PC-relative loads
asm/code/code_0800C0.s:15453: Warning: section does not have enough alignment to ensure safe PC-relative loads
asm/code/code_0800C0.s:15490: Warning: section does not have enough alignment to ensure safe PC-relative loads
asm/code/code_0780C0.s:14630: Warning: section does not have enough alignment to ensure safe PC-relative loads
asm/code/code_0780C0.s:14651: Warning: section does not have enough alignment to ensure safe PC-relative loads
asm/code/code_0800C0.s:15638: Warning: section does not have enough alignment to ensure safe PC-relative loads
asm/code/code_0800C0.s:15640: Warning: section does not have enough alignment to ensure safe PC-relative loads
asm/code/code_0780C0.s:14656: Warning: section does not have enough alignment to ensure safe PC-relative loads
asm/code/code_0780C0.s:14686: Warning: section does not have enough alignment to ensure safe PC-relative loads
asm/code/code_0800C0.s:15651: Warning: section does not have enough alignment to ensure safe PC-relative loads
asm/code/code_0800C0.s:15652: Warning: section does not have enough alignment to ensure safe PC-relative loads
asm/code/code_0780C0.s:14696: Warning: section does not have enough alignment to ensure safe PC-relative loads
asm/code/code_0780C0.s:14706: Warning: section does not have enough alignment to ensure safe PC-relative loads
AS      asm/code/code_0A80C0.s
asm/code/code_0800C0.s:15658: Warning: section does not have enough alignment to ensure safe PC-relative loads
asm/code/code_0800C0.s:15661: Warning: section does not have enough alignment to ensure safe PC-relative loads
asm/code/code_0780C0.s:14713: Warning: section does not have enough alignment to ensure safe PC-relative loads
asm/code/code_0780C0.s:14742: Warning: section does not have enough alignment to ensure safe PC-relative loads
asm/code/code_0800C0.s:15672: Warning: section does not have enough alignment to ensure safe PC-relative loads
asm/code/code_0800C0.s:15680: Warning: section does not have enough alignment to ensure safe PC-relative loads
asm/code/code_0780C0.s:14769: Warning: section does not have enough alignment to ensure safe PC-relative loads
asm/code/code_0780C0.s:14795: Warning: section does not have enough alignment to ensure safe PC-relative loads
asm/code/code_0800C0.s:15688: Warning: section does not have enough alignment to ensure safe PC-relative loads
asm/code/code_0800C0.s:15808: Warning: section does not have enough alignment to ensure safe PC-relative loads
asm/code/code_0780C0.s:14865: Warning: section does not have enough alignment to ensure safe PC-relative loads
asm/code/code_0780C0.s:15165: Warning: section does not have enough alignment to ensure safe PC-relative loads
asm/code/code_0800C0.s:16025: Warning: section does not have enough alignment to ensure safe PC-relative loads
asm/code/code_0800C0.s:16026: Warning: section does not have enough alignment to ensure safe PC-relative loads
asm/code/code_0780C0.s:15200: Warning: section does not have enough alignment to ensure safe PC-relative loads
asm/code/code_0800C0.s:16032: Warning: section does not have enough alignment to ensure safe PC-relative loads
asm/code/code_0800C0.s:16035: Warning: section does not have enough alignment to ensure safe PC-relative loads
asm/code/code_0780C0.s:15222: Warning: section does not have enough alignment to ensure safe PC-relative loads
asm/code/code_0800C0.s:16045: Warning: section does not have enough alignment to ensure safe PC-relative loads
asm/code/code_0800C0.s:16052: Warning: section does not have enough alignment to ensure safe PC-relative loads
asm/code/code_0780C0.s:15296: Warning: section does not have enough alignment to ensure safe PC-relative loads
asm/code/code_0800C0.s:16057: Warning: section does not have enough alignment to ensure safe PC-relative loads
asm/code/code_0800C0.s:16071: Warning: section does not have enough alignment to ensure safe PC-relative loads
asm/code/code_0780C0.s:15332: Warning: section does not have enough alignment to ensure safe PC-relative loads
asm/code/code_0780C0.s:15382: Warning: section does not have enough alignment to ensure safe PC-relative loads
asm/code/code_0800C0.s:16075: Warning: section does not have enough alignment to ensure safe PC-relative loads
asm/code/code_0800C0.s:16079: Warning: section does not have enough alignment to ensure safe PC-relative loads
asm/code/code_0780C0.s:15459: Warning: section does not have enough alignment to ensure safe PC-relative loads
asm/code/code_0800C0.s:16083: Warning: section does not have enough alignment to ensure safe PC-relative loads
asm/code/code_0800C0.s:16084: Warning: section does not have enough alignment to ensure safe PC-relative loads
asm/code/code_0780C0.s:15463: Warning: section does not have enough alignment to ensure safe PC-relative loads
asm/code/code_0800C0.s:16093: Warning: section does not have enough alignment to ensure safe PC-relative loads
asm/code/code_0800C0.s:16099: Warning: section does not have enough alignment to ensure safe PC-relative loads
asm/code/code_0780C0.s:15469: Warning: section does not have enough alignment to ensure safe PC-relative loads
asm/code/code_0780C0.s:15508: Warning: section does not have enough alignment to ensure safe PC-relative loads
asm/code/code_0800C0.s:16105: Warning: section does not have enough alignment to ensure safe PC-relative loads
asm/code/code_0800C0.s:16111: Warning: section does not have enough alignment to ensure safe PC-relative loads
asm/code/code_0780C0.s:15517: Warning: section does not have enough alignment to ensure safe PC-relative loads
asm/code/code_0780C0.s:15550: Warning: section does not have enough alignment to ensure safe PC-relative loads
asm/code/code_0800C0.s:16117: Warning: section does not have enough alignment to ensure safe PC-relative loads
asm/code/code_0800C0.s:16123: Warning: section does not have enough alignment to ensure safe PC-relative loads
asm/code/code_0780C0.s:15583: Warning: section does not have enough alignment to ensure safe PC-relative loads
asm/code/code_0780C0.s:15590: Warning: section does not have enough alignment to ensure safe PC-relative loads
asm/code/code_0800C0.s:16129: Warning: section does not have enough alignment to ensure safe PC-relative loads
asm/code/code_0780C0.s:15643: Warning: section does not have enough alignment to ensure safe PC-relative loads
asm/code/code_0800C0.s:16142: Warning: section does not have enough alignment to ensure safe PC-relative loads
asm/code/code_0780C0.s:15688: Warning: section does not have enough alignment to ensure safe PC-relative loads
asm/code/code_0780C0.s:15750: Warning: section does not have enough alignment to ensure safe PC-relative loads
asm/code/code_0800C0.s:16166: Warning: section does not have enough alignment to ensure safe PC-relative loads
asm/code/code_0800C0.s:16172: Warning: section does not have enough alignment to ensure safe PC-relative loads
asm/code/code_0780C0.s:15792: Warning: section does not have enough alignment to ensure safe PC-relative loads
asm/code/code_0800C0.s:16178: Warning: section does not have enough alignment to ensure safe PC-relative loads
asm/code/code_0780C0.s:15806: Warning: section does not have enough alignment to ensure safe PC-relative loads
asm/code/code_0800C0.s:16200: Warning: section does not have enough alignment to ensure safe PC-relative loads
asm/code/code_0780C0.s:15832: Warning: section does not have enough alignment to ensure safe PC-relative loads
asm/code/code_0800C0.s:16202: Warning: section does not have enough alignment to ensure safe PC-relative loads
asm/code/code_0800C0.s:16545: Warning: section does not have enough alignment to ensure safe PC-relative loads
asm/code/code_0780C0.s:15902: Warning: section does not have enough alignment to ensure safe PC-relative loads
asm/code/code_0780C0.s:15922: Warning: section does not have enough alignment to ensure safe PC-relative loads
asm/code/code_0800C0.s:16557: Warning: section does not have enough alignment to ensure safe PC-relative loads
asm/code/code_0800C0.s:16561: Warning: section does not have enough alignment to ensure safe PC-relative loads
asm/code/code_0780C0.s:15966: Warning: section does not have enough alignment to ensure safe PC-relative loads
asm/code/code_0800C0.s:16586: Warning: section does not have enough alignment to ensure safe PC-relative loads
asm/code/code_0800C0.s:16658: Warning: section does not have enough alignment to ensure safe PC-relative loads
asm/code/code_0780C0.s:16026: Warning: section does not have enough alignment to ensure safe PC-relative loads
asm/code/code_0780C0.s:16077: Warning: section does not have enough alignment to ensure safe PC-relative loads
asm/code/code_0800C0.s:16665: Warning: section does not have enough alignment to ensure safe PC-relative loads
asm/code/code_0800C0.s:16705: Warning: section does not have enough alignment to ensure safe PC-relative loads
asm/code/code_0780C0.s:16092: Warning: section does not have enough alignment to ensure safe PC-relative loads
asm/code/code_0780C0.s:16118: Warning: section does not have enough alignment to ensure safe PC-relative loads
asm/code/code_0800C0.s:16712: Warning: section does not have enough alignment to ensure safe PC-relative loads
asm/code/code_0800C0.s:16734: Warning: section does not have enough alignment to ensure safe PC-relative loads
asm/code/code_0780C0.s:16167: Warning: section does not have enough alignment to ensure safe PC-relative loads
asm/code/code_0780C0.s:16209: Warning: section does not have enough alignment to ensure safe PC-relative loads
asm/code/code_0800C0.s:16752: Warning: section does not have enough alignment to ensure safe PC-relative loads
asm/code/code_0800C0.s:16760: Warning: section does not have enough alignment to ensure safe PC-relative loads
asm/code/code_0780C0.s:16242: Warning: section does not have enough alignment to ensure safe PC-relative loads
asm/code/code_0780C0.s:16419: Warning: section does not have enough alignment to ensure safe PC-relative loads
asm/code/code_0800C0.s:16781: Warning: section does not have enough alignment to ensure safe PC-relative loads
asm/code/code_0800C0.s:16802: Warning: section does not have enough alignment to ensure safe PC-relative loads
asm/code/code_0780C0.s:16435: Warning: section does not have enough alignment to ensure safe PC-relative loads
asm/code/code_0780C0.s:16456: Warning: section does not have enough alignment to ensure safe PC-relative loads
asm/code/code_0800C0.s:16806: Warning: section does not have enough alignment to ensure safe PC-relative loads
asm/code/code_0800C0.s:16816: Warning: section does not have enough alignment to ensure safe PC-relative loads
asm/code/code_0780C0.s:16484: Warning: section does not have enough alignment to ensure safe PC-relative loads
asm/code/code_0780C0.s:16510: Warning: section does not have enough alignment to ensure safe PC-relative loads
asm/code/code_0800C0.s:16837: Warning: section does not have enough alignment to ensure safe PC-relative loads
asm/code/code_0780C0.s:16541: Warning: section does not have enough alignment to ensure safe PC-relative loads
asm/code/code_0780C0.s:16566: Warning: section does not have enough alignment to ensure safe PC-relative loads
asm/code/code_0800C0.s:16845: Warning: section does not have enough alignment to ensure safe PC-relative loads
asm/code/code_0800C0.s:16865: Warning: section does not have enough alignment to ensure safe PC-relative loads
asm/code/code_0780C0.s:16589: Warning: section does not have enough alignment to ensure safe PC-relative loads
asm/code/code_0780C0.s:16615: Warning: section does not have enough alignment to ensure safe PC-relative loads
asm/code/code_0800C0.s:16873: Warning: section does not have enough alignment to ensure safe PC-relative loads
asm/code/code_0800C0.s:16894: Warning: section does not have enough alignment to ensure safe PC-relative loads
AS      asm/code/code_0B00C0.s
asm/code/code_0780C0.s:16632: Warning: section does not have enough alignment to ensure safe PC-relative loads
asm/code/code_0780C0.s:16656: Warning: section does not have enough alignment to ensure safe PC-relative loads
asm/code/code_0800C0.s:16898: Warning: section does not have enough alignment to ensure safe PC-relative loads
asm/code/code_0800C0.s:16903: Warning: section does not have enough alignment to ensure safe PC-relative loads
asm/code/code_0780C0.s:16670: Warning: section does not have enough alignment to ensure safe PC-relative loads
asm/code/code_0780C0.s:16713: Warning: section does not have enough alignment to ensure safe PC-relative loads
asm/code/code_0800C0.s:16919: Warning: section does not have enough alignment to ensure safe PC-relative loads
asm/code/code_0800C0.s:16927: Warning: section does not have enough alignment to ensure safe PC-relative loads
asm/code/code_0780C0.s:16735: Warning: section does not have enough alignment to ensure safe PC-relative loads
asm/code/code_0800C0.s:16934: Warning: section does not have enough alignment to ensure safe PC-relative loads
asm/code/code_0800C0.s:16935: Warning: section does not have enough alignment to ensure safe PC-relative loads
asm/code/code_0780C0.s:16763: Warning: section does not have enough alignment to ensure safe PC-relative loads
asm/code/code_0800C0.s:17015: Warning: section does not have enough alignment to ensure safe PC-relative loads
asm/code/code_0780C0.s:16785: Warning: section does not have enough alignment to ensure safe PC-relative loads
asm/code/code_0800C0.s:17018: Warning: section does not have enough alignment to ensure safe PC-relative loads
asm/code/code_0800C0.s:17225: Warning: section does not have enough alignment to ensure safe PC-relative loads
asm/code/code_0780C0.s:16811: Warning: section does not have enough alignment to ensure safe PC-relative loads
asm/code/code_0780C0.s:16852: Warning: section does not have enough alignment to ensure safe PC-relative loads
asm/code/code_0800C0.s:17238: Warning: section does not have enough alignment to ensure safe PC-relative loads
asm/code/code_0800C0.s:17242: Warning: section does not have enough alignment to ensure safe PC-relative loads
asm/code/code_0780C0.s:16920: Warning: section does not have enough alignment to ensure safe PC-relative loads
asm/code/code_0800C0.s:17246: Warning: section does not have enough alignment to ensure safe PC-relative loads
asm/code/code_0800C0.s:17250: Warning: section does not have enough alignment to ensure safe PC-relative loads
asm/code/code_0780C0.s:17722: Warning: section does not have enough alignment to ensure safe PC-relative loads
asm/code/code_0780C0.s:17745: Warning: section does not have enough alignment to ensure safe PC-relative loads
asm/code/code_0800C0.s:17254: Warning: section does not have enough alignment to ensure safe PC-relative loads
asm/code/code_0780C0.s:17779: Warning: section does not have enough alignment to ensure safe PC-relative loads
asm/code/code_0780C0.s:17800: Warning: section does not have enough alignment to ensure safe PC-relative loads
asm/code/code_0800C0.s:17260: Warning: section does not have enough alignment to ensure safe PC-relative loads
asm/code/code_0800C0.s:17263: Warning: section does not have enough alignment to ensure safe PC-relative loads
asm/code/code_0780C0.s:17840: Warning: section does not have enough alignment to ensure safe PC-relative loads
asm/code/code_0800C0.s:17268: Warning: section does not have enough alignment to ensure safe PC-relative loads
asm/code/code_0780C0.s:17869: Warning: section does not have enough alignment to ensure safe PC-relative loads
asm/code/code_0800C0.s:17279: Warning: section does not have enough alignment to ensure safe PC-relative loads
asm/code/code_0800C0.s:17301: Warning: section does not have enough alignment to ensure safe PC-relative loads
asm/code/code_0780C0.s:17905: Warning: section does not have enough alignment to ensure safe PC-relative loads
asm/code/code_0780C0.s:17933: Warning: section does not have enough alignment to ensure safe PC-relative loads
asm/code/code_0800C0.s:17321: Warning: section does not have enough alignment to ensure safe PC-relative loads
asm/code/code_0780C0.s:17974: Warning: section does not have enough alignment to ensure safe PC-relative loads
asm/code/code_0800C0.s:17627: Warning: section does not have enough alignment to ensure safe PC-relative loads
asm/code/code_0800C0.s:17633: Warning: section does not have enough alignment to ensure safe PC-relative loads
asm/code/code_0780C0.s:17979: Warning: section does not have enough alignment to ensure safe PC-relative loads
asm/code/code_0780C0.s:18012: Warning: section does not have enough alignment to ensure safe PC-relative loads
asm/code/code_0800C0.s:17645: Warning: section does not have enough alignment to ensure safe PC-relative loads
asm/code/code_0800C0.s:17657: Warning: section does not have enough alignment to ensure safe PC-relative loads
asm/code/code_0780C0.s:18067: Warning: section does not have enough alignment to ensure safe PC-relative loads
asm/code/code_0780C0.s:18095: Warning: section does not have enough alignment to ensure safe PC-relative loads
asm/code/code_0800C0.s:17668: Warning: section does not have enough alignment to ensure safe PC-relative loads
asm/code/code_0800C0.s:17678: Warning: section does not have enough alignment to ensure safe PC-relative loads
asm/code/code_0780C0.s:18141: Warning: section does not have enough alignment to ensure safe PC-relative loads
asm/code/code_0800C0.s:17696: Warning: section does not have enough alignment to ensure safe PC-relative loads
asm/code/code_0800C0.s:17702: Warning: section does not have enough alignment to ensure safe PC-relative loads
asm/code/code_0780C0.s:18165: Warning: section does not have enough alignment to ensure safe PC-relative loads
asm/code/code_0800C0.s:17733: Warning: section does not have enough alignment to ensure safe PC-relative loads
asm/code/code_0800C0.s:17785: Warning: section does not have enough alignment to ensure safe PC-relative loads
asm/code/code_0800C0.s:17803: Warning: section does not have enough alignment to ensure safe PC-relative loads
asm/code/code_0800C0.s:17849: Warning: section does not have enough alignment to ensure safe PC-relative loads
asm/code/code_0800C0.s:17855: Warning: section does not have enough alignment to ensure safe PC-relative loads
asm/code/code_0800C0.s:18047: Warning: section does not have enough alignment to ensure safe PC-relative loads
asm/code/code_0800C0.s:18051: Warning: section does not have enough alignment to ensure safe PC-relative loads
asm/code/code_0800C0.s:18095: Warning: section does not have enough alignment to ensure safe PC-relative loads
asm/code/code_0800C0.s:18111: Warning: section does not have enough alignment to ensure safe PC-relative loads
asm/code/code_0800C0.s:18123: Warning: section does not have enough alignment to ensure safe PC-relative loads
asm/code/code_0800C0.s:18169: Warning: section does not have enough alignment to ensure safe PC-relative loads
AS      asm/code/code_0B80C0.s
AS      asm/code/code_0C00C0.s
AS      asm/code/code_0C80C0.s
AS      asm/code/code_0D00C0.s
AS      asm/code/code_0D80C0.s
AS      asm/code/code_0E00C0.s
AS      asm/code/code_0E80C0.s
AS      asm/code/code_0F00C0.s
AS      asm/code/code_0F80C0.s
AS      asm/code/code_1000C0.s
AS      asm/code/code_1080C0.s
AS      asm/code/code_1100C0.s
AS      asm/code/code_1180C0.s
AS      asm/code/code_1200C0.s
AS      asm/code/code_1280C0.s
AS      asm/code/code_1300C0.s
AS      asm/code/code_1380C0.s
AS      asm/code/code_1480C0.s
AS      asm/code/code_1400C0.s
AS      asm/code/code_1500C0.s
AS      asm/code/code_1580C0.s
AS      asm/code/code_1600C0.s
AS      asm/code/code_1680C0.s
AS      asm/code/code_1700C0.s
AS      asm/code/code_1780C0.s
AS      asm/code/code_1800C0.s
AS      asm/code/code_1880C0.s
AS      asm/code/code_1900C0.s
AS      asm/code/code_1980C0.s
AS      asm/code/code_1A00C0.s
asm/code/code_1A00C0.s: Assembler messages:
asm/code/code_1A00C0.s:300: Warning: use of r13 is deprecated
asm/code/code_1A00C0.s:6139: Warning: use of r13 is deprecated
asm/code/code_1A00C0.s:6842: Warning: use of r13 is deprecated
asm/code/code_1A00C0.s:1329: Warning: section does not have enough alignment to ensure safe PC-relative loads
asm/code/code_1A00C0.s:1342: Warning: section does not have enough alignment to ensure safe PC-relative loads
asm/code/code_1A00C0.s:1354: Warning: section does not have enough alignment to ensure safe PC-relative loads
asm/code/code_1A00C0.s:1361: Warning: section does not have enough alignment to ensure safe PC-relative loads
asm/code/code_1A00C0.s:1418: Warning: section does not have enough alignment to ensure safe PC-relative loads
asm/code/code_1A00C0.s:1822: Warning: section does not have enough alignment to ensure safe PC-relative loads
asm/code/code_1A00C0.s:1831: Warning: section does not have enough alignment to ensure safe PC-relative loads
asm/code/code_1A00C0.s:2024: Warning: section does not have enough alignment to ensure safe PC-relative loads
asm/code/code_1A00C0.s:2129: Warning: section does not have enough alignment to ensure safe PC-relative loads
asm/code/code_1A00C0.s:2133: Warning: section does not have enough alignment to ensure safe PC-relative loads
asm/code/code_1A00C0.s:2135: Warning: section does not have enough alignment to ensure safe PC-relative loads
asm/code/code_1A00C0.s:2708: Warning: section does not have enough alignment to ensure safe PC-relative loads
asm/code/code_1A00C0.s:2743: Warning: section does not have enough alignment to ensure safe PC-relative loads
asm/code/code_1A00C0.s:2775: Warning: section does not have enough alignment to ensure safe PC-relative loads
asm/code/code_1A00C0.s:4666: Warning: section does not have enough alignment to ensure safe PC-relative loads
asm/code/code_1A00C0.s:4667: Warning: section does not have enough alignment to ensure safe PC-relative loads
asm/code/code_1A00C0.s:4676: Warning: section does not have enough alignment to ensure safe PC-relative loads
asm/code/code_1A00C0.s:4678: Warning: section does not have enough alignment to ensure safe PC-relative loads
asm/code/code_1A00C0.s:4683: Warning: section does not have enough alignment to ensure safe PC-relative loads
asm/code/code_1A00C0.s:5124: Warning: section does not have enough alignment to ensure safe PC-relative loads
asm/code/code_1A00C0.s:5131: Warning: section does not have enough alignment to ensure safe PC-relative loads
asm/code/code_1A00C0.s:5135: Warning: section does not have enough alignment to ensure safe PC-relative loads
asm/code/code_1A00C0.s:5139: Warning: section does not have enough alignment to ensure safe PC-relative loads
asm/code/code_1A00C0.s:5153: Warning: section does not have enough alignment to ensure safe PC-relative loads
asm/code/code_1A00C0.s:5157: Warning: section does not have enough alignment to ensure safe PC-relative loads
asm/code/code_1A00C0.s:5170: Warning: section does not have enough alignment to ensure safe PC-relative loads
asm/code/code_1A00C0.s:5175: Warning: section does not have enough alignment to ensure safe PC-relative loads
asm/code/code_1A00C0.s:10320: Warning: section does not have enough alignment to ensure safe PC-relative loads
asm/code/code_1A00C0.s:10466: Warning: section does not have enough alignment to ensure safe PC-relative loads
asm/code/code_1A00C0.s:11194: Warning: section does not have enough alignment to ensure safe PC-relative loads
asm/code/code_1A00C0.s:11204: Warning: section does not have enough alignment to ensure safe PC-relative loads
asm/code/code_1A00C0.s:11443: Warning: section does not have enough alignment to ensure safe PC-relative loads
asm/code/code_1A00C0.s:11526: Warning: section does not have enough alignment to ensure safe PC-relative loads
asm/code/code_1A00C0.s:11844: Warning: section does not have enough alignment to ensure safe PC-relative loads
asm/code/code_1A00C0.s:12000: Warning: section does not have enough alignment to ensure safe PC-relative loads
asm/code/code_1A00C0.s:12225: Warning: section does not have enough alignment to ensure safe PC-relative loads
asm/code/code_1A00C0.s:12337: Warning: section does not have enough alignment to ensure safe PC-relative loads
asm/code/code_1A00C0.s:12344: Warning: section does not have enough alignment to ensure safe PC-relative loads
asm/code/code_1A00C0.s:12348: Warning: section does not have enough alignment to ensure safe PC-relative loads
asm/code/code_1A00C0.s:12354: Warning: section does not have enough alignment to ensure safe PC-relative loads
asm/code/code_1A00C0.s:12747: Warning: section does not have enough alignment to ensure safe PC-relative loads
asm/code/code_1A00C0.s:12751: Warning: section does not have enough alignment to ensure safe PC-relative loads
asm/code/code_1A00C0.s:12752: Warning: section does not have enough alignment to ensure safe PC-relative loads
asm/code/code_1A00C0.s:12754: Warning: section does not have enough alignment to ensure safe PC-relative loads
asm/code/code_1A00C0.s:12765: Warning: section does not have enough alignment to ensure safe PC-relative loads
asm/code/code_1A00C0.s:12939: Warning: section does not have enough alignment to ensure safe PC-relative loads
AS      asm/code/code_1A80C0.s
asm/code/code_1A80C0.s: Assembler messages:
asm/code/code_1A80C0.s:1872: Warning: value stored for r5 is UNKNOWN
asm/code/code_1A80C0.s:2972: Warning: value stored for r1 is UNKNOWN
asm/code/code_1A80C0.s:3626: Warning: value stored for r1 is UNKNOWN
asm/code/code_1A80C0.s:3631: Warning: value stored for r1 is UNKNOWN
asm/code/code_1A80C0.s:3638: Warning: value stored for r1 is UNKNOWN
asm/code/code_1A80C0.s:3643: Warning: value stored for r1 is UNKNOWN
asm/code/code_1A80C0.s:3650: Warning: value stored for r1 is UNKNOWN
asm/code/code_1A80C0.s:3883: Warning: use of r13 is deprecated
asm/code/code_1A80C0.s:4601: Warning: use of r13 is deprecated
asm/code/code_1A80C0.s:7748: Warning: use of r13 is deprecated
asm/code/code_1A80C0.s:8434: Warning: value stored for r3 is UNKNOWN
asm/code/code_1A80C0.s:8567: Warning: value stored for r4 is UNKNOWN
asm/code/code_1A80C0.s:8581: Warning: value stored for r4 is UNKNOWN
asm/code/code_1A80C0.s:8597: Warning: value stored for r4 is UNKNOWN
asm/code/code_1A80C0.s:8627: Warning: value stored for r5 is UNKNOWN
asm/code/code_1A80C0.s:8658: Warning: value stored for r5 is UNKNOWN
asm/code/code_1A80C0.s:8686: Warning: value stored for r5 is UNKNOWN
asm/code/code_1A80C0.s:8728: Warning: value stored for r5 is UNKNOWN
asm/code/code_1A80C0.s:9150: Warning: value stored for r3 is UNKNOWN
asm/code/code_1A80C0.s:185: Warning: section does not have enough alignment to ensure safe PC-relative loads
asm/code/code_1A80C0.s:282: Warning: section does not have enough alignment to ensure safe PC-relative loads
asm/code/code_1A80C0.s:627: Warning: section does not have enough alignment to ensure safe PC-relative loads
asm/code/code_1A80C0.s:2320: Warning: section does not have enough alignment to ensure safe PC-relative loads
asm/code/code_1A80C0.s:2795: Warning: section does not have enough alignment to ensure safe PC-relative loads
asm/code/code_1A80C0.s:2908: Warning: section does not have enough alignment to ensure safe PC-relative loads
asm/code/code_1A80C0.s:3005: Warning: section does not have enough alignment to ensure safe PC-relative loads
asm/code/code_1A80C0.s:3014: Warning: section does not have enough alignment to ensure safe PC-relative loads
asm/code/code_1A80C0.s:3121: Warning: section does not have enough alignment to ensure safe PC-relative loads
asm/code/code_1A80C0.s:3475: Warning: section does not have enough alignment to ensure safe PC-relative loads
asm/code/code_1A80C0.s:3485: Warning: section does not have enough alignment to ensure safe PC-relative loads
asm/code/code_1A80C0.s:3493: Warning: section does not have enough alignment to ensure safe PC-relative loads
asm/code/code_1A80C0.s:3508: Warning: section does not have enough alignment to ensure safe PC-relative loads
asm/code/code_1A80C0.s:3692: Warning: section does not have enough alignment to ensure safe PC-relative loads
asm/code/code_1A80C0.s:3762: Warning: section does not have enough alignment to ensure safe PC-relative loads
asm/code/code_1A80C0.s:3800: Warning: section does not have enough alignment to ensure safe PC-relative loads
asm/code/code_1A80C0.s:3814: Warning: section does not have enough alignment to ensure safe PC-relative loads
asm/code/code_1A80C0.s:3831: Warning: section does not have enough alignment to ensure safe PC-relative loads
asm/code/code_1A80C0.s:3832: Warning: section does not have enough alignment to ensure safe PC-relative loads
asm/code/code_1A80C0.s:3897: Warning: section does not have enough alignment to ensure safe PC-relative loads
asm/code/code_1A80C0.s:3927: Warning: section does not have enough alignment to ensure safe PC-relative loads
asm/code/code_1A80C0.s:3931: Warning: section does not have enough alignment to ensure safe PC-relative loads
asm/code/code_1A80C0.s:4094: Warning: section does not have enough alignment to ensure safe PC-relative loads
asm/code/code_1A80C0.s:4118: Warning: section does not have enough alignment to ensure safe PC-relative loads
asm/code/code_1A80C0.s:4130: Warning: section does not have enough alignment to ensure safe PC-relative loads
asm/code/code_1A80C0.s:4477: Warning: section does not have enough alignment to ensure safe PC-relative loads
asm/code/code_1A80C0.s:4631: Warning: section does not have enough alignment to ensure safe PC-relative loads
asm/code/code_1A80C0.s:4634: Warning: section does not have enough alignment to ensure safe PC-relative loads
asm/code/code_1A80C0.s:4636: Warning: section does not have enough alignment to ensure safe PC-relative loads
asm/code/code_1A80C0.s:4827: Warning: section does not have enough alignment to ensure safe PC-relative loads
asm/code/code_1A80C0.s:4830: Warning: section does not have enough alignment to ensure safe PC-relative loads
asm/code/code_1A80C0.s:4837: Warning: section does not have enough alignment to ensure safe PC-relative loads
asm/code/code_1A80C0.s:4846: Warning: section does not have enough alignment to ensure safe PC-relative loads
asm/code/code_1A80C0.s:5323: Warning: section does not have enough alignment to ensure safe PC-relative loads
asm/code/code_1A80C0.s:5350: Warning: section does not have enough alignment to ensure safe PC-relative loads
asm/code/code_1A80C0.s:6928: Warning: section does not have enough alignment to ensure safe PC-relative loads
asm/code/code_1A80C0.s:7713: Warning: section does not have enough alignment to ensure safe PC-relative loads
asm/code/code_1A80C0.s:7718: Warning: section does not have enough alignment to ensure safe PC-relative loads
asm/code/code_1A80C0.s:7790: Warning: section does not have enough alignment to ensure safe PC-relative loads
asm/code/code_1A80C0.s:7791: Warning: section does not have enough alignment to ensure safe PC-relative loads
asm/code/code_1A80C0.s:7811: Warning: section does not have enough alignment to ensure safe PC-relative loads
asm/code/code_1A80C0.s:7812: Warning: section does not have enough alignment to ensure safe PC-relative loads
asm/code/code_1A80C0.s:7813: Warning: section does not have enough alignment to ensure safe PC-relative loads
asm/code/code_1A80C0.s:8512: Warning: section does not have enough alignment to ensure safe PC-relative loads
asm/code/code_1A80C0.s:8514: Warning: section does not have enough alignment to ensure safe PC-relative loads
asm/code/code_1A80C0.s:8520: Warning: section does not have enough alignment to ensure safe PC-relative loads
asm/code/code_1A80C0.s:8731: Warning: section does not have enough alignment to ensure safe PC-relative loads
asm/code/code_1A80C0.s:8738: Warning: section does not have enough alignment to ensure safe PC-relative loads
asm/code/code_1A80C0.s:8744: Warning: section does not have enough alignment to ensure safe PC-relative loads
asm/code/code_1A80C0.s:8748: Warning: section does not have enough alignment to ensure safe PC-relative loads
asm/code/code_1A80C0.s:8754: Warning: section does not have enough alignment to ensure safe PC-relative loads
asm/code/code_1A80C0.s:8767: Warning: section does not have enough alignment to ensure safe PC-relative loads
AS      asm/data/data_1B2BB6.s
AS      asm/data/data_1B0720.s
AS      asm/data/data_1B0000.s
AS      asm/data/data_1C3D40.s
AS      asm/data/data_1CF7A1.s
AS      asm/data/data_1C9E00.s
AS      asm/data/data_1CF7B0.s
AS      asm/data/data_1CF8F0.s
AS      asm/data/data_1D17B0.s
AS      asm/data/data_1D3670.s
AS      asm/data/data_1D5530.s
AS      asm/data/data_1D73F0.s
AS      asm/data/data_1DCF70.s
AS      asm/data/data_1DA1B0.s
AS      asm/data/data_1DFD30.s
AS      asm/data/data_1E2AF0.s
AS      asm/data/data_1EEC70.s
AS      asm/data/data_1E8BB0.s
AS      asm/data/data_1F4D30.s
AS      asm/data/data_1FADF0.s
AS      asm/data/data_200EB0.s
AS      asm/data/data_206F70.s
AS      asm/data/data_20D030.s
AS      asm/data/data_2130F0.s
AS      asm/data/data_2191B0.s
AS      asm/data/data_21F270.s
AS      asm/data/data_225330.s
AS      asm/data/data_22B3F0.s
AS      asm/data/data_2314B0.s
AS      asm/data/data_237570.s
AS      asm/data/data_23BF12.s
AS      asm/data/data_23BF20.s
AS      asm/data/data_23C000.s
AS      asm/data/data_23DEC0.s
AS      asm/data/data_23FD80.s
AS      asm/data/data_241C40.s
AS      asm/data/data_243B00.s
AS      asm/data/data_2468C0.s
AS      asm/data/data_249680.s
AS      asm/data/data_24C440.s
AS      asm/data/data_24F200.s
AS      asm/data/data_2552C0.s
AS      asm/data/data_261440.s
AS      asm/data/data_25B380.s
AS      asm/data/data_267500.s
AS      asm/data/data_26D5C0.s
AS      asm/data/data_273680.s
AS      asm/data/data_279740.s
AS      asm/data/data_27F800.s
AS      asm/data/data_2858C0.s
AS      asm/data/data_291A40.s
AS      asm/data/data_28B980.s
AS      asm/data/data_297B00.s
AS      asm/data/data_29DBC0.s
AS      asm/data/data_2A3C80.s
AS      asm/data/data_2A8908.s
AS      asm/data/data_2A8910.s
AS      asm/data/data_2A89D0.s
AS      asm/data/data_2AA890.s
AS      asm/data/data_2AC750.s
AS      asm/data/data_2AE610.s
AS      asm/data/data_2B04D0.s
AS      asm/data/data_2B3290.s
AS      asm/data/data_2B6050.s
AS      asm/data/data_2B8E10.s
AS      asm/data/data_2BBBD0.s
AS      asm/data/data_2C1C90.s
AS      asm/data/data_2C7D50.s
AS      asm/data/data_2CDE10.s
AS      asm/data/data_2D3ED0.s
AS      asm/data/data_2D9F90.s
AS      asm/data/data_2E0050.s
AS      asm/data/data_2E6110.s
AS      asm/data/data_2EC1D0.s
AS      asm/data/data_2F2290.s
AS      asm/data/data_2F8350.s
AS      asm/data/data_2FE410.s
AS      asm/data/data_3044D0.s
AS      asm/data/data_30A590.s
AS      asm/data/data_310650.s
AS      asm/data/data_313D8A.s
AS      asm/data/data_313D90.s
AS      asm/data/data_313DF0.s
AS      asm/data/data_315CB0.s
AS      asm/data/data_319A30.s
AS      asm/data/data_317B70.s
AS      asm/data/data_31B8F0.s
AS      asm/data/data_31E6B0.s
AS      asm/data/data_321470.s
AS      asm/data/data_324230.s
AS      asm/data/data_326FF0.s
AS      asm/data/data_32D0B0.s
AS      asm/data/data_333170.s
AS      asm/data/data_339230.s
AS      asm/data/data_3453B0.s
AS      asm/data/data_33F2F0.s
AS      asm/data/data_34B470.s
AS      asm/data/data_351530.s
AS      asm/data/data_3575F0.s
AS      asm/data/data_35D6B0.s
AS      asm/data/data_369830.s
AS      asm/data/data_363770.s
AS      asm/data/data_36F8F0.s
AS      asm/data/data_3759B0.s
AS      asm/data/data_37772F.s
AS      asm/data/data_377730.s
AS      asm/data/data_377750.s
AS      asm/data/data_378010.s
AS      asm/data/data_378951.s
AS      asm/data/data_378960.s
AS      asm/data/data_378980.s
AS      asm/data/data_379240.s
AS      asm/data/data_37B323.s
AS      asm/data/data_37B330.s
AS      asm/data/data_37B350.s
AS      asm/data/data_37BC10.s
AS      asm/data/data_37C692.s
AS      asm/data/data_37C6A0.s
AS      asm/data/data_37C6C0.s
AS      asm/data/data_37CF80.s
AS      asm/data/data_37F2B7.s
AS      asm/data/data_37F2C0.s
AS      asm/data/data_37F2E0.s
AS      asm/data/data_37FBA0.s
AS      asm/data/data_380FB8.s
AS      asm/data/data_380FC0.s
AS      asm/data/data_380FE0.s
AS      asm/data/data_3818A0.s
AS      asm/data/data_3835C5.s
AS      asm/data/data_3835D0.s
AS      asm/data/data_3835F0.s
AS      asm/data/data_383EB0.s
AS      asm/data/data_386CF4.s
AS      asm/data/data_386D00.s
AS      asm/data/data_386D60.s
AS      asm/data/data_387560.s
AS      asm/data/data_387D60.s
AS      asm/data/data_38AC5A.s
AS      asm/data/data_38AC60.s
AS      asm/data/data_38ACC0.s
AS      asm/data/data_38B4C0.s
AS      asm/data/data_38BCC0.s
AS      asm/data/data_38C4C0.s
AS      asm/data/data_38CEF4.s
AS      asm/data/data_38CF00.s
AS      asm/data/data_38CF60.s
AS      asm/data/data_38D760.s
AS      asm/data/data_38E8D0.s
AS      asm/data/data_38ECB0.s
AS      asm/data/data_38F050.s
AS      asm/data/data_38F0E0.s
AS      asm/data/data_38FFA0.s
AS      asm/data/data_390630.s
AS      asm/data/data_390930.s
AS      asm/data/data_391C50.s
AS      asm/data/data_3926A0.s
AS      asm/data/data_392F90.s
AS      asm/data/data_393820.s
AS      asm/data/data_3946F0.s
AS      asm/data/data_395070.s
AS      asm/data/data_396870.s
AS      asm/data/data_3972D0.s
AS      asm/data/data_398110.s
AS      asm/data/data_399F10.s
AS      asm/data/data_39A2F0.s
AS      asm/data/data_39A6B0.s
AS      asm/data/data_39AF50.s
AS      asm/data/data_39B390.s
AS      asm/data/data_39C170.s
AS      asm/data/data_39C7A0.s
AS      asm/data/data_39CD30.s
AS      asm/data/data_39CD90.s
AS      asm/data/data_39CF30.s
AS      asm/data/data_39D060.s
AS      asm/data/data_39D0C0.s
AS      asm/data/data_39D120.s
AS      asm/data/data_39D250.s
AS      asm/data/data_39D420.s
AS      asm/data/data_39D600.s
AS      asm/data/data_39D6A0.s
AS      asm/data/data_39D700.s
AS      asm/data/data_39D760.s
AS      asm/data/data_39D890.s
AS      asm/data/data_39D8F0.s
AS      asm/data/data_39D950.s
AS      asm/data/data_39D9B0.s
AS      asm/data/data_39DA50.s
AS      asm/data/data_39DAB0.s
AS      asm/data/data_39DB50.s
AS      asm/data/data_39DBB0.s
AS      asm/data/data_39DC10.s
AS      asm/data/data_39DC70.s
AS      asm/data/data_39DD70.s
AS      asm/data/data_39DDD0.s
AS      asm/data/data_39DED0.s
AS      asm/data/data_39E690.s
AS      asm/data/data_39EAF0.s
AS      asm/data/data_39F3B0.s
AS      asm/data/data_39FFD0.s
AS      asm/data/data_5683C0.s
AS      asm/data/data_569F30.s
AS      asm/data/data_569C00.s
AS      asm/data/data_56A220.s
AS      asm/data/data_56A280.s
AS      asm/data/data_56A600.s
AS      asm/data/data_56A8B0.s
AS      asm/data/data_56B610.s
AS      asm/data/data_56B6D0.s
AS      asm/data/data_56BED0.s
AS      asm/data/data_56BFA0.s
AS      asm/data/data_56C3F0.s
AS      asm/data/data_56DB30.s
AS      asm/data/data_56E58E.s
AS      asm/data/data_56E590.s
AS      asm/data/data_56E5B0.s
AS      asm/data/data_570763.s
AS      asm/data/data_56EE70.s
AS      asm/data/data_570770.s
AS      asm/data/data_570790.s
AS      asm/data/data_571050.s
AS      asm/data/data_572165.s
AS      asm/data/data_572170.s
AS      asm/data/data_572190.s
AS      asm/data/data_572A50.s
AS      asm/data/data_573300.s
AS      asm/data/data_575070.s
AS      asm/data/data_5744D0.s
AS      asm/data/data_5756C0.s
AS      asm/data/data_575950.s
AS      asm/data/data_5761B0.s
AS      asm/data/data_5783A0.s
AS      asm/data/data_579FF0.s
AS      asm/data/data_57AA40.s
AS      asm/data/data_57B2A0.s
AS      asm/data/data_57E690.s
AS      asm/data/data_582B20.s
AS      asm/data/data_583970.s
AS      asm/data/data_5841D0.s
AS      asm/data/data_588620.s
AS      asm/data/data_58DAE0.s
AS      asm/data/data_58ED30.s
AS      asm/data/data_58F590.s
AS      asm/data/data_594A70.s
AS      asm/data/data_59A3B0.s
AS      asm/data/data_59BAF0.s
AS      asm/data/data_59BE70.s
AS      asm/data/data_59D2D0.s
AS      asm/data/data_59E020.s
AS      asm/data/data_5A62B0.s
AS      asm/data/data_5A6FA0.s
AS      asm/data/data_5AA28A.s
AS      asm/data/data_5AA290.s
AS      asm/data/data_5AA2B0.s
AS      asm/data/data_5AAB70.s
AS      asm/data/data_5ABAA3.s
AS      asm/data/data_5ABAB0.s
AS      asm/data/data_5ABAD0.s
AS      asm/data/data_5AC390.s
AS      asm/data/data_5AC9A0.s
AS      asm/data/data_5AD530.s
AS      asm/data/data_5AE230.s
AS      asm/data/data_5AEAF0.s
AS      asm/data/data_791060.s
AS      asm/data/data_793140.s
AS      asm/data/data_7952D0.s
AS      asm/data/data_796110.s
AS      asm/data/data_796E90.s
AS      asm/data/data_7992B0.s
AS      asm/data/data_7983F0.s
AS      asm/data/data_799570.s
AS      asm/data/data_79A490.s
AS      asm/data/data_79ACF0.s
AS      asm/data/data_79B340.s
AS      asm/data/data_79BB10.s
AS      asm/data/data_79BF50.s
AS      asm/data/data_79C3B0.s
AS      asm/data/data_79C870.s
AS      asm/data/data_79D720.s
AS      asm/data/data_79E2E0.s
AS      asm/data/data_79EB60.s
AS      asm/data/data_79EFA0.s
AS      asm/data/data_79FA20.s
AS      asm/data/data_7A01E0.s
AS      asm/data/data_7A0780.s
AS      asm/data/data_7A0DB0.s
AS      asm/data/data_7A1170.s
AS      asm/data/data_7A1BF0.s
AS      asm/data/data_7A2280.s
AS      asm/data/data_7A32E0.s
AS      asm/data/data_7A3AE0.s
AS      asm/data/data_7A43F0.s
AS      asm/data/data_7A4880.s
AS      asm/data/data_7A5270.s
AS      asm/data/data_7A6020.s
AS      asm/data/data_7A6550.s
AS      asm/data/data_7A6870.s
AS      asm/data/data_7A6AE0.s
AS      asm/data/data_7A6D10.s
AS      asm/data/data_7A7520.s
AS      asm/data/data_7A77B0.s
AS      asm/data/data_7A8C20.s
AS      asm/data/data_7A9B40.s
AS      asm/data/data_7AA9B0.s
AS      asm/data/data_7AC390.s
AS      asm/data/data_7AC750.s
AS      asm/data/data_7ADD20.s
AS      asm/data/data_7AE570.s
AS      asm/data/data_7AF030.s
AS      asm/data/data_7AFA20.s
AS      asm/data/data_7B05E0.s
AS      asm/data/data_7B0990.s
AS      asm/data/data_7B1000.s
AS      asm/data/data_7B16B0.s
AS      asm/data/data_7B19E0.s
AS      asm/data/data_7B1E60.s
AS      asm/data/data_7B20C0.s
AS      asm/data/data_7B2370.s
AS      asm/data/data_7B2970.s
AS      asm/data/data_7B2E20.s
AS      asm/data/data_7B36D0.s
AS      asm/data/data_7B43A0.s
AS      asm/data/data_7B4A40.s
AS      asm/data/data_7B52B0.s
AS      asm/data/data_7B5D50.s
AS      asm/data/data_7B7680.s
AS      asm/data/data_7B8820.s
AS      asm/data/data_7B96A0.s
AS      asm/data/data_7B9C80.s
AS      asm/data/data_7BA990.s
AS      asm/data/data_7CA370.s
AS      asm/data/data_7CA760.s
AS      asm/data/data_7CCDBA.s
AS      asm/data/data_7CCDC0.s
AS      asm/data/data_7CCE20.s
AS      asm/data/data_7CDE20.s
AS      asm/data/data_7CEE20.s
AS      asm/data/data_7CFE20.s
AS      asm/data/data_7D0E20.s
AS      asm/data/data_7D1E20.s
AS      asm/data/data_7D2E20.s
AS      asm/data/data_7D3E20.s
AS      asm/data/data_7D4E20.s
AS      asm/data/data_7D611A.s
AS      asm/data/data_7D6120.s
AS      asm/data/data_7D6180.s
AS      asm/data/data_7D6980.s
AS      asm/data/data_7D7180.s
AS      asm/data/data_7D7980.s
AS      asm/data/data_7D8180.s
AS      asm/data/data_7D8980.s
AS      asm/data/data_7D9180.s
AS      asm/data/data_7D9980.s
AS      asm/data/data_7DA180.s
AS      asm/data/data_7DA980.s
AS      asm/data/data_7DC77B.s
AS      asm/data/data_7DC780.s
AS      asm/data/data_7DC7E0.s
AS      asm/data/data_7DCFE0.s
AS      asm/data/data_7DDFE0.s
AS      asm/data/data_7DD7E0.s
AS      asm/data/data_7DE7E0.s
AS      asm/data/data_7DEFE0.s
AS      asm/data/data_7DF7E0.s
AS      asm/data/data_7DFFE0.s
AS      asm/data/data_7E07E0.s
AS      asm/data/data_7E2814.s
AS      asm/data/data_7E2820.s
AS      asm/data/data_7E2880.s
AS      asm/data/data_7E3080.s
AS      asm/data/data_7E3880.s
AS      asm/data/data_7E4080.s
AS      asm/data/data_7E4880.s
AS      asm/data/data_7E5080.s
AS      asm/data/data_7E5880.s
AS      asm/data/data_7E6880.s
AS      asm/data/data_7E6080.s
AS      asm/data/data_7E76B2.s
AS      asm/data/data_7E76C0.s
AS      asm/data/data_7E7720.s
AS      asm/data/data_7E7F20.s
AS      asm/data/data_7E8720.s
AS      asm/data/data_7E8F20.s
AS      asm/data/data_7E9720.s
AS      asm/data/data_7EAEB8.s
AS      asm/data/data_7EAF20.s
AS      asm/data/data_7EAEC0.s
AS      asm/data/data_7EBF20.s
AS      asm/data/data_7EB720.s
AS      asm/data/data_7EC720.s
AS      asm/data/data_7ECF20.s
AS      asm/data/data_7ED720.s
AS      asm/data/data_7EDF20.s
AS      asm/data/data_7EE720.s
AS      asm/data/data_7EEF20.s
AS      asm/data/data_7EFF20.s
AS      asm/data/data_7EF720.s
AS      asm/data/data_7F0720.s
AS      asm/data/data_7F0F20.s
AS      asm/data/data_7F1720.s
AS      asm/data/data_7F1F20.s
AS      asm/data/data_7F3B27.s
AS      asm/data/data_7F3B30.s
AS      asm/data/data_7F3B50.s
AS      asm/data/data_7F4410.s
AS      asm/data/data_7F4500.s
AS      asm/data/data_7F4A20.s
AS      asm/data/data_7F4E00.s
AS      asm/data/data_7F5F20.s
AS      asm/data/data_7F60D0.s
AS      asm/data/data_7F6E20.s
AS      asm/data/data_7F79A0.s
AS      asm/data/data_7F8230.s
AS      asm/data/data_7F85E0.s
AS      asm/data/data_7F9730.s
AS      asm/data/data_7F9E60.s
AS      asm/data/data_7FA990.s
AS      asm/data/data_7FB040.s
AS      asm/data/data_7FB650.s
AS      asm/data/data_7FC900.s
AS      asm/data/data_7FDB00.s
AS      asm/data/data_7FE4B0.s
AS      asm/data/data_7FF440.s
AS      asm/data/data_7FF470.s
AS      asm/data/data_800690.s
AS      asm/data/data_800870.s
AS      asm/data/data_8011A0.s
AS      asm/data/data_802080.s
AS      asm/data/data_802AF0.s
AS      asm/data/data_803E00.s
AS      asm/data/data_804A40.s
AS      asm/data/data_8051C0.s
AS      asm/data/data_8051F0.s
AS      asm/data/data_805970.s
AS      asm/data/data_8060F0.s
AS      asm/data/data_8069A0.s
AS      asm/data/data_807130.s
AS      asm/data/data_807780.s
AS      asm/data/data_8088C0.s
AS      asm/data/data_8095E0.s
AS      asm/data/data_809980.s
AS      asm/data/data_80A2F0.s
AS      asm/data/data_80B2D0.s
AS      asm/data/data_80D170.s
AS      asm/data/data_80D650.s
AS      asm/data/data_80D8F0.s
AS      asm/data/data_80DBB0.s
AS      asm/data/data_80E1D0.s
AS      asm/data/data_80E430.s
AS      asm/data/data_80E740.s
AS      asm/data/data_80E970.s
AS      asm/data/data_80F210.s
AS      asm/data/data_80F2A0.s
AS      asm/data/data_80F4F0.s
AS      asm/data/data_80FAB0.s
AS      asm/data/data_810F40.s
AS      asm/data/data_811890.s
AS      asm/data/data_812890.s
AS      asm/data/data_813A70.s
AS      asm/data/data_813E60.s
AS      asm/data/data_814430.s
AS      asm/data/data_814720.s
AS      asm/data/data_8147C0.s
AS      asm/data/data_814B30.s
AS      asm/data/data_8161EF.s
AS      asm/data/data_8161F0.s
AS      asm/data/data_816210.s
AS      asm/data/data_816AD0.s
AS      asm/data/data_817B90.s
AS      asm/data/data_818470.s
AS      asm/data/data_817BB0.s
AS      asm/data/data_819C20.s
AS      asm/data/data_819C80.s
AS      asm/data/data_81A480.s
AS      asm/data/data_81AC80.s
AS      asm/data/data_81B480.s
AS      asm/data/data_81BC80.s
AS      asm/data/data_81C2D0.s
AS      asm/data/data_81C5D0.s
AS      asm/data/data_81D0F0.s
AS      asm/data/data_81DB60.s
AS      asm/data/data_81DFF0.s
AS      asm/data/data_81EE80.s
AS      asm/data/data_81F020.s
AS      asm/data/data_81F7C0.s
AS      asm/data/data_824A1E.s
AS      asm/data/data_824A20.s
AS      asm/data/data_824B20.s
AS      asm/data/data_85ABE0.s
AS      asm/data/data_85AF20.s
AS      asm/data/data_860BE0.s
AS      asm/data/data_860D20.s
AS      asm/data/data_8667E0.s
AS      asm/data/data_86C1B1.s
AS      asm/data/data_866A30.s
AS      asm/data/data_86C1C0.s
AS      asm/data/data_86C300.s
AS      asm/data/data_86F3C0.s
AS      asm/data/data_86F4C0.s
AS      asm/data/data_875AC9.s
AS      asm/data/data_875AD0.s
AS      asm/data/data_875C10.s
AS      asm/data/data_8804D0.s
AS      asm/data/data_8807C0.s
AS      asm/data/data_886880.s
AS      asm/data/data_886A30.s
AS      asm/data/data_88CAF0.s
AS      asm/data/data_88CD20.s
AS      asm/data/data_892240.s
AS      asm/data/data_8989FC.s
AS      asm/data/data_898A00.s
AS      asm/data/data_898B20.s
AS      asm/data/data_89EBE0.s
AS      asm/data/data_89EDE0.s
AS      asm/data/data_8A4ACD.s
AS      asm/data/data_8A4AD0.s
AS      asm/data/data_8A4C10.s
AS      asm/data/data_8AACD0.s
AS      asm/data/data_8AAE30.s
AS      asm/data/data_8CD330.s
AS      asm/data/data_8CD520.s
AS      asm/data/data_8D54A0.s
AS      asm/data/data_8D56F0.s
AS      asm/data/data_8DBD44.s
AS      asm/data/data_8DBD50.s
AS      asm/data/data_8DBE90.s
AS      asm/data/data_8E1F50.s
AS      asm/data/data_8E2070.s
AS      asm/data/data_8E6275.s
AS      asm/data/data_8E6280.s
AS      asm/data/data_8E63C0.s
AS      asm/data/data_8EC480.s
AS      asm/data/data_8F24DD.s
AS      asm/data/data_8F24E0.s
AS      asm/data/data_8F2620.s
AS      asm/data/data_93A6E0.s
AS      asm/data/data_93ABF0.s
AS      asm/data/data_93F7F9.s
AS      asm/data/data_93F800.s
AS      asm/data/data_93F920.s
AS      asm/data/data_94B9E0.s
AS      asm/data/data_94BD50.s
AS      asm/data/data_951D8A.s
AS      asm/data/data_951D90.s
AS      asm/data/data_951E70.s
AS      asm/data/data_95BB30.s
AS      asm/data/data_95BE20.s
AS      asm/data/data_961BA3.s
AS      asm/data/data_961BB0.s
AS      asm/data/data_961CD0.s
AS      asm/data/data_963B90.s
AS      asm/data/data_963D60.s
AS      asm/data/data_969D9A.s
AS      asm/data/data_969DA0.s
AS      asm/data/data_969E80.s
AS      asm/data/data_96CF40.s
AS      asm/data/data_96D060.s
AS      asm/data/data_980D20.s
AS      asm/data/data_980DC0.s
AS      asm/data/data_9859FF.s
AS      asm/data/data_985A00.s
AS      asm/data/data_985AC0.s
AS      asm/data/data_988880.s
AS      asm/data/data_98E8F2.s
AS      asm/data/data_988960.s
AS      asm/data/data_98E900.s
AS      asm/data/data_98EA20.s
AS      asm/data/data_9926A0.s
AS      asm/data/data_992740.s
AS      asm/data/data_997B0A.s
AS      asm/data/data_997B10.s
AS      asm/data/data_997B90.s
AS      asm/data/data_A11130.s
AS      asm/data/data_A11790.s
AS      asm/data/data_A16AC5.s
AS      asm/data/data_A16AD0.s
AS      asm/data/data_A16BD0.s
AS      asm/data/data_A1CC90.s
AS      asm/data/data_A1CE60.s
AS      asm/data/data_A22A31.s
AS      asm/data/data_A22A40.s
AS      asm/data/data_A22B80.s
AS      asm/data/data_A329C0.s
AS      asm/data/data_A32DD0.s
AS      asm/data/data_A376D2.s
AS      asm/data/data_A376E0.s
AS      asm/data/data_A377E0.s
AS      asm/data/data_A3A2A0.s
AS      asm/data/data_A3A480.s
AS      asm/data/data_A4031F.s
AS      asm/data/data_A40320.s
AS      asm/data/data_A40460.s
AS      asm/data/data_A47120.s
AS      asm/data/data_A473C0.s
AS      asm/data/data_A4CCAC.s
AS      asm/data/data_A4CCB0.s
AS      asm/data/data_A4CDD0.s
AS      asm/data/data_A52E90.s
AS      asm/data/data_A531A0.s
AS      asm/data/data_A53290.s
AS      asm/data/data_A58D45.s
AS      asm/data/data_A58D50.s
AS      asm/data/data_A58E10.s
AS      asm/data/data_A5D6D0.s
AS      asm/data/data_A5D7C0.s
AS      asm/data/data_A63230.s
AS      asm/data/data_A63370.s
AS      asm/data/data_A6F430.s
AS      asm/data/data_A6F830.s
AS      asm/data/data_A74372.s
AS      asm/data/data_A74380.s
AS      asm/data/data_A74460.s
AS      asm/data/data_A97320.s
AS      asm/data/data_A97750.s
AS      asm/data/data_AC3010.s
AS      asm/data/data_AC888F.s
AS      asm/data/data_AC3390.s
AS      asm/data/data_AC8890.s
AS      asm/data/data_AC89D0.s
AS      asm/data/data_AEA690.s
AS      asm/data/data_AEA9D0.s
AS      asm/data/data_AF05B8.s
AS      asm/data/data_AF05C0.s
AS      asm/data/data_AF37C0.s
AS      asm/data/data_AF0700.s
AS      asm/data/data_AF3A60.s
AS      asm/data/data_AF9C6C.s
AS      asm/data/data_AF9C70.s
AS      asm/data/data_AF9DB0.s
AS      asm/data/data_B1EA70.s
AS      asm/data/data_B1EC50.s
AS      asm/data/data_B4ED10.s
AS      asm/data/data_B4F220.s
AS      asm/data/data_BC72E0.s
AS      asm/data/data_BC7780.s
AS      asm/data/data_BCD519.s
AS      asm/data/data_BCD660.s
AS      asm/data/data_BCD520.s
AS      asm/data/data_BD9120.s
AS      asm/data/data_BD9410.s
AS      asm/data/data_BDE717.s
AS      asm/data/data_BDE720.s
AS      asm/data/data_BDE7E0.s
AS      asm/data/data_C06B90.s
AS      asm/data/data_C06ED0.s
AS      asm/data/data_C0CDAF.s
AS      asm/data/data_C0CDB0.s
AS      asm/data/data_C0CEF0.s
AS      asm/data/data_C183B0.s
AS      asm/data/data_C185B0.s
AS      asm/data/data_C5AC70.s
AS      asm/data/data_C5B020.s
AS      asm/data/data_CB8D10.s
AS      asm/data/data_CB9310.s
AS      asm/data/data_CC8B50.s
AS      asm/data/data_CC8CC0.s
AS      asm/data/data_CCB832.s
AS      asm/data/data_CCB840.s
AS      asm/data/data_CCB8A0.s
AS      asm/data/data_CCD160.s
AS      asm/data/data_D04D20.s
AS      asm/data/data_D05060.s
AS      asm/data/data_D11120.s
AS      asm/data/data_D112B0.s
AS      asm/data/data_D49A70.s
AS      asm/data/data_D49D50.s
AS      asm/data/data_D49D66.s
AS      asm/data/data_D49D70.s
AS      asm/data/data_D49D90.s
AS      asm/data/data_D4B650.s
AS      asm/data/data_D4D74C.s
AS      asm/data/data_D4D750.s
AS      asm/data/data_D4D770.s
AS      asm/data/data_D4E030.s
AS      asm/data/data_D4E455.s
AS      asm/data/data_D4E460.s
AS      asm/data/data_D4E480.s
AS      asm/data/data_D4F540.s
AS      asm/data/data_D510B5.s
AS      asm/data/data_D510C0.s
AS      asm/data/data_D51120.s
AS      asm/data/data_D51220.s
AS      asm/data/data_D51280.s
AS      asm/data/data_D52B7B.s
AS      asm/data/data_D52B80.s
AS      asm/data/data_D52BE0.s
AS      asm/data/data_D52CE0.s
AS      asm/data/data_D52DE0.s
AS      asm/data/data_D52EE0.s
AS      asm/data/data_D55DA7.s
AS      asm/data/data_D55DB0.s
AS      asm/data/data_D55E10.s
AS      asm/data/data_D56610.s
AS      asm/data/data_D56E10.s
AS      asm/data/data_D57610.s
AS      asm/data/data_D57E10.s
AS      asm/data/data_D58610.s
AS      asm/data/data_D58E10.s
AS      asm/data/data_D5AB90.s
AS      asm/data/data_D5ABF0.s
AS      asm/data/data_D5CBF0.s
AS      asm/data/data_D5E49B.s
AS      asm/data/data_D5E4A0.s
AS      asm/data/data_D5E500.s
AS      asm/data/data_D5E600.s
AS      asm/data/data_D5E700.s
AS      asm/data/data_D5E800.s
AS      asm/data/data_D600C0.s
AS      asm/data/data_D61980.s
AS      asm/data/data_D63240.s
AS      asm/data/data_D64B00.s
AS      asm/data/data_D67C80.s
AS      asm/data/data_D663C0.s
AS      asm/data/data_D69540.s
AS      asm/data/data_D6AE00.s
AS      asm/data/data_D6C6C0.s
AS      asm/data/data_D6C9C0.s
AS      asm/data/data_D6CCE0.s
AS      asm/data/data_D6D0C0.s
AS      asm/data/data_D6D350.s
AS      asm/data/data_D6D6E0.s
AS      asm/data/data_D6EAB0.s
AS      asm/data/data_D72769.s
AS      asm/data/data_D72770.s
AS      asm/data/data_D727D0.s
AS      asm/data/data_D736A0.s
AS      asm/data/data_D76E63.s
AS      asm/data/data_D76E70.s
AS      asm/data/data_D76ED0.s
AS      asm/data/data_D77DA0.s
AS      asm/data/data_D7BD73.s
AS      asm/data/data_D7BD80.s
AS      asm/data/data_D7BDE0.s
AS      asm/data/data_D7CCB0.s
AS      asm/data/data_D80082.s
AS      asm/data/data_D80090.s
AS      asm/data/data_D80150.s
AS      asm/data/data_D81890.s
AS      asm/data/data_D83CA2.s
AS      asm/data/data_D83CB0.s
AS      asm/data/data_D83DF0.s
AS      asm/data/data_D856B0.s
AS      asm/data/data_D87F5C.s
AS      asm/data/data_D87F60.s
AS      asm/data/data_D880A0.s
AS      asm/data/data_D89960.s
AS      asm/data/data_D8D07A.s
AS      asm/data/data_D8D080.s
AS      asm/data/data_D8D1C0.s
AS      asm/data/data_D8EA80.s
AS      asm/data/data_D8FF99.s
AS      asm/data/data_D8FFA0.s
AS      asm/data/data_D900E0.s
AS      asm/data/data_D919A0.s
AS      asm/data/data_D91C80.s
AS      asm/data/data_D9529D.s
AS      asm/data/data_D952A0.s
AS      asm/data/data_D952C0.s
AS      asm/data/data_D95B80.s
AS      asm/data/data_D979B0.s
AS      asm/data/data_D979D0.s
AS      asm/data/data_D98290.s
AS      asm/data/data_D986CA.s
AS      asm/data/data_D986D0.s
AS      asm/data/data_D986F0.s
AS      asm/data/data_D98FB0.s
AS      asm/data/data_D9A5C4.s
AS      asm/data/data_D9A5D0.s
AS      asm/data/data_D9A5F0.s
AS      asm/data/data_D9AEB0.s
AS      asm/data/data_D9C217.s
AS      asm/data/data_D9C220.s
AS      asm/data/data_D9C240.s
AS      asm/data/data_D9CB00.s
AS      asm/data/data_D9F944.s
AS      asm/data/data_D9F9B0.s
AS      asm/data/data_D9F950.s
AS      asm/data/data_DA01B0.s
AS      asm/data/data_DA09B0.s
AS      asm/data/data_DA0D30.s
AS      asm/data/data_DA10C0.s
AS      asm/data/data_DA13F0.s
AS      asm/data/data_DA1730.s
AS      asm/data/data_DA1CB0.s
AS      asm/data/data_DA1FF0.s
AS      asm/data/data_DA2370.s
AS      asm/data/data_DA3577.s
AS      asm/data/data_DA3580.s
AS      asm/data/data_DA35E0.s
AS      asm/data/data_DA36E0.s
AS      asm/data/data_DA37E0.s
AS      asm/data/data_DA38E0.s
AS      asm/data/data_DA39E0.s
AS      asm/data/data_DA4BE7.s
AS      asm/data/data_DA4BF0.s
AS      asm/data/data_DA4C50.s
AS      asm/data/data_DA5050.s
AS      asm/data/data_DA5450.s
AS      asm/data/data_DA5850.s
AS      asm/data/data_DA5C50.s
AS      asm/data/data_DA80AC.s
AS      asm/data/data_DA80B0.s
AS      asm/data/data_DA80D0.s
AS      asm/data/data_DA8990.s
AS      asm/data/data_DA9BC4.s
AS      asm/data/data_DA9BF0.s
AS      asm/data/data_DA9BD0.s
AS      asm/data/data_DAA4B0.s
AS      asm/data/data_DAB3D4.s
AS      asm/data/data_DAB3E0.s
AS      asm/data/data_DAB440.s
AS      asm/data/data_DABC40.s
AS      asm/data/data_DAE9E3.s
AS      asm/data/data_DAE9F0.s
AS      asm/data/data_DAEA50.s
AS      asm/data/data_DB0A50.s
AS      asm/data/data_DB2A50.s
AS      asm/data/data_DB2E10.s
AS      asm/data/data_DB33A0.s
AS      asm/data/data_DB5778.s
AS      asm/data/data_DB5780.s
AS      asm/data/data_DB57A0.s
AS      asm/data/data_DB6060.s
AS      asm/data/data_DB89C9.s
AS      asm/data/data_DB89D0.s
AS      asm/data/data_DB89F0.s
AS      asm/data/data_DB92B0.s
AS      asm/data/data_DB9D37.s
AS      asm/data/data_DB9D40.s
AS      asm/data/data_DB9D60.s
AS      asm/data/data_DBA620.s
AS      asm/data/data_DBC95D.s
AS      asm/data/data_DBC960.s
AS      asm/data/data_DBD240.s
AS      asm/data/data_DBC980.s
AS      asm/data/data_DBFA01.s
AS      asm/data/data_DBFA10.s
AS      asm/data/data_DBFA30.s
AS      asm/data/data_DC02F0.s
AS      asm/data/data_DC0800.s
AS      asm/data/data_DC0E10.s
AS      asm/data/data_DC1400.s
AS      asm/data/data_DC0ED0.s
AS      asm/data/data_DC14C0.s
AS      asm/data/data_DC15B0.s
AS      asm/data/data_DC1750.s
AS      asm/data/data_DC1AB0.s
AS      asm/data/data_DC1C50.s
AS      asm/data/data_DC1B70.s
AS      asm/data/data_DC1D60.s
AS      asm/data/data_DC2040.s
AS      asm/data/data_DC2100.s
AS      asm/data/data_DC22F0.s
AS      asm/data/data_DC28B0.s
AS      asm/data/data_DC2C80.s
AS      asm/data/data_DC2D70.s
AS      asm/data/data_DC2E50.s
AS      asm/data/data_DC3060.s
AS      asm/data/data_DC3180.s
AS      asm/data/data_DC3320.s
AS      asm/data/data_DC34A0.s
AS      asm/data/data_DC35E0.s
AS      asm/data/data_DC45B0.s
AS      asm/data/data_DC46B0.s
AS      asm/data/data_DC4870.s
AS      asm/data/data_DC6130.s
AS      asm/data/data_DC4E80.s
AS      asm/data/data_DC62A0.s
AS      asm/data/data_DC6C70.s
AS      asm/data/data_DC6E00.s
AS      asm/data/data_DC7A00.s
AS      asm/data/data_DC7CA0.s
AS      asm/data/data_DC7D60.s
AS      asm/data/data_DC8210.s
AS      asm/data/data_DC8080.s
AS      asm/data/data_DCAFB3.s
AS      asm/data/data_DCAFC0.s
AS      asm/data/data_DCB020.s
AS      asm/data/data_DCD020.s
AS      asm/data/data_DCF020.s
AS      asm/data/data_DD0394.s
AS      asm/data/data_DD03A0.s
AS      asm/data/data_DD03C0.s
AS      asm/data/data_DD0C80.s
AS      asm/data/data_DD1D10.s
AS      asm/data/data_DD1D30.s
AS      asm/data/data_DD25F0.s
AS      asm/data/data_DD3624.s
AS      asm/data/data_DD3630.s
AS      asm/data/data_DD3650.s
AS      asm/data/data_DD3F10.s
AS      asm/data/data_DD60F6.s
AS      asm/data/data_DD6100.s
AS      asm/data/data_DD6120.s
AS      asm/data/data_DD69E0.s
AS      asm/data/data_F12390.s
AS      asm/data/data_F12490.s
AS      asm/data/data_F12590.s
AS      asm/data/data_F12C30.s
AS      asm/data/data_F13560.s
AS      asm/data/data_F13460.s
AS      asm/data/data_F135F0.s
AS      asm/data/data_F13DD0.s
AS      asm/data/data_F195C0.s
AS      asm/data/data_F19970.s
AS      asm/data/data_F19AA0.s
AS      asm/data/data_F1A300.s
AS      asm/data/data_F1A2FB.s
AS      asm/data/data_F1A320.s
AS      asm/data/data_F1ABE0.s
AS      asm/data/data_F1B027.s
AS      asm/data/data_F1B030.s
AS      asm/data/data_F1B050.s
AS      asm/data/data_F1B910.s
AS      asm/data/data_F1E649.s
AS      asm/data/data_F1E650.s
AS      asm/data/data_F1E690.s
AS      asm/data/data_F1EF50.s
AS      asm/data/data_F21395.s
AS      asm/data/data_F213A0.s
AS      asm/data/data_F21420.s
AS      asm/data/data_F21CE0.s
AS      asm/data/data_F23E20.s
AS      asm/data/data_F25C70.s
AS      asm/data/data_F25C90.s
AS      asm/data/data_F26550.s
AS      asm/data/data_F27607.s
AS      asm/data/data_F27610.s
AS      asm/data/data_F27630.s
AS      asm/data/data_F27EF0.s
AS      asm/data/data_F28410.s
AS      asm/data/data_F68410.s
AS      asm/data/data_FA8410.s
AS      asm/data/data_FE2C20.s
AS      asm/data/data_FE3420.s
AS      asm/data/data_FFFF00.s
LD      build/mar.elf
OBJCOPY mar.gba
